日期,开盘,收盘,最高,最低,成交量,成交额,振幅,涨跌幅,涨跌额,换手率
2022-01-04,1.153,1.166,1.173,1.153,264432.0,308327.712,,,,0.0
2022-01-05,1.168,1.165,1.17,1.157,200599.0,233697.83500000002,1.114922813036012,-0.08576329331045907,-0.0009999999999998899,0.0
2022-01-06,1.165,1.17,1.174,1.149,277409.0,324568.52999999997,2.145922746781108,0.42918454935620964,0.004999999999999893,0.0
2022-01-07,1.171,1.172,1.188,1.171,413710.0,484868.12,1.452991452991445,0.17094017094017033,0.0020000000000000018,0.0
2022-01-10,1.174,1.187,1.188,1.17,844062.0,1001901.594,1.5358361774744043,1.2798634812286824,0.015000000000000124,0.0
2022-01-11,1.193,1.199,1.204,1.187,509556.0,610957.6440000001,1.4321819713563524,1.0109519797809607,0.01200000000000001,0.0
2022-01-12,1.2,1.19,1.214,1.177,435199.0,517886.81,3.0859049207672995,-0.7506255212677337,-0.009000000000000119,0.0
2022-01-13,1.19,1.185,1.2,1.181,403665.0,478343.025,1.5966386554621772,-0.42016806722687816,-0.004999999999999893,0.0
2022-01-14,1.184,1.16,1.184,1.159,365897.0,424440.51999999996,2.1097046413502034,-2.1097046413502185,-0.025000000000000133,0.0
2022-01-17,1.155,1.165,1.169,1.151,268241.0,312500.765,1.551724137931036,0.4310344827586299,0.0050000000000001155,0.0
2022-01-18,1.164,1.178,1.183,1.159,342891.0,403925.598,2.060085836909873,1.1158798283261717,0.0129999999999999,0.0
2022-01-19,1.186,1.189,1.194,1.18,270470.0,321588.83,1.1884550084889656,0.9337860780984863,0.01100000000000012,0.0
2022-01-20,1.187,1.183,1.199,1.178,246344.0,291424.952,1.766190075693871,-0.5046257359125339,-0.006000000000000005,0.0
2022-01-21,1.183,1.172,1.183,1.166,341553.0,400300.116,1.4370245139476014,-0.9298393913778624,-0.01100000000000012,0.0
2022-01-24,1.171,1.167,1.174,1.155,339441.0,396127.647,1.6211604095563061,-0.426621160409546,-0.004999999999999893,0.0
2022-01-25,1.165,1.117,1.165,1.115,495561.0,553541.637,4.2844901456726685,-4.28449014567267,-0.050000000000000044,0.0
2022-01-26,1.117,1.123,1.126,1.11,430792.0,483779.416,1.4324082363473405,0.5371530886302711,0.006000000000000005,0.0
2022-01-27,1.121,1.109,1.125,1.107,322143.0,357256.587,1.602849510240429,-1.2466607301869992,-0.014000000000000012,0.0
2022-01-28,1.113,1.11,1.114,1.089,365863.0,406107.93000000005,2.25428313796214,0.0901713255184955,0.001000000000000112,0.0
2022-02-07,1.113,1.133,1.134,1.112,332160.0,376337.28,1.9819819819819635,2.072072072072073,0.02299999999999991,0.0
2022-02-08,1.134,1.165,1.166,1.134,414473.0,482861.04500000004,2.8243601059135064,2.824360105913515,0.03200000000000003,0.0
2022-02-09,1.168,1.171,1.177,1.161,434442.0,508731.582,1.3733905579399153,0.5150214592274605,0.006000000000000005,0.0
2022-02-10,1.171,1.187,1.188,1.156,350871.0,416483.87700000004,2.7327070879590116,1.366353543979515,0.016000000000000014,0.0
2022-02-11,1.187,1.185,1.2,1.183,300055.0,355565.175,1.4321819713563524,-0.16849199663016012,-0.0020000000000000018,0.0
2022-02-14,1.18,1.162,1.181,1.159,425622.0,494572.76399999997,1.8565400843881874,-1.9409282700422081,-0.02300000000000013,0.0
2022-02-15,1.164,1.155,1.165,1.146,359003.0,414648.465,1.6351118760757428,-0.6024096385542133,-0.006999999999999895,0.0
2022-02-16,1.159,1.17,1.171,1.159,294230.0,344249.1,1.0389610389610398,1.298701298701288,0.014999999999999902,0.0
2022-02-17,1.171,1.165,1.172,1.16,265294.0,309067.51,1.0256410256410267,-0.42735042735041473,-0.004999999999999893,0.0
2022-02-18,1.162,1.189,1.19,1.16,387346.0,460554.39400000003,2.5751072961373414,2.060085836909864,0.02400000000000002,0.0
2022-02-21,1.19,1.2,1.201,1.182,226847.0,272216.39999999997,1.5979814970563606,0.9251471825062918,0.010999999999999899,0.0
2022-02-22,1.191,1.187,1.197,1.178,266753.0,316635.811,1.5833333333333441,-1.083333333333325,-0.0129999999999999,0.0
2022-02-23,1.188,1.185,1.189,1.175,216782.0,256886.67,1.1794439764111213,-0.16849199663016012,-0.0020000000000000018,0.0
2022-02-24,1.183,1.157,1.184,1.146,270122.0,312531.154,3.2067510548523233,-2.362869198312234,-0.028000000000000025,0.0
2022-02-25,1.164,1.153,1.174,1.148,293210.0,338071.13,2.247191011235957,-0.34572169403630504,-0.0040000000000000036,0.0
2022-02-28,1.153,1.154,1.154,1.137,259769.0,299773.426,1.4744145706851608,0.08673026886383273,0.0009999999999998899,0.0
2022-03-01,1.154,1.169,1.17,1.151,302155.0,353219.195,1.6464471403812746,1.299826689774708,0.015000000000000124,0.0
2022-03-02,1.167,1.178,1.179,1.164,247781.0,291886.018,1.2831479897348266,0.7698887938408783,0.008999999999999897,0.0
2022-03-03,1.18,1.192,1.194,1.179,256911.0,306237.912,1.2733446519524536,1.1884550084889645,0.014000000000000012,0.0
2022-03-04,1.187,1.184,1.194,1.172,256719.0,303955.296,1.8456375838926193,-0.6711409395973145,-0.008000000000000007,0.0
2022-03-07,1.184,1.168,1.197,1.164,287606.0,335923.80799999996,2.7871621621621743,-1.3513513513513487,-0.016000000000000014,0.0
2022-03-08,1.166,1.125,1.166,1.12,360028.0,405031.5,3.938356164383546,-3.681506849315064,-0.04299999999999993,0.0
2022-03-09,1.125,1.103,1.138,1.058,488450.0,538760.35,7.111111111111097,-1.9555555555555548,-0.02200000000000002,0.0
2022-03-10,1.12,1.12,1.13,1.103,274920.0,307910.4,2.447869446962821,1.5412511332729029,0.017000000000000126,0.0
2022-03-11,1.113,1.128,1.129,1.087,315895.0,356329.55999999994,3.7500000000000027,0.7142857142856895,0.007999999999999785,0.0
2022-03-14,1.103,1.105,1.135,1.1,282331.0,311975.755,3.1028368794326173,-2.039007092198575,-0.02299999999999991,0.0
2022-03-15,1.096,1.007,1.096,1.006,453356.0,456529.49199999997,8.144796380090504,-8.868778280543,-0.09800000000000009,0.0
2022-03-16,1.02,1.045,1.048,0.986,337738.0,352936.20999999996,6.156901688182727,3.7735849056603765,0.038000000000000034,0.0
2022-03-17,1.058,1.069,1.083,1.053,281545.0,300971.605,2.8708133971291896,2.2966507177033524,0.02400000000000002,0.0
2022-03-18,1.067,1.101,1.102,1.062,216302.0,238148.502,3.741814780168385,2.9934518241347075,0.03200000000000003,0.0
2022-03-21,1.101,1.106,1.112,1.091,229479.0,253803.77400000003,1.9073569482288948,0.4541326067211804,0.0050000000000001155,0.0
2022-03-22,1.106,1.131,1.137,1.099,302130.0,341709.03,3.4358047016274895,2.2603978300180794,0.02499999999999991,0.0
2022-03-23,1.13,1.136,1.14,1.118,237942.0,270302.11199999996,1.9451812555260652,0.4420866489831976,0.004999999999999893,0.0
2022-03-24,1.135,1.131,1.137,1.124,211072.0,238722.432,1.1443661971830899,-0.4401408450704136,-0.004999999999999893,0.0
2022-03-25,1.129,1.131,1.147,1.125,248358.0,280892.898,1.9451812555260846,0.0,0.0,0.0
2022-03-28,1.129,1.147,1.152,1.116,281559.0,322948.173,3.1830238726790285,1.4146772767462457,0.016000000000000014,0.0
2022-03-29,1.145,1.143,1.15,1.135,253304.0,289526.472,1.3077593722754928,-0.34873583260680574,-0.0040000000000000036,0.0
2022-03-30,1.147,1.159,1.161,1.142,289991.0,336099.569,1.6622922134733271,1.3998250218722585,0.016000000000000014,0.0
2022-03-31,1.156,1.179,1.189,1.156,316853.0,373569.68700000003,2.8472821397756807,1.7256255392579911,0.020000000000000018,0.0
2022-04-01,1.173,1.193,1.195,1.17,322063.0,384221.15900000004,2.120441051738773,1.187446988973706,0.014000000000000012,0.0
2022-04-06,1.192,1.217,1.218,1.188,292123.0,355513.69100000005,2.514668901927915,2.011735121542335,0.02400000000000002,0.0
2022-04-07,1.216,1.188,1.216,1.188,354091.0,420660.108,2.3007395234182435,-2.3829087921117598,-0.029000000000000137,0.0
2022-04-08,1.186,1.205,1.205,1.172,315294.0,379929.27,2.7777777777777897,1.4309764309764494,0.017000000000000126,0.0
2022-04-11,1.204,1.175,1.204,1.169,325314.0,382243.95,2.9045643153526903,-2.4896265560165998,-0.030000000000000027,0.0
2022-04-12,1.175,1.165,1.18,1.152,308123.0,358963.295,2.3829787234042574,-0.8510638297872353,-0.010000000000000009,0.0
2022-04-13,1.167,1.165,1.184,1.15,292906.0,341235.49,2.91845493562232,0.0,0.0,0.0
2022-04-14,1.169,1.197,1.203,1.166,284590.0,340654.23000000004,3.1759656652360633,2.746781115879826,0.03200000000000003,0.0
2022-04-15,1.191,1.192,1.215,1.185,340811.0,406246.712,2.506265664160403,-0.41771094402673903,-0.0050000000000001155,0.0
2022-04-18,1.189,1.169,1.189,1.167,348963.0,407937.74700000003,1.8456375838926193,-1.9295302013422777,-0.02299999999999991,0.0
2022-04-19,1.169,1.189,1.19,1.16,310849.0,369599.461,2.566295979469634,1.7108639863130826,0.020000000000000018,0.0
2022-04-20,1.187,1.145,1.187,1.14,382509.0,437972.805,3.95290159798151,-3.700588730025234,-0.04400000000000004,0.0
2022-04-21,1.145,1.118,1.152,1.111,324818.0,363146.52400000003,3.580786026200867,-2.358078602620084,-0.026999999999999913,0.0
2022-04-22,1.113,1.13,1.138,1.099,325998.0,368377.74,3.4883720930232487,1.0733452593917558,0.011999999999999789,0.0
2022-04-25,1.119,1.072,1.119,1.061,480871.0,515493.71200000006,5.132743362831863,-5.132743362831849,-0.05799999999999983,0.0
2022-04-26,1.07,1.031,1.07,1.028,527383.0,543731.8729999999,3.917910447761197,-3.824626865671654,-0.04100000000000015,0.0
2022-04-27,1.029,1.05,1.053,1.004,478620.0,502551.0,4.752667313288064,1.8428709990300884,0.019000000000000128,0.0
2022-04-28,1.05,1.061,1.069,1.039,371745.0,394421.445,2.8571428571428594,1.0476190476190306,0.010999999999999899,0.0
2022-04-29,1.061,1.1,1.1,1.061,441531.0,485684.10000000003,3.6757775683317764,3.675777568331773,0.039000000000000146,0.0
2022-05-05,1.1,1.11,1.114,1.095,295886.0,328433.46,1.7272727272727388,0.9090909090909038,0.010000000000000009,0.0
2022-05-06,1.097,1.077,1.097,1.071,355309.0,382667.793,2.342342342342344,-2.972972972972987,-0.03300000000000014,0.0
2022-05-09,1.06,1.076,1.08,1.06,311059.0,334699.484,1.8570102135561761,-0.09285051067779992,-0.0009999999999998899,0.0
2022-05-10,1.066,1.078,1.078,1.048,369245.0,398046.11000000004,2.7881040892193334,0.18587360594795044,0.0020000000000000018,0.0
2022-05-11,1.077,1.076,1.091,1.073,361712.0,389202.112,1.6697588126159568,-0.18552875695733162,-0.0020000000000000018,0.0
2022-05-12,1.077,1.074,1.086,1.062,397586.0,427007.364,2.2304832713754665,-0.18587360594795044,-0.0020000000000000018,0.0
2022-05-13,1.078,1.107,1.109,1.074,295210.0,326797.47,3.2588454376163796,3.0726256983240052,0.03299999999999992,0.0
2022-05-16,1.115,1.126,1.128,1.112,459623.0,517535.49799999996,1.4453477868111826,1.7163504968382925,0.018999999999999906,0.0
2022-05-17,1.119,1.116,1.124,1.102,359036.0,400684.17600000004,1.9538188277087052,-0.888099467140302,-0.009999999999999787,0.0
2022-05-18,1.115,1.108,1.115,1.101,352055.0,390076.94000000006,1.2544802867383524,-0.7168458781361964,-0.008000000000000007,0.0
2022-05-19,1.098,1.111,1.111,1.087,360792.0,400839.912,2.16606498194946,0.27075812274366395,0.0029999999999998916,0.0
2022-05-20,1.11,1.125,1.126,1.11,380946.0,428564.25,1.4401440144014215,1.2601260126012592,0.014000000000000012,0.0
2022-05-23,1.126,1.128,1.131,1.121,369236.0,416498.208,0.8888888888888897,0.2666666666666595,0.0029999999999998916,0.0
2022-05-24,1.128,1.096,1.13,1.096,394919.0,432831.22400000005,3.014184397163104,-2.8368794326240954,-0.031999999999999806,0.0
2022-05-25,1.096,1.116,1.117,1.09,367297.0,409903.45200000005,2.463503649635028,1.8248175182481674,0.020000000000000018,0.0
2022-05-26,1.116,1.131,1.135,1.109,411490.0,465395.19,2.329749103942654,1.3440860215053752,0.014999999999999902,0.0
2022-05-27,1.135,1.131,1.137,1.122,370141.0,418629.471,1.3262599469495935,0.0,0.0,0.0
2022-05-30,1.131,1.131,1.135,1.122,488598.0,552604.338,1.1494252873563129,0.0,0.0,0.0
2022-05-31,1.131,1.133,1.135,1.124,372374.0,421899.742,0.9725906277630326,0.17683465959328348,0.0020000000000000018,0.0
2022-06-01,1.132,1.139,1.141,1.126,342743.0,390384.277,1.323918799646966,0.5295675198587757,0.006000000000000005,0.0
2022-06-02,1.138,1.13,1.138,1.123,352138.0,397915.93999999994,1.3169446883230818,-0.7901668129938644,-0.009000000000000119,0.0
2022-06-06,1.127,1.134,1.135,1.121,304355.0,345138.56999999995,1.2389380530973464,0.3539823008849474,0.0040000000000000036,0.0
2022-06-07,1.134,1.14,1.144,1.129,269267.0,306964.37999999995,1.3227513227513141,0.5291005291005346,0.006000000000000005,0.0
2022-06-08,1.14,1.152,1.152,1.125,340105.0,391800.95999999996,2.368421052631571,1.0526315789473717,0.01200000000000001,0.0
2022-06-09,1.151,1.147,1.162,1.14,306049.0,351038.203,1.909722222222224,-0.4340277777777679,-0.004999999999999893,0.0
2022-06-10,1.142,1.16,1.163,1.136,315701.0,366213.16,2.353966870095914,1.1333914559720881,0.0129999999999999,0.0
2022-06-13,1.154,1.143,1.158,1.132,258308.0,295246.044,2.2413793103448296,-1.4655172413792994,-0.016999999999999904,0.0
2022-06-14,1.138,1.162,1.164,1.126,320402.0,372307.12399999995,3.3245844269466347,1.6622922134733153,0.018999999999999906,0.0
2022-06-15,1.161,1.161,1.185,1.158,413168.0,479688.048,2.32358003442342,-0.08605851979345269,-0.0009999999999998899,0.0
2022-06-16,1.161,1.143,1.171,1.139,330641.0,377922.663,2.7562446167097354,-1.5503875968992276,-0.018000000000000016,0.0
2022-06-17,1.141,1.144,1.145,1.126,289557.0,331253.208,1.6622922134733271,0.08748906386699673,0.0009999999999998899,0.0
2022-06-20,1.14,1.137,1.143,1.13,322770.0,366989.49,1.1363636363636471,-0.6118881118881037,-0.006999999999999895,0.0
2022-06-21,1.137,1.141,1.15,1.131,292202.0,333402.482,1.671064204045726,0.3518029903254227,0.0040000000000000036,0.0
2022-06-22,1.142,1.125,1.145,1.122,271852.0,305833.5,2.0157756354075294,-1.4022787028922012,-0.016000000000000014,0.0
2022-06-23,1.126,1.141,1.142,1.12,272444.0,310858.604,1.9555555555555375,1.4222222222222136,0.016000000000000014,0.0
2022-06-24,1.142,1.142,1.148,1.135,401222.0,458195.524,1.1393514460999037,0.08764241893075564,0.0009999999999998899,0.0
2022-06-27,1.153,1.156,1.159,1.144,335498.0,387835.68799999997,1.3134851138353876,1.2259194395796813,0.014000000000000012,0.0
2022-06-28,1.15,1.166,1.166,1.15,305268.0,355942.48799999995,1.3840830449827002,0.865051903114189,0.010000000000000009,0.0
2022-06-29,1.165,1.163,1.177,1.16,304635.0,354290.505,1.4579759862778838,-0.2572898799313772,-0.0029999999999998916,0.0
2022-06-30,1.163,1.168,1.171,1.161,422733.0,493752.144,0.8598452278589861,0.4299226139294898,0.004999999999999893,0.0
2022-07-01,1.167,1.17,1.173,1.158,250941.0,293600.97,1.2842465753424763,0.1712328767123239,0.0020000000000000018,0.0
2022-07-04,1.17,1.174,1.176,1.167,375818.0,441210.332,0.7692307692307605,0.34188034188034067,0.0040000000000000036,0.0
2022-07-05,1.174,1.178,1.185,1.167,296912.0,349762.33599999995,1.5332197614991496,0.34071550255536653,0.0040000000000000036,0.0
2022-07-06,1.176,1.152,1.176,1.142,376817.0,434093.18399999995,2.8862478777589162,-2.2071307300509324,-0.026000000000000023,0.0
2022-07-07,1.148,1.162,1.166,1.148,318292.0,369855.304,1.5625000000000013,0.868055555555558,0.010000000000000009,0.0
2022-07-08,1.161,1.165,1.172,1.161,262107.0,305354.655,0.9466437177280465,0.2581755593803914,0.0030000000000001137,0.0
2022-07-11,1.164,1.148,1.164,1.144,312601.0,358865.948,1.716738197424894,-1.459227467811175,-0.017000000000000126,0.0
2022-07-12,1.149,1.149,1.16,1.146,343389.0,394553.961,1.2195121951219525,0.08710801393729817,0.001000000000000112,0.0
2022-07-13,1.148,1.153,1.156,1.143,276081.0,318321.393,1.131418624891201,0.3481288076588429,0.0040000000000000036,0.0
2022-07-14,1.151,1.14,1.151,1.134,312460.0,356204.39999999997,1.47441457068518,-1.1274934952298477,-0.013000000000000123,0.0
2022-07-15,1.139,1.116,1.14,1.114,314455.0,350931.78,2.2807017543859476,-2.105263157894721,-0.0239999999999998,0.0
2022-07-18,1.116,1.143,1.144,1.116,270367.0,309029.481,2.5089605734766844,2.4193548387096753,0.026999999999999913,0.0
2022-07-19,1.143,1.148,1.151,1.139,238671.0,273994.30799999996,1.0498687664042003,0.43744531933507247,0.004999999999999893,0.0
2022-07-20,1.148,1.152,1.154,1.148,189684.0,218515.968,0.5226480836236939,0.34843205574912606,0.0040000000000000036,0.0
2022-07-21,1.152,1.138,1.152,1.137,265341.0,301958.05799999996,1.3020833333333248,-1.215277777777779,-0.014000000000000012,0.0
2022-07-22,1.138,1.13,1.139,1.121,313278.0,354004.13999999996,1.581722319859404,-0.702987697715296,-0.008000000000000007,0.0
2022-07-25,1.13,1.129,1.137,1.125,282332.0,318752.828,1.0619469026548682,-0.08849557522122575,-0.0009999999999998899,0.0
2022-07-26,1.129,1.147,1.149,1.125,339458.0,389358.326,2.125775022143492,1.5943312666076181,0.018000000000000016,0.0
2022-07-27,1.146,1.148,1.151,1.139,236941.0,272008.268,1.046207497820402,0.087183958151682,0.0009999999999998899,0.0
2022-07-28,1.149,1.155,1.156,1.149,356454.0,411704.37,0.6097560975609665,0.6097560975609762,0.007000000000000117,0.0
2022-07-29,1.155,1.145,1.16,1.142,324775.0,371867.375,1.5584415584415598,-0.8658008658008698,-0.010000000000000009,0.0
2022-08-01,1.144,1.149,1.151,1.135,316621.0,363797.529,1.3973799126637567,0.3493449781659441,0.0040000000000000036,0.0
2022-08-02,1.142,1.112,1.142,1.1,465379.0,517501.44800000003,3.655352480417738,-3.2201914708442025,-0.03699999999999992,0.0
2022-08-03,1.112,1.096,1.126,1.092,348962.0,382462.352,3.0575539568345147,-1.4388489208633115,-0.016000000000000014,0.0
2022-08-04,1.097,1.1,1.101,1.085,347456.0,382201.60000000003,1.4598540145985412,0.36496350364962904,0.0040000000000000036,0.0
2022-08-05,1.1,1.11,1.111,1.093,335065.0,371922.15,1.6363636363636376,0.9090909090909038,0.010000000000000009,0.0
2022-08-08,1.107,1.13,1.132,1.107,350812.0,396417.55999999994,2.2522522522522443,1.8018018018017834,0.019999999999999796,0.0
2022-08-09,1.13,1.135,1.137,1.126,326689.0,370792.015,0.973451327433639,0.4424778761062065,0.0050000000000001155,0.0
2022-08-10,1.13,1.13,1.135,1.126,320115.0,361729.94999999995,0.7929515418502308,-0.440528634361248,-0.0050000000000001155,0.0
2022-08-11,1.132,1.146,1.146,1.132,342062.0,392003.05199999997,1.2389380530973464,1.415929203539834,0.016000000000000014,0.0
2022-08-12,1.145,1.157,1.158,1.144,346873.0,401332.061,1.2216404886561967,0.9598603839441555,0.01100000000000012,0.0
2022-08-15,1.155,1.161,1.166,1.153,358287.0,415971.207,1.1235955056179687,0.34572169403630504,0.0040000000000000036,0.0
2022-08-16,1.159,1.166,1.17,1.159,310179.0,361668.714,0.947459086993962,0.4306632213608941,0.004999999999999893,0.0
2022-08-17,1.166,1.173,1.175,1.164,280907.0,329503.911,0.9433962264151047,0.6003430531732468,0.007000000000000117,0.0
2022-08-18,1.172,1.161,1.172,1.157,319439.0,370868.679,1.2787723785166156,-1.0230179028132946,-0.01200000000000001,0.0
2022-08-19,1.157,1.171,1.178,1.157,336338.0,393851.798,1.8087855297157542,0.8613264427217882,0.010000000000000009,0.0
2022-08-22,1.171,1.182,1.185,1.169,319353.0,377475.246,1.3663535439795058,0.9393680614858901,0.010999999999999899,0.0
2022-08-23,1.183,1.19,1.194,1.176,395017.0,470070.23,1.52284263959391,0.6768189509306355,0.008000000000000007,0.0
2022-08-24,1.19,1.165,1.194,1.164,310337.0,361542.60500000004,2.521008403361347,-2.1008403361344463,-0.02499999999999991,0.0
2022-08-25,1.166,1.191,1.192,1.166,402633.0,479535.90300000005,2.2317596566523625,2.2317596566523656,0.026000000000000023,0.0
2022-08-26,1.192,1.184,1.197,1.181,250967.0,297144.92799999996,1.3434089000839642,-0.5877413937867448,-0.007000000000000117,0.0
2022-08-29,1.178,1.196,1.198,1.167,352246.0,421286.21599999996,2.6182432432432363,1.0135135135135087,0.01200000000000001,0.0
2022-08-30,1.196,1.187,1.2,1.179,270021.0,320514.927,1.7558528428093567,-0.7525083612040073,-0.008999999999999897,0.0
2022-08-31,1.182,1.173,1.189,1.17,345224.0,404947.75200000004,1.6006739679865312,-1.1794439764111209,-0.014000000000000012,0.0
2022-09-01,1.173,1.182,1.198,1.172,338291.0,399859.962,2.216538789428817,0.7672634271099765,0.008999999999999897,0.0
2022-09-02,1.185,1.183,1.187,1.177,329434.0,389720.422,0.8460236886632835,0.08460236886633776,0.001000000000000112,0.0
2022-09-05,1.183,1.201,1.203,1.18,343950.0,413083.95,1.9442096365173398,1.5215553677092153,0.018000000000000016,0.0
2022-09-06,1.201,1.225,1.227,1.201,348690.0,427145.25000000006,2.164862614487929,1.9983347210657865,0.02400000000000002,0.0
2022-09-07,1.225,1.223,1.226,1.214,300487.0,367495.601,0.9795918367346947,-0.16326530612245094,-0.0020000000000000018,0.0
2022-09-08,1.218,1.218,1.224,1.211,280533.0,341689.194,1.0629599345870728,-0.40883074407196407,-0.0050000000000001155,0.0
2022-09-09,1.218,1.234,1.236,1.218,329807.0,406981.838,1.4778325123152722,1.3136288998357948,0.016000000000000014,0.0
2022-09-13,1.234,1.225,1.235,1.222,354223.0,433923.17500000005,1.053484602917352,-0.7293354943273878,-0.008999999999999897,0.0
2022-09-14,1.216,1.211,1.222,1.207,339474.0,411103.014,1.2244897959183594,-1.1428571428571455,-0.014000000000000012,0.0
2022-09-15,1.213,1.212,1.231,1.194,364057.0,441237.084,3.0553261767134714,0.08257638315440907,0.0009999999999998899,0.0
2022-09-16,1.219,1.165,1.219,1.164,451091.0,525521.015,4.5379537953795515,-3.8778877887788776,-0.04699999999999993,0.0
2022-09-19,1.158,1.165,1.172,1.152,366059.0,426458.735,1.716738197424894,0.0,0.0,0.0
2022-09-20,1.166,1.168,1.177,1.164,308678.0,360535.904,1.1158798283261908,0.2575107296137302,0.0029999999999998916,0.0
2022-09-21,1.167,1.181,1.184,1.154,293375.0,346475.875,2.568493150684934,1.1130136986301498,0.013000000000000123,0.0
2022-09-22,1.18,1.177,1.181,1.169,233490.0,274817.73000000004,1.0160880609652845,-0.3386960203217604,-0.0040000000000000036,0.0
2022-09-23,1.176,1.162,1.187,1.159,307125.0,356879.25,2.378929481733222,-1.2744265080713801,-0.015000000000000124,0.0
2022-09-26,1.158,1.14,1.161,1.135,307006.0,349986.83999999997,2.2375215146299503,-1.8932874354561147,-0.02200000000000002,0.0
2022-09-27,1.139,1.154,1.154,1.124,308560.0,356078.24,2.6315789473684044,1.2280701754386003,0.014000000000000012,0.0
2022-09-28,1.152,1.137,1.152,1.136,321949.0,366056.013,1.3864818024263446,-1.4731369150779772,-0.016999999999999904,0.0
2022-09-29,1.14,1.131,1.149,1.124,234350.0,265049.85,2.1987686895338534,-0.527704485488123,-0.006000000000000005,0.0
2022-09-30,1.131,1.139,1.15,1.128,319010.0,363352.39,1.9451812555260846,0.7073386383731117,0.008000000000000007,0.0
2022-10-10,1.14,1.135,1.159,1.13,370669.0,420709.315,2.54609306409132,-0.3511852502194879,-0.0040000000000000036,0.0
2022-10-11,1.135,1.132,1.137,1.113,502344.0,568653.4079999999,2.114537444933923,-0.2643171806167466,-0.0030000000000001137,0.0
2022-10-12,1.134,1.149,1.15,1.111,390171.0,448306.479,3.445229681978792,1.5017667844523075,0.017000000000000126,0.0
2022-10-13,1.147,1.14,1.148,1.124,390165.0,444788.1,2.088772845952985,-0.783289817232391,-0.009000000000000119,0.0
2022-10-14,1.145,1.156,1.161,1.142,349643.0,404187.30799999996,1.666666666666678,1.403508771929829,0.016000000000000014,0.0
2022-10-17,1.153,1.155,1.156,1.132,250812.0,289687.86,2.0761245674740505,-0.08650519031141446,-0.0009999999999998899,0.0
2022-10-18,1.154,1.156,1.163,1.15,267679.0,309436.924,1.1255411255411363,0.0865800865800681,0.0009999999999998899,0.0
2022-10-19,1.155,1.146,1.16,1.144,235212.0,269552.952,1.3840830449827002,-0.865051903114189,-0.010000000000000009,0.0
2022-10-20,1.143,1.132,1.147,1.128,358097.0,405365.80399999995,1.6579406631762765,-1.221640488656195,-0.014000000000000012,0.0
2022-10-21,1.133,1.138,1.147,1.132,327893.0,373142.23399999994,1.325088339222626,0.5300353356890497,0.006000000000000005,0.0
2022-10-24,1.138,1.114,1.145,1.104,415666.0,463051.92400000006,3.6028119507908545,-2.1089630931458547,-0.0239999999999998,0.0
2022-10-25,1.111,1.103,1.114,1.092,387044.0,426909.532,1.9748653500897682,-0.987432675044897,-0.01100000000000012,0.0
2022-10-26,1.11,1.103,1.113,1.096,424571.0,468301.81299999997,1.5412511332728833,0.0,0.0,0.0
2022-10-27,1.104,1.105,1.113,1.099,311947.0,344701.435,1.2692656391659123,0.18132366273799772,0.0020000000000000018,0.0
2022-10-28,1.104,1.07,1.104,1.064,423492.0,453136.44,3.6199095022624466,-3.1674208144796268,-0.03499999999999992,0.0
2022-10-31,1.066,1.048,1.066,1.044,415151.0,435078.248,2.0560747663551417,-2.0560747663551426,-0.02200000000000002,0.0
2022-11-01,1.048,1.068,1.068,1.045,394940.0,421795.92000000004,2.1946564885496307,1.9083969465648831,0.020000000000000018,0.0
2022-11-02,1.067,1.085,1.091,1.062,504443.0,547320.655,2.7153558052434374,1.5917602996254665,0.016999999999999904,0.0
2022-11-03,1.08,1.079,1.082,1.072,514267.0,554894.093,0.9216589861751161,-0.552995391705069,-0.006000000000000005,0.0
2022-11-04,1.073,1.103,1.11,1.073,514327.0,567302.681,3.4291010194624785,2.2242817423540284,0.02400000000000002,0.0
2022-11-07,1.1,1.115,1.12,1.098,501607.0,559291.805,1.994560290117862,1.0879419764279197,0.01200000000000001,0.0
2022-11-08,1.115,1.113,1.117,1.108,548484.0,610462.692,0.8071748878923676,-0.17937219730941312,-0.0020000000000000018,0.0
2022-11-09,1.113,1.117,1.127,1.113,461704.0,515723.368,1.2578616352201268,0.3593890386343279,0.0040000000000000036,0.0
2022-11-10,1.114,1.116,1.121,1.1,491298.0,548288.5680000001,1.8800358102059003,-0.08952551477170445,-0.0009999999999998899,0.0
2022-11-11,1.133,1.147,1.163,1.132,610578.0,700332.966,2.7777777777777897,2.777777777777768,0.030999999999999917,0.0
2022-11-14,1.15,1.149,1.174,1.146,538062.0,618233.238,2.4411508282476047,0.17436791630340842,0.0020000000000000018,0.0
2022-11-15,1.15,1.163,1.165,1.145,552051.0,642035.313,1.7406440382941706,1.2184508268059169,0.014000000000000012,0.0
2022-11-16,1.163,1.161,1.167,1.157,486439.0,564755.679,0.8598452278589861,-0.17196904557179593,-0.0020000000000000018,0.0
2022-11-17,1.156,1.152,1.157,1.143,692276.0,797501.9519999999,1.2058570198105092,-0.7751937984496249,-0.009000000000000119,0.0
2022-11-18,1.145,1.149,1.158,1.145,629950.0,723812.55,1.1284722222222137,-0.26041666666665186,-0.0029999999999998916,0.0
2022-11-21,1.146,1.144,1.146,1.129,585573.0,669895.512,1.479547432550035,-0.4351610095735481,-0.0050000000000001155,0.0
2022-11-22,1.143,1.147,1.158,1.139,551885.0,633012.095,1.6608391608391528,0.2622377622377714,0.0030000000000001137,0.0
2022-11-23,1.147,1.152,1.156,1.143,661340.0,761863.6799999999,1.1333914559720926,0.43591979075849885,0.004999999999999893,0.0
2022-11-24,1.156,1.162,1.164,1.153,523208.0,607967.696,0.9548611111111024,0.868055555555558,0.010000000000000009,0.0
2022-11-25,1.165,1.178,1.181,1.158,607698.0,715868.244,1.9793459552495811,1.376936316695354,0.016000000000000014,0.0
2022-11-28,1.171,1.173,1.175,1.154,591481.0,693807.213,1.7826825127334578,-0.4244482173174746,-0.004999999999999893,0.0
2022-11-29,1.181,1.216,1.217,1.181,639625.0,777784.0,3.0690537084399003,3.6658141517476484,0.04299999999999993,0.0
2022-11-30,1.216,1.208,1.227,1.205,573790.0,693138.32,1.8092105263157914,-0.6578947368421018,-0.008000000000000007,0.0
2022-12-01,1.226,1.203,1.226,1.201,567698.0,682940.694,2.0695364238410523,-0.41390728476820016,-0.004999999999999893,0.0
2022-12-02,1.203,1.197,1.203,1.19,552942.0,661871.574,1.0806317539484724,-0.4987531172069848,-0.006000000000000005,0.0
2022-12-05,1.204,1.217,1.222,1.203,615826.0,749460.2420000001,1.5873015873015792,1.670843776106934,0.020000000000000018,0.0
2022-12-06,1.214,1.211,1.218,1.206,544404.0,659273.2440000001,0.9860312243221043,-0.49301561216105183,-0.006000000000000005,0.0
2022-12-07,1.212,1.206,1.213,1.196,532141.0,641762.046,1.4037985136251134,-0.41288191577210087,-0.0050000000000001155,0.0
2022-12-08,1.205,1.209,1.214,1.201,535964.0,647980.476,1.0779436152570399,0.24875621890547706,0.0030000000000001137,0.0
2022-12-09,1.209,1.22,1.226,1.205,646861.0,789170.4199999999,1.7369727047146324,0.9098428453267138,0.010999999999999899,0.0
2022-12-12,1.219,1.2,1.22,1.198,703200.0,843840.0,1.8032786885245917,-1.6393442622950838,-0.020000000000000018,0.0
2022-12-13,1.2,1.196,1.2,1.19,569678.0,681334.8879999999,0.8333333333333341,-0.33333333333332993,-0.0040000000000000036,0.0
2022-12-14,1.196,1.188,1.2,1.186,531342.0,631234.296,1.170568561872911,-0.6688963210702337,-0.008000000000000007,0.0
2022-12-15,1.188,1.177,1.19,1.174,519172.0,611065.444,1.3468013468013482,-0.9259259259259189,-0.010999999999999899,0.0
2022-12-16,1.176,1.19,1.195,1.173,486007.0,578348.33,1.8691588785046744,1.1045029736618472,0.0129999999999999,0.0
2022-12-19,1.19,1.164,1.192,1.156,569253.0,662610.492,3.025210084033616,-2.1848739495798353,-0.026000000000000023,0.0
2022-12-20,1.16,1.148,1.163,1.143,559988.0,642866.2239999999,1.7182130584192454,-1.3745704467354014,-0.016000000000000014,0.0
2022-12-21,1.151,1.149,1.159,1.144,517885.0,595049.865,1.3066202090592445,0.08710801393729817,0.001000000000000112,0.0
2022-12-22,1.158,1.142,1.16,1.134,550713.0,628914.2459999999,2.262837249782421,-0.6092254134029695,-0.007000000000000117,0.0
2022-12-23,1.14,1.137,1.147,1.131,434509.0,494036.733,1.4010507880910696,-0.4378283712784481,-0.004999999999999893,0.0
2022-12-26,1.137,1.136,1.138,1.131,521435.0,592350.1599999999,0.6156552330694719,-0.08795074758136678,-0.001000000000000112,0.0
2022-12-27,1.136,1.15,1.151,1.136,467125.0,537193.75,1.3204225352112786,1.232394366197176,0.014000000000000012,0.0
2022-12-28,1.152,1.149,1.154,1.14,1222843.0,1405046.607,1.2173913043478273,-0.08695652173912327,-0.0009999999999998899,0.0
2022-12-29,1.148,1.14,1.148,1.134,555266.0,633003.24,1.2184508268059193,-0.783289817232391,-0.009000000000000119,0.0
2022-12-30,1.14,1.147,1.15,1.138,528932.0,606685.004,1.0526315789473695,0.6140350877193113,0.007000000000000117,0.0
2023-01-03,1.147,1.155,1.158,1.143,533363.0,616034.265,1.3077593722754928,0.6974716652136115,0.008000000000000007,0.0
2023-01-04,1.157,1.168,1.171,1.152,522853.0,610692.304,1.6450216450216562,1.1255411255411074,0.0129999999999999,0.0
2023-01-05,1.165,1.171,1.172,1.165,479530.0,561529.63,0.5993150684931418,0.25684931506850806,0.0030000000000001137,0.0
2023-01-06,1.171,1.169,1.173,1.165,464408.0,542892.952,0.6831767719897529,-0.1707941929974366,-0.0020000000000000018,0.0
2023-01-09,1.172,1.167,1.172,1.164,503135.0,587158.545,0.6843455945252358,-0.17108639863130382,-0.0020000000000000018,0.0
2023-01-10,1.167,1.159,1.167,1.156,563827.0,653475.493,0.9425878320479966,-0.6855184233076295,-0.008000000000000007,0.0
2023-01-11,1.159,1.166,1.17,1.158,591661.0,689876.7259999999,1.0353753235547896,0.6039689387402847,0.006999999999999895,0.0
2023-01-12,1.167,1.161,1.167,1.156,462051.0,536441.211,0.9433962264151047,-0.42881646655230643,-0.004999999999999893,0.0
2023-01-13,1.161,1.171,1.171,1.16,447731.0,524293.001,0.9474590869939811,0.8613264427217882,0.010000000000000009,0.0
2023-01-16,1.172,1.179,1.184,1.171,515548.0,607831.0920000001,1.110162254483339,0.6831767719897464,0.008000000000000007,0.0
2023-01-17,1.178,1.177,1.179,1.172,490085.0,576830.045,0.5937234944868631,-0.16963528413910245,-0.0020000000000000018,0.0
2023-01-18,1.177,1.179,1.181,1.175,467062.0,550666.098,0.5097706032285476,0.1699235344095218,0.0020000000000000018,0.0
2023-01-19,1.178,1.184,1.184,1.173,610486.0,722815.424,0.9329940627650465,0.42408821034773947,0.004999999999999893,0.0
2023-01-20,1.184,1.198,1.198,1.184,557737.0,668168.926,1.1824324324324336,1.1824324324324342,0.014000000000000012,0.0
2023-01-30,1.202,1.194,1.208,1.192,625993.0,747435.642,1.3355592654424053,-0.33388981636059967,-0.0040000000000000036,0.0
2023-01-31,1.194,1.196,1.198,1.189,502649.0,601168.204,0.7537688442210969,0.16750418760469454,0.0020000000000000018,0.0
2023-02-01,1.196,1.201,1.202,1.189,518968.0,623280.5680000001,1.0869565217391222,0.4180602006689016,0.0050000000000001155,0.0
2023-02-02,1.203,1.204,1.205,1.194,581640.0,700294.5599999999,0.915903413821825,0.24979184013320666,0.0029999999999998916,0.0
2023-02-03,1.204,1.19,1.204,1.183,592655.0,705259.45,1.7441860465116203,-1.1627906976744207,-0.014000000000000012,0.0
2023-02-06,1.187,1.18,1.187,1.179,566432.0,668389.76,0.6722689075630258,-0.8403361344537785,-0.010000000000000009,0.0
2023-02-07,1.18,1.189,1.191,1.18,567396.0,674633.844,0.9322033898305188,0.7627118644067954,0.009000000000000119,0.0
2023-02-08,1.19,1.182,1.192,1.18,549112.0,649050.384,1.009251471825064,-0.5887300252312988,-0.007000000000000117,0.0
2023-02-09,1.181,1.193,1.193,1.18,524104.0,625256.072,1.099830795262278,0.9306260575296266,0.01100000000000012,0.0
2023-02-10,1.193,1.194,1.198,1.187,550010.0,656711.94,0.9220452640402261,0.08382229673091768,0.0009999999999998899,0.0
2023-02-13,1.194,1.199,1.2,1.188,545999.0,654652.8010000001,1.0050251256281415,0.41876046901172526,0.0050000000000001155,0.0
2023-02-14,1.2,1.205,1.206,1.199,505055.0,608591.275,0.583819849874887,0.5004170141784892,0.006000000000000005,0.0
2023-02-15,1.205,1.196,1.207,1.194,500303.0,598362.3879999999,1.0788381742738689,-0.7468879668049877,-0.009000000000000119,0.0
2023-02-16,1.196,1.186,1.208,1.178,573375.0,680022.75,2.5083612040133803,-0.8361204013377921,-0.010000000000000009,0.0
2023-02-17,1.186,1.185,1.197,1.185,489835.0,580454.475,1.011804384485667,-0.0843170320404596,-0.0009999999999998899,0.0
2023-02-20,1.185,1.215,1.217,1.185,580023.0,704727.9450000001,2.700421940928272,2.5316455696202445,0.030000000000000027,0.0
2023-02-21,1.219,1.233,1.238,1.215,670907.0,827228.3310000001,1.8930041152263297,1.4814814814814836,0.018000000000000016,0.0
2023-02-22,1.231,1.236,1.239,1.227,586152.0,724483.872,0.9732360097323608,0.24330900243307862,0.0029999999999998916,0.0
2023-02-23,1.236,1.237,1.247,1.231,683402.0,845368.2740000001,1.2944983818770237,0.08090614886733238,0.001000000000000112,0.0
2023-02-24,1.238,1.231,1.238,1.222,521305.0,641726.4550000001,1.2934518997574787,-0.48504446240905663,-0.006000000000000005,0.0
2023-02-27,1.229,1.231,1.24,1.225,631011.0,776774.5410000001,1.2185215272136394,0.0,0.0,0.0
2023-02-28,1.231,1.239,1.239,1.224,481120.0,596107.68,1.2185215272136574,0.6498781478472715,0.008000000000000007,0.0
2023-03-01,1.239,1.246,1.248,1.237,546911.0,681451.106,0.8878127522195236,0.5649717514124131,0.006999999999999895,0.0
2023-03-02,1.246,1.254,1.256,1.243,647276.0,811684.104,1.043338683788114,0.6420545746388395,0.008000000000000007,0.0
2023-03-03,1.253,1.26,1.261,1.249,726837.0,915814.62,0.9569377990430453,0.4784688995215225,0.006000000000000005,0.0
2023-03-06,1.261,1.253,1.263,1.25,606802.0,760322.906,1.0317460317460239,-0.5555555555555647,-0.007000000000000117,0.0
2023-03-07,1.253,1.243,1.269,1.243,693872.0,862482.8960000001,2.0750199521149084,-0.7980845969672634,-0.009999999999999787,0.0
2023-03-08,1.24,1.24,1.244,1.235,466453.0,578401.72,0.724054706355583,-0.24135156878520858,-0.0030000000000001137,0.0
2023-03-09,1.241,1.237,1.249,1.234,495499.0,612932.263,1.2096774193548487,-0.24193548387095865,-0.0029999999999998916,0.0
2023-03-10,1.233,1.213,1.236,1.211,740298.0,897981.474,2.0210185933710516,-1.9401778496362154,-0.02400000000000002,0.0
2023-03-13,1.213,1.231,1.232,1.212,668855.0,823360.5050000001,1.648804616652928,1.483924154987637,0.018000000000000016,0.0
2023-03-14,1.229,1.219,1.233,1.21,536760.0,654310.4400000001,1.8683996750609368,-0.9748172217709183,-0.01200000000000001,0.0
2023-03-15,1.223,1.237,1.238,1.221,512067.0,633426.8790000001,1.3945857260049142,1.4766201804758072,0.018000000000000016,0.0
2023-03-16,1.232,1.222,1.235,1.221,597244.0,729832.168,1.131770412287794,-1.2126111560226471,-0.015000000000000124,0.0
2023-03-17,1.224,1.234,1.244,1.224,564971.0,697174.214,1.6366612111292977,0.9819967266775809,0.01200000000000001,0.0
2023-03-20,1.233,1.226,1.242,1.222,451037.0,552971.362,1.6207455429497581,-0.648298217179899,-0.008000000000000007,0.0
2023-03-21,1.232,1.224,1.232,1.219,506101.0,619467.624,1.06035889070146,-0.16313213703099683,-0.0020000000000000018,0.0
2023-03-22,1.225,1.231,1.236,1.224,860993.0,1059882.3830000001,0.980392156862746,0.5718954248366215,0.007000000000000117,0.0
2023-03-23,1.23,1.232,1.232,1.222,510390.0,628800.48,0.8123476848090989,0.08123476848089783,0.0009999999999998899,0.0
2023-03-24,1.231,1.222,1.231,1.219,642348.0,784949.2559999999,0.9740259740259749,-0.8116883116883078,-0.010000000000000009,0.0
2023-03-27,1.221,1.208,1.221,1.2,581581.0,702549.848,1.7184942716857716,-1.1456628477905073,-0.014000000000000012,0.0
2023-03-28,1.208,1.208,1.214,1.204,678564.0,819705.3119999999,0.8278145695364246,0.0,0.0,0.0
2023-03-29,1.21,1.206,1.212,1.203,460764.0,555681.384,0.7450331125827729,-0.16556291390728006,-0.0020000000000000018,0.0
2023-03-30,1.206,1.213,1.213,1.195,542736.0,658338.768,1.4925373134328372,0.5804311774461057,0.007000000000000117,0.0
2023-03-31,1.213,1.22,1.224,1.212,953118.0,1162803.96,0.9892827699917568,0.577081615828523,0.006999999999999895,0.0
2023-04-03,1.22,1.229,1.23,1.217,617169.0,758500.701,1.0655737704917951,0.7377049180327999,0.009000000000000119,0.0
2023-04-04,1.227,1.227,1.231,1.221,648728.0,795989.256,0.8136696501220512,-0.16273393002440573,-0.0020000000000000018,0.0
2023-04-06,1.228,1.226,1.229,1.218,759716.0,931411.816,0.8964955175224223,-0.08149959250204342,-0.001000000000000112,0.0
2023-04-07,1.223,1.227,1.231,1.221,557531.0,684090.537,0.8156606851549764,0.08156606851550396,0.001000000000000112,0.0
2023-04-10,1.229,1.23,1.23,1.224,569622.0,700635.0599999999,0.48899755501222536,0.24449877750609694,0.0029999999999998916,0.0
2023-04-11,1.229,1.237,1.238,1.224,518929.0,641915.1730000001,1.138211382113822,0.5691056910569259,0.007000000000000117,0.0
2023-04-12,1.238,1.255,1.255,1.238,496535.0,623151.4249999999,1.3742926434923122,1.4551333872271366,0.017999999999999794,0.0
2023-04-13,1.252,1.254,1.256,1.248,565960.0,709713.84,0.6374501992031879,-0.07968127490038945,-0.0009999999999998899,0.0
2023-04-14,1.253,1.248,1.255,1.24,1185173.0,1479095.904,1.19617224880382,-0.4784688995215336,-0.006000000000000005,0.0
2023-04-17,1.247,1.272,1.273,1.245,867816.0,1103861.952,2.2435897435897276,1.9230769230769162,0.02400000000000002,0.0
2023-04-18,1.272,1.275,1.278,1.264,582871.0,743160.5249999999,1.100628930817611,0.2358490566037652,0.0029999999999998916,0.0
2023-04-19,1.275,1.273,1.279,1.271,562609.0,716201.257,0.6274509803921574,-0.15686274509804088,-0.0020000000000000018,0.0
2023-04-20,1.273,1.278,1.278,1.26,1056025.0,1349599.95,1.4139827179890037,0.39277297721918014,0.0050000000000001155,0.0
2023-04-21,1.276,1.262,1.285,1.259,719755.0,908330.81,2.034428794992177,-1.2519561815336422,-0.016000000000000014,0.0
2023-04-24,1.261,1.259,1.267,1.252,755733.0,951467.847,1.1885895404120366,-0.23771790808241322,-0.0030000000000001137,0.0
2023-04-25,1.259,1.264,1.268,1.243,734752.0,928726.528,1.9857029388403427,0.3971405877680745,0.0050000000000001155,0.0
2023-04-26,1.26,1.267,1.271,1.247,703372.0,891172.3239999999,1.898734177215174,0.2373417721518889,0.0029999999999998916,0.0
2023-04-27,1.264,1.27,1.275,1.259,679555.0,863034.85,1.2628255722178385,0.23677979479086453,0.0030000000000001137,0.0
2023-04-28,1.27,1.295,1.296,1.267,1326684.0,1718055.7799999998,2.2834645669291445,1.9685039370078705,0.02499999999999991,0.0
2023-05-04,1.284,1.319,1.323,1.28,834817.0,1101123.623,3.3204633204633147,1.853281853281863,0.02400000000000002,0.0
2023-05-05,1.319,1.324,1.332,1.308,1162854.0,1539618.696,1.8195602729340425,0.37907505686127774,0.0050000000000001155,0.0
2023-05-08,1.324,1.357,1.361,1.321,1317479.0,1787819.003,3.021148036253779,2.49244712990937,0.03299999999999992,0.0
2023-05-09,1.357,1.343,1.377,1.34,2328369.0,3126999.567,2.726602800294762,-1.0316875460574804,-0.014000000000000012,0.0
2023-05-10,1.338,1.311,1.342,1.305,2175244.0,2851744.884,2.755026061057345,-2.3827252419955314,-0.03200000000000003,0.0
2023-05-11,1.315,1.315,1.323,1.305,733261.0,964238.215,1.372997711670482,0.30511060259343914,0.0040000000000000036,0.0
2023-05-12,1.314,1.301,1.323,1.3,559855.0,728371.355,1.7490494296577879,-1.0646387832699666,-0.014000000000000012,0.0
2023-05-15,1.302,1.301,1.303,1.272,966351.0,1257222.6509999998,2.3827824750192095,0.0,0.0,0.0
2023-05-16,1.299,1.292,1.309,1.289,678327.0,876398.484,1.5372790161414311,-0.6917755572636408,-0.008999999999999897,0.0
2023-05-17,1.292,1.287,1.295,1.281,637446.0,820393.002,1.0835913312693508,-0.38699690402477227,-0.0050000000000001155,0.0
2023-05-18,1.285,1.297,1.305,1.285,584228.0,757743.716,1.5540015540015555,0.7770007770007803,0.010000000000000009,0.0
2023-05-19,1.294,1.279,1.294,1.274,743451.0,950873.8289999999,1.5420200462606029,-1.3878180416345476,-0.018000000000000016,0.0
2023-05-22,1.276,1.279,1.285,1.27,635786.0,813170.294,1.1727912431587102,0.0,0.0,0.0
2023-05-23,1.282,1.26,1.282,1.258,607314.0,765215.64,1.8764659890539503,-1.4855355746677068,-0.018999999999999906,0.0
2023-05-24,1.258,1.239,1.258,1.233,833325.0,1032489.675,1.984126984126977,-1.6666666666666607,-0.020999999999999908,0.0
2023-05-25,1.237,1.232,1.24,1.216,642471.0,791524.272,1.9370460048426166,-0.5649717514124353,-0.007000000000000117,0.0
2023-05-26,1.231,1.244,1.245,1.223,633722.0,788350.168,1.7857142857142874,0.9740259740259827,0.01200000000000001,0.0
2023-05-29,1.248,1.256,1.262,1.24,742935.0,933126.36,1.7684887459807088,0.9646302250803762,0.01200000000000001,0.0
2023-05-30,1.253,1.253,1.258,1.237,716730.0,898062.69,1.6719745222929863,-0.23885350318472165,-0.0030000000000001137,0.0
2023-05-31,1.251,1.242,1.253,1.237,730881.0,907754.202,1.2769353551476292,-0.8778930566640031,-0.010999999999999899,0.0
2023-06-01,1.242,1.238,1.249,1.232,806902.0,998944.676,1.3687600644122486,-0.32206119162641045,-0.0040000000000000036,0.0
2023-06-02,1.24,1.247,1.248,1.239,870244.0,1085194.2680000002,0.7269789983844828,0.7269789983844976,0.009000000000000119,0.0
2023-06-05,1.246,1.254,1.256,1.241,736623.0,923725.242,1.202886928628701,0.5613472333600544,0.006999999999999895,0.0
2023-06-06,1.253,1.244,1.266,1.24,1111958.0,1383275.752,2.0733652312599697,-0.797448165869219,-0.010000000000000009,0.0
2023-06-07,1.242,1.254,1.258,1.242,768290.0,963435.66,1.2861736334405156,0.8038585209003246,0.010000000000000009,0.0
2023-06-08,1.254,1.272,1.272,1.247,1014174.0,1290029.328,1.993620414673039,1.4354066985645897,0.018000000000000016,0.0
2023-06-09,1.272,1.268,1.274,1.263,753076.0,954900.368,0.864779874213846,-0.3144654088050314,-0.0040000000000000036,0.0
2023-06-12,1.268,1.26,1.268,1.257,683914.0,861731.64,0.8675078864353407,-0.6309148264984188,-0.008000000000000007,0.0
2023-06-13,1.259,1.256,1.263,1.252,605189.0,760117.384,0.873015873015865,-0.31746031746031633,-0.0040000000000000036,0.0
2023-06-14,1.257,1.25,1.264,1.249,720544.0,900680.0,1.1942675159235592,-0.4777070063694322,-0.006000000000000005,0.0
2023-06-15,1.251,1.253,1.254,1.245,701581.0,879080.9929999999,0.7199999999999918,0.23999999999999577,0.0029999999999998916,0.0
2023-06-16,1.257,1.251,1.257,1.248,919521.0,1150320.771,0.7182761372705425,-0.15961691939345712,-0.0020000000000000018,0.0
2023-06-19,1.25,1.233,1.25,1.229,1050716.0,1295532.8280000002,1.6786570743405202,-1.4388489208632893,-0.017999999999999794,0.0
2023-06-20,1.232,1.222,1.233,1.221,682811.0,834395.042,0.9732360097323608,-0.8921330089213364,-0.01100000000000012,0.0
2023-06-21,1.221,1.212,1.226,1.211,704006.0,853255.272,1.2274959083469643,-0.8183306055646433,-0.010000000000000009,0.0
2023-06-26,1.208,1.195,1.208,1.19,775809.0,927091.755,1.4851485148514865,-1.4026402640264002,-0.016999999999999904,0.0
2023-06-27,1.195,1.218,1.22,1.193,777918.0,947504.124,2.259414225941415,1.9246861924686165,0.02299999999999991,0.0
2023-06-28,1.219,1.227,1.227,1.212,920346.0,1129264.5420000001,1.2315270935960694,0.7389162561576512,0.009000000000000119,0.0
2023-06-29,1.227,1.226,1.229,1.219,723792.0,887368.992,0.8149959250203755,-0.08149959250204342,-0.001000000000000112,0.0
2023-06-30,1.226,1.229,1.234,1.224,694667.0,853745.743,0.8156606851549764,0.2446982055465119,0.0030000000000001137,0.0
2023-07-03,1.232,1.243,1.245,1.231,656200.0,815656.6000000001,1.1391375101708714,1.1391375101708734,0.014000000000000012,0.0
2023-07-04,1.243,1.238,1.243,1.232,803521.0,994758.998,0.8849557522123991,-0.4022526146420069,-0.0050000000000001155,0.0
2023-07-05,1.238,1.235,1.239,1.231,615821.0,760538.935,0.6462035541195482,-0.24232633279481774,-0.0029999999999998916,0.0
2023-07-06,1.233,1.229,1.238,1.226,626911.0,770473.6190000001,0.9716599190283408,-0.4858299595141724,-0.006000000000000005,0.0
2023-07-07,1.227,1.238,1.239,1.226,992301.0,1228468.638,1.0577705451586756,0.7323026851098424,0.008999999999999897,0.0
2023-07-10,1.238,1.241,1.243,1.233,657049.0,815397.8090000001,0.8077544426494353,0.24232633279483995,0.0030000000000001137,0.0
2023-07-11,1.241,1.243,1.244,1.234,605749.0,752946.0070000001,0.8058017727639007,0.16116035455278066,0.0020000000000000018,0.0
2023-07-12,1.244,1.237,1.247,1.235,724704.0,896458.8480000001,0.9654062751407892,-0.48270313757039496,-0.006000000000000005,0.0
2023-07-13,1.239,1.251,1.253,1.237,817413.0,1022583.663,1.2934518997574609,1.1317704122877803,0.01399999999999979,0.0
2023-07-14,1.253,1.254,1.259,1.25,583454.0,731651.316,0.7194244604316464,0.23980815347721673,0.0030000000000001137,0.0
2023-07-17,1.251,1.246,1.252,1.239,757310.0,943608.26,1.036682615629976,-0.6379585326953707,-0.008000000000000007,0.0
2023-07-18,1.246,1.246,1.251,1.24,863203.0,1075550.938,0.8828250401284028,0.0,0.0,0.0
2023-07-19,1.246,1.254,1.254,1.244,715378.0,897084.012,0.8025682182985562,0.6420545746388395,0.008000000000000007,0.0
2023-07-20,1.254,1.252,1.26,1.248,1172857.0,1468416.964,0.956937799043063,-0.15948963317384823,-0.0020000000000000018,0.0
2023-07-21,1.25,1.251,1.253,1.245,739181.0,924715.4309999999,0.6389776357827304,-0.07987220447285281,-0.001000000000000112,0.0
2023-07-24,1.251,1.25,1.255,1.243,1100331.0,1375413.75,0.9592326139088561,-0.07993605115906854,-0.0009999999999998899,0.0
2023-07-25,1.254,1.278,1.279,1.254,1135324.0,1450944.072,1.9999999999999927,2.2399999999999975,0.028000000000000025,0.0
2023-07-26,1.276,1.277,1.281,1.273,1683390.0,2149689.03,0.6259780907668236,-0.07824726134586513,-0.001000000000000112,0.0
2023-07-27,1.278,1.281,1.293,1.276,1156521.0,1481503.4009999998,1.3312451057165158,0.3132341425215346,0.0040000000000000036,0.0
2023-07-28,1.279,1.305,1.31,1.276,1068499.0,1394391.1949999998,2.6541764246682304,1.87353629976581,0.02400000000000002,0.0
2023-07-31,1.311,1.318,1.329,1.311,1118773.0,1474542.814,1.3793103448275876,0.9961685823754785,0.013000000000000123,0.0
2023-08-01,1.318,1.318,1.326,1.314,698770.0,920978.86,0.9104704097116851,0.0,0.0,0.0
2023-08-02,1.318,1.304,1.319,1.301,774450.0,1009882.8,1.3657056145675277,-1.062215477996964,-0.014000000000000012,0.0
2023-08-03,1.299,1.319,1.319,1.297,842202.0,1110864.4379999998,1.6871165644171793,1.1503067484662566,0.014999999999999902,0.0
2023-08-04,1.328,1.312,1.328,1.309,799859.0,1049415.0080000001,1.4404852160727921,-0.5307050796057533,-0.006999999999999895,0.0
2023-08-07,1.308,1.298,1.308,1.292,834090.0,1082648.82,1.2195121951219523,-1.0670731707317027,-0.014000000000000012,0.0
2023-08-08,1.296,1.295,1.3,1.288,710859.0,920562.4049999999,0.9244992295839761,-0.23112480739599928,-0.0030000000000001137,0.0
2023-08-09,1.295,1.289,1.295,1.286,785692.0,1012756.9879999999,0.694980694980687,-0.4633204633204602,-0.006000000000000005,0.0
2023-08-10,1.288,1.295,1.298,1.286,623752.0,807758.84,0.9309542280837867,0.4654771140419012,0.006000000000000005,0.0
2023-08-11,1.297,1.274,1.297,1.273,846283.0,1078164.5420000001,1.853281853281855,-1.6216216216216162,-0.020999999999999908,0.0
2023-08-14,1.265,1.273,1.274,1.253,834986.0,1062937.1779999998,1.6483516483516585,-0.07849293563579884,-0.001000000000000112,0.0
2023-08-15,1.272,1.28,1.283,1.269,1016221.0,1300762.8800000001,1.0997643362136695,0.5498821681068522,0.007000000000000117,0.0
2023-08-16,1.278,1.282,1.289,1.27,976748.0,1252190.936,1.4843749999999927,0.15624999999999112,0.0020000000000000018,0.0
2023-08-17,1.278,1.281,1.282,1.267,1298046.0,1662796.926,1.1700468018720847,-0.07800312012481436,-0.001000000000000112,0.0
2023-08-18,1.28,1.274,1.293,1.274,784673.0,999673.402,1.4832162373145907,-0.5464480874316835,-0.006999999999999895,0.0
2023-08-21,1.275,1.261,1.279,1.26,808604.0,1019649.644,1.4913657770800555,-1.0204081632653184,-0.013000000000000123,0.0
2023-08-22,1.261,1.272,1.273,1.255,914646.0,1163429.712,1.427438540840604,0.872323552735943,0.01100000000000012,0.0
2023-08-23,1.268,1.267,1.281,1.266,1145158.0,1450915.186,1.1792452830188602,-0.39308176100629755,-0.0050000000000001155,0.0
2023-08-24,1.269,1.261,1.274,1.258,980790.0,1236776.19,1.2628255722178385,-0.47355958958168465,-0.006000000000000005,0.0
2023-08-25,1.257,1.263,1.273,1.255,1125655.0,1421702.265,1.427438540840604,0.15860428231562196,0.0020000000000000018,0.0
2023-08-28,1.338,1.285,1.339,1.279,1781651.0,2289421.5349999997,4.750593824228034,1.7418844022169422,0.02200000000000002,0.0
2023-08-29,1.281,1.288,1.289,1.274,1537929.0,1980852.5520000001,1.1673151750972686,0.23346303501945442,0.0030000000000001137,0.0
2023-08-30,1.286,1.277,1.289,1.273,1248478.0,1594306.406,1.2422360248447217,-0.8540372670807539,-0.01100000000000012,0.0
2023-08-31,1.275,1.262,1.282,1.258,1376759.0,1737469.858,1.879404855129211,-1.1746280344557491,-0.014999999999999902,0.0
2023-09-01,1.261,1.277,1.279,1.261,1034264.0,1320755.128,1.4263074484944545,1.1885895404120328,0.014999999999999902,0.0
2023-09-04,1.278,1.299,1.302,1.278,1712680.0,2224771.32,1.879404855129211,1.7227877838684513,0.02200000000000002,0.0
2023-09-05,1.299,1.288,1.299,1.284,1869210.0,2407542.48,1.154734411085443,-0.8468052347959887,-0.010999999999999899,0.0
2023-09-06,1.285,1.288,1.29,1.278,1077534.0,1387863.7920000001,0.9316770186335411,0.0,0.0,0.0
2023-09-07,1.286,1.279,1.291,1.277,1417251.0,1812664.0289999999,1.0869565217391315,-0.6987577639751663,-0.009000000000000119,0.0
2023-09-08,1.278,1.271,1.278,1.265,1339806.0,1702893.426,1.0164190774042317,-0.6254886630179812,-0.008000000000000007,0.0
2023-09-11,1.271,1.283,1.284,1.271,1199099.0,1538444.017,1.022816679779711,0.9441384736428082,0.01200000000000001,0.0
2023-09-12,1.281,1.279,1.283,1.277,584837.0,748006.5229999999,0.4676539360872959,-0.3117692907248615,-0.0040000000000000036,0.0
2023-09-13,1.279,1.282,1.29,1.278,1505884.0,1930543.288,0.9382329945269752,0.23455824863174435,0.0030000000000001137,0.0
2023-09-14,1.282,1.297,1.298,1.28,1192304.0,1546418.288,1.404056162246491,1.170046801872071,0.014999999999999902,0.0
2023-09-15,1.299,1.298,1.309,1.291,1519015.0,1971681.47,1.3878180416345425,0.07710100231304029,0.001000000000000112,0.0
2023-09-18,1.294,1.295,1.298,1.284,1184923.0,1534475.285,1.0785824345146389,-0.23112480739599928,-0.0030000000000001137,0.0
2023-09-19,1.295,1.305,1.309,1.294,2226907.0,2906113.635,1.1583011583011509,0.7722007722007707,0.010000000000000009,0.0
2023-09-20,1.304,1.311,1.313,1.299,1616844.0,2119682.4839999997,1.0727969348659014,0.45977011494253706,0.006000000000000005,0.0
2023-09-21,1.306,1.298,1.312,1.298,1724765.0,2238744.97,1.0678871090770414,-0.9916094584286772,-0.0129999999999999,0.0
2023-09-22,1.292,1.305,1.307,1.287,1518058.0,1981065.69,1.540832049306627,0.5392912172573094,0.006999999999999895,0.0
2023-09-25,1.304,1.304,1.311,1.3,1216837.0,1586755.448,0.8429118773946284,-0.07662835249041544,-0.0009999999999998899,0.0
2023-09-26,1.303,1.301,1.304,1.294,1055484.0,1373184.684,0.7668711656441725,-0.23006134969325576,-0.0030000000000001137,0.0
2023-09-27,1.296,1.293,1.3,1.291,1587156.0,2052192.7079999999,0.6917755572636525,-0.6149116064565696,-0.008000000000000007,0.0
2023-09-28,1.293,1.293,1.298,1.289,1451166.0,1876357.6379999998,0.6960556844547656,0.0,0.0,0.0
2023-10-09,1.292,1.286,1.292,1.274,1831737.0,2355613.782,1.3921113689095141,-0.5413766434647971,-0.006999999999999895,0.0
2023-10-10,1.285,1.271,1.289,1.27,1374038.0,1746402.298,1.477449455676509,-1.1664074650077905,-0.015000000000000124,0.0
2023-10-11,1.272,1.265,1.274,1.262,1554445.0,1966372.9249999998,0.9441384736428018,-0.4720692368214041,-0.006000000000000005,0.0
2023-10-12,1.272,1.282,1.282,1.27,1705837.0,2186883.034,0.9486166007905148,1.3438735177865757,0.017000000000000126,0.0
2023-10-13,1.277,1.279,1.281,1.273,1001193.0,1280525.8469999998,0.6240249609984405,-0.23400936037442088,-0.0030000000000001137,0.0
2023-10-16,1.279,1.283,1.285,1.274,1951174.0,2503356.2419999996,0.8600469116497185,0.31274433150898506,0.0040000000000000036,0.0
2023-10-17,1.283,1.287,1.287,1.278,1456824.0,1874932.488,0.7014809041309351,0.3117692907248726,0.0040000000000000036,0.0
2023-10-18,1.284,1.273,1.285,1.271,1678662.0,2136936.726,1.0878010878010889,-1.087801087801088,-0.014000000000000012,0.0
2023-10-19,1.27,1.247,1.27,1.247,1811274.0,2258658.6780000003,1.8067556952081627,-2.042419481539659,-0.0259999999999998,0.0
2023-10-20,1.241,1.239,1.249,1.236,1617966.0,2004659.874,1.0425020048115574,-0.6415396952686447,-0.008000000000000007,0.0
2023-10-23,1.239,1.226,1.239,1.215,2154863.0,2641862.038,1.9370460048426166,-1.049233252623094,-0.013000000000000123,0.0
2023-10-24,1.228,1.234,1.235,1.22,2124913.0,2622142.642,1.2234910277324733,0.6525285481239873,0.008000000000000007,0.0
2023-10-25,1.241,1.247,1.249,1.24,1433809.0,1787959.823,0.7293354943274002,1.0534846029173428,0.013000000000000123,0.0
2023-10-26,1.24,1.253,1.253,1.237,1463731.0,1834054.9429999997,1.2830793905372726,0.4811547714514752,0.005999999999999783,0.0
2023-10-27,1.251,1.259,1.263,1.248,1794775.0,2259621.7249999996,1.19712689545091,0.47885075818037137,0.006000000000000005,0.0
2023-10-30,1.256,1.243,1.258,1.239,2119522.0,2634565.8460000004,1.5091342335186582,-1.270849880857805,-0.015999999999999792,0.0
2023-10-31,1.243,1.244,1.247,1.235,1484068.0,1846180.592,0.9654062751407892,0.08045052292839916,0.0009999999999998899,0.0
2023-11-01,1.244,1.242,1.245,1.236,1717282.0,2132864.244,0.723472668810299,-0.1607717041800627,-0.0020000000000000018,0.0
2023-11-02,1.241,1.244,1.251,1.241,1422675.0,1769807.7,0.8051529790660052,0.16103059581320522,0.0020000000000000018,0.0
2023-11-03,1.246,1.238,1.249,1.236,2166213.0,2681771.694,1.0450160771704278,-0.4823151125401881,-0.006000000000000005,0.0
2023-11-06,1.239,1.233,1.243,1.23,2671977.0,3294547.6410000003,1.050080775444275,-0.40387722132471104,-0.004999999999999893,0.0
2023-11-07,1.233,1.235,1.237,1.227,1580548.0,1951976.7800000003,0.8110300081103007,0.16220600162206722,0.0020000000000000018,0.0
2023-11-08,1.232,1.232,1.237,1.228,1606795.0,1979571.44,0.7287449392712647,-0.24291497975709175,-0.0030000000000001137,0.0
2023-11-09,1.229,1.242,1.244,1.229,2359960.0,2931070.32,1.2175324675324597,0.8116883116883189,0.010000000000000009,0.0
2023-11-10,1.24,1.238,1.241,1.23,1851398.0,2292030.724,0.8856682769726345,-0.32206119162641045,-0.0040000000000000036,0.0
2023-11-13,1.238,1.239,1.241,1.228,1269873.0,1573372.647,1.050080775444275,0.08077544426494665,0.001000000000000112,0.0
2023-11-14,1.237,1.239,1.241,1.234,1276761.0,1581906.8790000002,0.5649717514124388,0.0,0.0,0.0
2023-11-15,1.241,1.244,1.246,1.24,1521003.0,1892127.732,0.48426150121065414,0.40355125100886013,0.004999999999999893,0.0
2023-11-16,1.243,1.243,1.245,1.238,1899192.0,2360695.6560000004,0.5627009646302346,-0.0803858520900258,-0.0009999999999998899,0.0
2023-11-17,1.241,1.238,1.241,1.232,1617168.0,2002053.984,0.7240547063556009,-0.4022526146420069,-0.0050000000000001155,0.0
2023-11-20,1.237,1.242,1.244,1.235,1250599.0,1553243.958,0.7269789983844828,0.3231017770597644,0.0040000000000000036,0.0
2023-11-21,1.242,1.249,1.257,1.242,2395779.0,2992327.9710000004,1.207729468599026,0.5636070853462183,0.007000000000000117,0.0
2023-11-22,1.248,1.245,1.253,1.244,1883069.0,2344420.9050000003,0.7205764611689268,-0.32025620496397567,-0.0040000000000000036,0.0
2023-11-23,1.244,1.253,1.255,1.241,2257892.0,2829138.676,1.1244979919678546,0.6425702811244882,0.007999999999999785,0.0
2023-11-24,1.252,1.256,1.259,1.251,1217369.0,1529015.464,0.6384676775738235,0.23942537909018569,0.0030000000000001137,0.0
2023-11-27,1.255,1.251,1.255,1.243,2004306.0,2507386.806,0.9554140127388366,-0.3980891719745361,-0.0050000000000001155,0.0
2023-11-28,1.25,1.251,1.251,1.241,1436938.0,1797609.4379999998,0.7993605115907104,0.0,0.0,0.0
2023-11-29,1.251,1.242,1.251,1.239,1298593.0,1612852.506,0.9592326139088561,-0.7194244604316502,-0.008999999999999897,0.0
2023-11-30,1.239,1.246,1.247,1.239,1366150.0,1702222.9,0.6441223832528187,0.32206119162641045,0.0040000000000000036,0.0
2023-12-01,1.248,1.253,1.253,1.244,1643919.0,2059830.5069999998,0.7223113964686916,0.561797752808979,0.006999999999999895,0.0
2023-12-04,1.252,1.252,1.255,1.248,1253586.0,1569489.672,0.5586592178770866,-0.07980845969671746,-0.0009999999999998899,0.0
2023-12-05,1.25,1.233,1.251,1.23,1477981.0,1822350.573,1.677316293929705,-1.5175718849840147,-0.018999999999999906,0.0
2023-12-06,1.233,1.231,1.235,1.22,1747832.0,2151581.1920000003,1.2165450121654602,-0.16220600162205612,-0.0020000000000000018,0.0
2023-12-07,1.231,1.233,1.236,1.223,1676636.0,2067292.188,1.0560519902518197,0.16246953696181787,0.0020000000000000018,0.0
2023-12-08,1.233,1.232,1.238,1.226,1594024.0,1963837.568,0.9732360097323608,-0.08110300081103361,-0.001000000000000112,0.0
2023-12-11,1.227,1.253,1.254,1.215,1852578.0,2321280.2339999997,3.1655844155844095,1.7045454545454364,0.020999999999999908,0.0
2023-12-12,1.243,1.251,1.252,1.235,1439554.0,1800882.0539999998,1.356743814844366,-0.15961691939345712,-0.0020000000000000018,0.0
2023-12-13,1.247,1.241,1.251,1.24,1366553.0,1695892.273,0.8792965627497922,-0.7993605115907076,-0.009999999999999787,0.0
2023-12-14,1.242,1.237,1.246,1.237,1092161.0,1351003.1570000001,0.7252215954875016,-0.3223207091055613,-0.0040000000000000036,0.0
2023-12-15,1.239,1.231,1.243,1.229,1524472.0,1876625.0320000001,1.131770412287794,-0.48504446240905663,-0.006000000000000005,0.0
2023-12-18,1.229,1.227,1.236,1.223,1439197.0,1765894.719,1.0560519902518197,-0.32493907392363575,-0.0040000000000000036,0.0
2023-12-19,1.227,1.224,1.228,1.218,1595138.0,1952448.912,0.8149959250203755,-0.24449877750611915,-0.0030000000000001137,0.0
2023-12-20,1.224,1.219,1.231,1.217,1260956.0,1537105.364,1.1437908496732037,-0.40849673202613124,-0.004999999999999893,0.0
2023-12-21,1.219,1.216,1.219,1.205,1733410.0,2107826.56,1.1484823625922898,-0.24610336341264194,-0.0030000000000001137,0.0
2023-12-22,1.215,1.216,1.223,1.212,1629385.0,1981332.16,0.9046052631579047,0.0,0.0,0.0
2023-12-25,1.214,1.214,1.215,1.205,1597196.0,1938995.944,0.8223684210526324,-0.164473684210531,-0.0020000000000000018,0.0
2023-12-26,1.213,1.209,1.223,1.207,1661628.0,2008908.252,1.3179571663920935,-0.4118616144975218,-0.004999999999999893,0.0
2023-12-27,1.21,1.216,1.217,1.203,1482628.0,1802875.648,1.1579818031430944,0.5789909015715411,0.006999999999999895,0.0
2023-12-28,1.216,1.216,1.22,1.21,2283265.0,2776450.2399999998,0.8223684210526324,0.0,0.0,0.0
2023-12-29,1.214,1.222,1.223,1.214,2288588.0,2796654.536,0.7401315789473782,0.49342105263157077,0.006000000000000005,0.0
2024-01-02,1.222,1.236,1.24,1.22,2347331.0,2901301.116,1.6366612111292977,1.1456628477905184,0.014000000000000012,0.0
2024-01-03,1.235,1.249,1.249,1.232,1940889.0,2424170.361,1.3754045307443468,1.051779935275099,0.013000000000000123,0.0
2024-01-04,1.249,1.256,1.256,1.244,2413623.0,3031510.488,0.9607686148919143,0.560448358686938,0.006999999999999895,0.0
2024-01-05,1.253,1.258,1.276,1.25,4005620.0,5039069.96,2.070063694267518,0.15923566878981443,0.0020000000000000018,0.0
2024-01-08,1.255,1.239,1.257,1.239,1948999.0,2414809.7610000004,1.430842607313179,-1.5103338632750374,-0.018999999999999906,0.0
2024-01-09,1.239,1.25,1.253,1.232,1451180.0,1813975.0,1.6949152542372805,0.8878127522195189,0.010999999999999899,0.0
2024-01-10,1.246,1.243,1.25,1.242,1299739.0,1615575.577,0.6400000000000006,-0.5599999999999938,-0.006999999999999895,0.0
2024-01-11,1.241,1.237,1.243,1.233,1914283.0,2367968.071,0.804505229283991,-0.48270313757039496,-0.006000000000000005,0.0
2024-01-12,1.233,1.238,1.245,1.233,1487008.0,1840915.904,0.970088924818109,0.08084074373482242,0.0009999999999998899,0.0
2024-01-15,1.236,1.246,1.246,1.233,1346155.0,1677309.13,1.050080775444257,0.646203554119551,0.008000000000000007,0.0
2024-01-16,1.244,1.249,1.254,1.237,1911480.0,2387438.52,1.3643659711075364,0.24077046548958148,0.0030000000000001137,0.0
2024-01-17,1.246,1.231,1.252,1.23,1892371.0,2329508.7010000004,1.7614091273018428,-1.4411529223378738,-0.018000000000000016,0.0
2024-01-18,1.231,1.219,1.231,1.185,3680869.0,4486979.311000001,3.7367993501218555,-0.9748172217709183,-0.01200000000000001,0.0
2024-01-19,1.216,1.213,1.223,1.206,2572108.0,3119967.004,1.3945857260049324,-0.4922067268252617,-0.006000000000000005,0.0
2024-01-22,1.21,1.165,1.211,1.156,3353883.0,3907273.6950000003,4.534212695795562,-3.9571310799670245,-0.04800000000000004,0.0
2024-01-23,1.16,1.183,1.187,1.154,2305753.0,2727705.799,2.832618025751085,1.5450643776824036,0.018000000000000016,0.0
2024-01-24,1.183,1.211,1.213,1.176,2259486.0,2736237.546,3.1276415891800626,2.366863905325456,0.028000000000000025,0.0
2024-01-25,1.212,1.251,1.253,1.211,2988082.0,3738090.5819999995,3.4682080924855336,3.303055326176696,0.039999999999999813,0.0
2024-01-26,1.25,1.271,1.275,1.246,2211807.0,2811206.6969999997,2.318145483613103,1.5987210231814597,0.020000000000000018,0.0
2024-01-29,1.271,1.273,1.287,1.271,2508134.0,3192854.582,1.2588512981904025,0.15735641227379027,0.0020000000000000018,0.0
2024-01-30,1.27,1.258,1.279,1.255,2095878.0,2636614.524,1.885310290652005,-1.178318931657496,-0.014999999999999902,0.0
2024-01-31,1.254,1.254,1.266,1.244,2003810.0,2512777.74,1.748807631160574,-0.31796502384737746,-0.0040000000000000036,0.0
2024-02-01,1.249,1.237,1.251,1.231,2156722.0,2667865.114,1.5948963317384206,-1.3556618819776656,-0.016999999999999904,0.0
2024-02-02,1.236,1.238,1.259,1.209,5360373.0,6636141.774,4.042037186742103,0.08084074373482242,0.0009999999999998899,0.0
2024-02-05,1.235,1.24,1.249,1.203,2361840.0,2928681.6,3.7156704361874024,0.1615508885298933,0.0020000000000000018,0.0
2024-02-06,1.231,1.268,1.273,1.224,2074959.0,2631048.012,3.951612903225801,2.2580645161290436,0.028000000000000025,0.0
2024-02-07,1.263,1.294,1.294,1.258,2266480.0,2932825.12,2.8391167192429045,2.0504731861198833,0.026000000000000023,0.0
2024-02-08,1.296,1.297,1.309,1.288,2343918.0,3040061.6459999997,1.622874806800611,0.23183925811436357,0.0029999999999998916,0.0
2024-02-19,1.298,1.327,1.328,1.288,5056215.0,6709597.305,3.0840400925212057,2.313030069390898,0.030000000000000027,0.0
2024-02-20,1.327,1.343,1.345,1.315,2224308.0,2987245.644,2.260738507912587,1.2057272042200529,0.016000000000000014,0.0
2024-02-21,1.339,1.344,1.364,1.334,3093755.0,4158006.72,2.233804914370814,0.07446016381236209,0.001000000000000112,0.0
2024-02-22,1.341,1.364,1.366,1.338,1555242.0,2121350.088,2.083333333333335,1.4880952380952328,0.020000000000000018,0.0
2024-02-23,1.364,1.357,1.372,1.351,1778331.0,2413195.167,1.5395894428152586,-0.5131964809384271,-0.007000000000000117,0.0
2024-02-26,1.357,1.331,1.357,1.327,2159805.0,2874700.455,2.2107590272660302,-1.915991156963892,-0.026000000000000023,0.0
2024-02-27,1.328,1.34,1.342,1.324,1727204.0,2314453.3600000003,1.352366641622841,0.6761833208114298,0.009000000000000119,0.0
2024-02-28,1.34,1.331,1.349,1.326,1878982.0,2500925.042,1.7164179104477544,-0.6716417910447858,-0.009000000000000119,0.0
2024-02-29,1.325,1.341,1.342,1.323,1426333.0,1912712.553,1.4274981217130074,0.7513148009015813,0.010000000000000009,0.0
2024-03-01,1.34,1.343,1.349,1.337,1456602.0,1956216.486,0.8948545861297548,0.1491424310216205,0.0020000000000000018,0.0
2024-03-04,1.34,1.349,1.351,1.335,999143.0,1347843.907,1.1913626209977672,0.44676098287417254,0.006000000000000005,0.0
2024-03-05,1.346,1.361,1.362,1.345,1302586.0,1772819.546,1.260192735359535,0.8895478131949686,0.01200000000000001,0.0
2024-03-06,1.359,1.36,1.37,1.356,1155389.0,1571329.04,1.0286554004408532,-0.07347538574576928,-0.0009999999999998899,0.0
2024-03-07,1.364,1.366,1.378,1.361,1537472.0,2100186.7520000003,1.249999999999993,0.4411764705882337,0.006000000000000005,0.0
2024-03-08,1.367,1.372,1.377,1.359,1621266.0,2224376.952,1.3177159590043934,0.43923865300146137,0.006000000000000005,0.0
2024-03-11,1.371,1.361,1.376,1.348,3690555.0,5022845.3549999995,2.0408163265305976,-0.8017492711370311,-0.01100000000000012,0.0
2024-03-12,1.36,1.334,1.36,1.33,2114260.0,2820422.8400000003,2.204261572373257,-1.983835415135926,-0.026999999999999913,0.0
2024-03-13,1.331,1.328,1.333,1.316,2109423.0,2801313.744,1.2743628185906974,-0.4497751124437732,-0.006000000000000005,0.0
2024-03-14,1.327,1.333,1.338,1.324,1412301.0,1882597.233,1.0542168674698804,0.3765060240963791,0.004999999999999893,0.0
2024-03-15,1.332,1.33,1.332,1.321,1514085.0,2013733.05,0.8252063015754029,-0.22505626406600365,-0.0029999999999998916,0.0
2024-03-18,1.33,1.326,1.331,1.318,1338633.0,1775027.358,0.9774436090225488,-0.3007518796992459,-0.0040000000000000036,0.0
2024-03-19,1.326,1.324,1.334,1.321,1354572.0,1793453.328,0.9803921568627543,-0.15082956259426794,-0.0020000000000000018,0.0
2024-03-20,1.322,1.327,1.331,1.316,1074015.0,1425217.905,1.1329305135951588,0.22658610271901747,0.0029999999999998916,0.0
2024-03-21,1.327,1.332,1.334,1.323,1131736.0,1507472.3520000002,0.8289374529012902,0.37678975131876236,0.0050000000000001155,0.0
2024-03-22,1.331,1.324,1.333,1.316,1418361.0,1877909.9640000002,1.276276276276269,-0.6006006006005982,-0.008000000000000007,0.0
2024-03-25,1.323,1.329,1.345,1.32,1791223.0,2380535.367,1.8882175226586035,0.3776435045317106,0.004999999999999893,0.0
2024-03-26,1.328,1.326,1.332,1.315,1308786.0,1735450.236,1.27915726109858,-0.22573363431150906,-0.0029999999999998916,0.0
2024-03-27,1.322,1.321,1.335,1.321,1629964.0,2153182.444,1.0558069381598802,-0.37707390648568095,-0.0050000000000001155,0.0
2024-03-28,1.32,1.321,1.329,1.311,1199026.0,1583913.346,1.3626040878122647,0.0,0.0,0.0
2024-03-29,1.32,1.336,1.336,1.317,865424.0,1156206.4640000002,1.4383043149129546,1.1355034065102299,0.015000000000000124,0.0
2024-04-01,1.333,1.34,1.34,1.33,1530798.0,2051269.32,0.7485029940119766,0.29940119760478723,0.0040000000000000036,0.0
2024-04-02,1.341,1.346,1.349,1.336,1204865.0,1621748.29,0.9701492537313358,0.4477611940298498,0.006000000000000005,0.0
2024-04-03,1.345,1.36,1.36,1.342,1067895.0,1452337.2000000002,1.3372956909361082,1.0401188707280795,0.014000000000000012,0.0
2024-04-08,1.359,1.357,1.372,1.349,1314295.0,1783498.315,1.6911764705882448,-0.22058823529412797,-0.0030000000000001137,0.0
2024-04-09,1.355,1.349,1.362,1.346,1335708.0,1801870.092,1.1790714812085494,-0.5895357406042745,-0.008000000000000007,0.0
2024-04-10,1.347,1.354,1.363,1.347,1152996.0,1561156.584,1.1860637509266132,0.3706449221645647,0.0050000000000001155,0.0
2024-04-11,1.35,1.369,1.376,1.347,1258083.0,1722315.627,2.1418020679468177,1.107828655834564,0.014999999999999902,0.0
2024-04-12,1.365,1.364,1.373,1.359,1033127.0,1409185.2280000001,1.0226442658875101,-0.36523009495981196,-0.004999999999999893,0.0
2024-04-15,1.367,1.391,1.393,1.357,1546722.0,2151490.302,2.6392961876832866,1.9794721407624616,0.026999999999999913,0.0
2024-04-16,1.393,1.39,1.406,1.379,1858386.0,2583156.54,1.941049604601,-0.07189072609634639,-0.001000000000000112,0.0
2024-04-17,1.385,1.415,1.416,1.378,1358263.0,1921942.145,2.7338129496402903,1.7985611510791477,0.025000000000000133,0.0
2024-04-18,1.411,1.419,1.432,1.41,1137936.0,1614731.1840000001,1.5547703180212027,0.2826855123674976,0.0040000000000000036,0.0
2024-04-19,1.415,1.424,1.433,1.409,1111523.0,1582808.7519999999,1.6913319238900648,0.35236081747709314,0.004999999999999893,0.0
2024-04-22,1.421,1.392,1.43,1.389,1535401.0,2137278.192,2.8792134831460623,-2.2471910112359605,-0.03200000000000003,0.0
2024-04-23,1.387,1.365,1.387,1.362,1451617.0,1981457.205,1.7959770114942466,-1.93965517241379,-0.026999999999999913,0.0
2024-04-24,1.365,1.365,1.367,1.35,1425085.0,1945241.025,1.2454212454212383,0.0,0.0,0.0
2024-04-25,1.363,1.374,1.374,1.362,1053629.0,1447686.246,0.87912087912088,0.659340659340657,0.009000000000000119,0.0
2024-04-26,1.372,1.365,1.377,1.353,2023627.0,2762250.855,1.7467248908296957,-0.6550218340611424,-0.009000000000000119,0.0
2024-04-29,1.363,1.364,1.366,1.344,1307527.0,1783466.8280000002,1.6117216117216133,-0.0732600732600619,-0.0009999999999998899,0.0
2024-04-30,1.361,1.366,1.375,1.357,802901.0,1096762.766,1.3196480938416433,0.14662756598240456,0.0020000000000000018,0.0
2024-05-06,1.37,1.383,1.383,1.365,1577776.0,2182064.208,1.3177159590043934,1.2445095168374776,0.016999999999999904,0.0
2024-05-07,1.381,1.382,1.384,1.373,727360.0,1005211.5199999999,0.7953723788864714,-0.0723065798987843,-0.001000000000000112,0.0
2024-05-08,1.381,1.384,1.389,1.378,879654.0,1217441.136,0.7959479015919045,0.14471780028944004,0.0020000000000000018,0.0
2024-05-09,1.381,1.394,1.396,1.38,1239005.0,1727172.97,1.156069364161851,0.7225433526011571,0.010000000000000009,0.0
2024-05-10,1.395,1.402,1.403,1.388,1142140.0,1601280.2799999998,1.0760401721664365,0.5738880918221057,0.008000000000000007,0.0
2024-05-13,1.4,1.405,1.408,1.386,1058065.0,1486581.325,1.5691868758915848,0.21398002853068032,0.0030000000000001137,0.0
2024-05-14,1.404,1.402,1.406,1.394,854498.0,1198006.196,0.8540925266903923,-0.2135231316726105,-0.0030000000000001137,0.0
2024-05-15,1.4,1.402,1.411,1.395,901803.0,1264327.8059999999,1.1412268188302437,0.0,0.0,0.0
2024-05-16,1.4,1.406,1.412,1.4,1109133.0,1559440.998,0.8559201141226828,0.28530670470756636,0.0040000000000000036,0.0
2024-05-17,1.406,1.419,1.422,1.4,902450.0,1280576.55,1.5647226173541977,0.9246088193456625,0.013000000000000123,0.0
2024-05-20,1.419,1.436,1.44,1.418,1073561.0,1541633.596,1.5503875968992262,1.1980267794221122,0.016999999999999904,0.0
2024-05-21,1.432,1.441,1.445,1.431,1563249.0,2252641.809,0.9749303621169926,0.3481894150417997,0.0050000000000001155,0.0
2024-05-22,1.441,1.441,1.453,1.438,932220.0,1343329.02,1.0409437890354005,0.0,0.0,0.0
2024-05-23,1.436,1.419,1.437,1.415,945224.0,1341272.8560000001,1.5267175572519098,-1.526717557251911,-0.02200000000000002,0.0
2024-05-24,1.42,1.416,1.435,1.415,879663.0,1245602.808,1.4094432699083874,-0.21141649048627142,-0.0030000000000001137,0.0
2024-05-27,1.415,1.439,1.44,1.415,1040790.0,1497696.81,1.7655367231638357,1.6242937853107486,0.02300000000000013,0.0
2024-05-28,1.439,1.433,1.441,1.429,1071140.0,1534943.62,0.8339124391938852,-0.4169562195969423,-0.006000000000000005,0.0
2024-05-29,1.431,1.433,1.446,1.428,1068563.0,1531250.779,1.256106071179345,0.0,0.0,0.0
2024-05-30,1.432,1.424,1.444,1.42,1205881.0,1717174.544,1.6748080949057935,-0.6280530355896818,-0.009000000000000119,0.0
2024-05-31,1.425,1.426,1.433,1.423,757951.0,1080838.126,0.7022471910112367,0.1404494382022392,0.0020000000000000018,0.0
2024-06-03,1.422,1.412,1.424,1.404,1205694.0,1702439.9279999998,1.4025245441795244,-0.9817671809256634,-0.014000000000000012,0.0
2024-06-04,1.41,1.422,1.423,1.404,1053158.0,1497590.676,1.3456090651558166,0.7082152974504208,0.010000000000000009,0.0
2024-06-05,1.421,1.403,1.423,1.402,923046.0,1295033.538,1.476793248945157,-1.336146272855132,-0.018999999999999906,0.0
2024-06-06,1.403,1.405,1.417,1.4,824924.0,1159018.22,1.2116892373485477,0.14255167498218313,0.0020000000000000018,0.0
2024-06-07,1.409,1.419,1.42,1.407,824992.0,1170663.648,0.9252669039145835,0.9964412811387824,0.014000000000000012,0.0
2024-06-11,1.416,1.395,1.417,1.386,1059713.0,1478299.635,2.184637068358008,-1.6913319238900604,-0.02400000000000002,0.0
2024-06-12,1.393,1.411,1.412,1.387,976653.0,1378057.3830000001,1.7921146953404954,1.1469534050179142,0.016000000000000014,0.0
2024-06-13,1.408,1.396,1.412,1.391,747021.0,1042841.3159999999,1.4883061658398233,-1.0630758327427436,-0.015000000000000124,0.0
2024-06-14,1.395,1.399,1.4,1.39,759681.0,1062793.719,0.7163323782234964,0.21489971346706493,0.0030000000000001137,0.0
2024-06-17,1.396,1.376,1.398,1.373,979396.0,1347648.896,1.786990707648314,-1.644031451036465,-0.02300000000000013,0.0
2024-06-18,1.374,1.382,1.384,1.368,927332.0,1281572.8239999998,1.1627906976744036,0.43604651162789665,0.006000000000000005,0.0
2024-06-19,1.381,1.377,1.386,1.375,1036383.0,1427099.391,0.7959479015918887,-0.3617945007235779,-0.004999999999999893,0.0
2024-06-20,1.377,1.375,1.383,1.37,998936.0,1373537.0,0.9440813362381917,-0.1452432824981864,-0.0020000000000000018,0.0
2024-06-21,1.374,1.375,1.381,1.37,948273.0,1303875.375,0.7999999999999926,0.0,0.0,0.0
2024-06-24,1.374,1.356,1.374,1.349,1059252.0,1436345.712,1.818181818181828,-1.381818181818173,-0.018999999999999906,0.0
2024-06-25,1.356,1.359,1.369,1.355,909579.0,1236117.861,1.0324483775811217,0.22123893805308104,0.0029999999999998916,0.0
2024-06-26,1.361,1.368,1.369,1.352,1192584.0,1631454.912,1.2509197939661445,0.6622516556291425,0.009000000000000119,0.0
2024-06-27,1.368,1.362,1.37,1.357,1315045.0,1791091.29,0.9502923976608277,-0.43859649122807154,-0.006000000000000005,0.0
2024-06-28,1.359,1.369,1.377,1.358,1155445.0,1581804.205,1.395007342143899,0.513950073421432,0.006999999999999895,0.0
2024-07-01,1.372,1.401,1.401,1.369,989448.0,1386216.648,2.33747260774288,2.3374726077428853,0.03200000000000003,0.0
2024-07-02,1.4,1.398,1.405,1.389,926097.0,1294683.606,1.1420413990007148,-0.21413276231264655,-0.0030000000000001137,0.0
2024-07-03,1.398,1.387,1.401,1.385,1296927.0,1798837.749,1.1444921316165961,-0.7868383404864066,-0.010999999999999899,0.0
2024-07-04,1.39,1.379,1.393,1.375,1120487.0,1545151.573,1.2977649603460717,-0.5767844268204758,-0.008000000000000007,0.0
2024-07-05,1.376,1.373,1.382,1.362,1287899.0,1768285.327,1.4503263234227552,-0.435097897026826,-0.006000000000000005,0.0
2024-07-08,1.371,1.363,1.376,1.362,1364611.0,1859964.793,1.0196649672250393,-0.7283321194464731,-0.010000000000000009,0.0
2024-07-09,1.363,1.382,1.384,1.355,1283875.0,1774315.2499999998,2.127659574468079,1.3939838591342513,0.018999999999999906,0.0
2024-07-10,1.381,1.356,1.381,1.354,1639327.0,2222927.412,1.9536903039073745,-1.8813314037626538,-0.0259999999999998,0.0
2024-07-11,1.359,1.36,1.363,1.351,1026898.0,1396581.28,0.8849557522123901,0.2949852507374562,0.0040000000000000036,0.0
2024-07-12,1.36,1.357,1.367,1.354,1290355.0,1751011.7349999999,0.9558823529411691,-0.22058823529412797,-0.0030000000000001137,0.0
2024-07-15,1.357,1.37,1.372,1.35,1011678.0,1385998.86,1.6212232866617553,0.9579955784819516,0.013000000000000123,0.0
2024-07-16,1.367,1.365,1.37,1.358,794398.0,1084353.27,0.8759124087591249,-0.36496350364964014,-0.0050000000000001155,0.0
2024-07-17,1.365,1.357,1.365,1.351,1172433.0,1590991.581,1.0256410256410264,-0.586080586080584,-0.008000000000000007,0.0
2024-07-18,1.355,1.357,1.357,1.342,1070265.0,1452349.605,1.105379513633007,0.0,0.0,0.0
2024-07-19,1.354,1.35,1.355,1.342,1082426.0,1461275.1,0.9579955784819381,-0.5158437730287346,-0.006999999999999895,0.0
2024-07-22,1.348,1.336,1.348,1.323,1288880.0,1721943.6800000002,1.8518518518518614,-1.0370370370370363,-0.014000000000000012,0.0
2024-07-23,1.333,1.319,1.334,1.318,796275.0,1050286.7249999999,1.1976047904191627,-1.272455089820368,-0.017000000000000126,0.0
2024-07-24,1.317,1.314,1.321,1.307,988950.0,1299480.3,1.0614101592115248,-0.37907505686125553,-0.004999999999999893,0.0
2024-07-25,1.313,1.314,1.314,1.301,754838.0,991857.1320000001,0.9893455098934644,0.0,0.0,0.0
2024-07-26,1.312,1.313,1.318,1.301,899248.0,1180712.6239999998,1.2937595129376045,-0.07610350076104888,-0.001000000000000112,0.0
2024-07-29,1.312,1.314,1.314,1.304,761198.0,1000214.172,0.7616146230007623,0.07616146230009502,0.001000000000000112,0.0
2024-07-30,1.313,1.305,1.313,1.299,847954.0,1106579.97,1.0654490106544912,-0.6849315068493289,-0.009000000000000119,0.0
2024-07-31,1.304,1.329,1.329,1.303,1204551.0,1600848.2789999999,1.9923371647509596,1.839080459770126,0.02400000000000002,0.0
2024-08-01,1.328,1.326,1.332,1.324,900273.0,1193761.9980000001,0.6019563581640337,-0.22573363431150906,-0.0029999999999998916,0.0
2024-08-02,1.324,1.323,1.328,1.314,698253.0,923788.7189999999,1.0558069381598802,-0.226244343891413,-0.0030000000000001137,0.0
2024-08-05,1.319,1.306,1.326,1.302,1234107.0,1611743.742,1.8140589569161016,-1.2849584278155635,-0.016999999999999904,0.0
2024-08-06,1.311,1.299,1.315,1.288,1151438.0,1495717.9619999998,2.067381316998462,-0.535987748851463,-0.007000000000000117,0.0
2024-08-07,1.296,1.303,1.31,1.293,892345.0,1162725.535,1.3086989992301867,0.3079291762894565,0.0040000000000000036,0.0
2024-08-08,1.304,1.312,1.313,1.3,1522825.0,1997946.4000000001,0.9976976208748964,0.6907137375287808,0.009000000000000119,0.0
2024-08-09,1.312,1.304,1.315,1.303,609713.0,795065.752,0.9146341463414642,-0.6097560975609762,-0.008000000000000007,0.0
2024-08-12,1.303,1.312,1.317,1.301,662884.0,869703.8080000001,1.226993865030676,0.6134969325153339,0.008000000000000007,0.0
2024-08-13,1.313,1.313,1.316,1.303,1317355.0,1729687.115,0.9908536585365948,0.07621951219511924,0.0009999999999998899,0.0
2024-08-14,1.313,1.309,1.315,1.307,1447294.0,1894507.846,0.6092916984006098,-0.30464584920030235,-0.0040000000000000036,0.0
2024-08-15,1.306,1.322,1.326,1.305,1006618.0,1330748.996,1.6042780748663201,0.9931245225363039,0.013000000000000123,0.0
2024-08-16,1.321,1.322,1.325,1.317,538826.0,712327.9720000001,0.6051437216338886,0.0,0.0,0.0
2024-08-19,1.322,1.335,1.335,1.32,916011.0,1222874.685,1.1346444780635325,0.9833585476550555,0.0129999999999999,0.0
2024-08-20,1.333,1.318,1.335,1.311,857404.0,1130058.472,1.7977528089887655,-1.2734082397003688,-0.016999999999999904,0.0
2024-08-21,1.317,1.303,1.317,1.298,933129.0,1215867.0869999998,1.4415781487101598,-1.1380880121396153,-0.015000000000000124,0.0
2024-08-22,1.304,1.303,1.311,1.301,1007534.0,1312816.802,0.7674597083653115,0.0,0.0,0.0
2024-08-23,1.302,1.304,1.308,1.298,678705.0,885031.3200000001,0.7674597083653115,0.07674597083653367,0.001000000000000112,0.0
2024-08-26,1.303,1.302,1.306,1.294,603017.0,785128.1340000001,0.9202453987730069,-0.15337423312883347,-0.0020000000000000018,0.0
2024-08-27,1.301,1.301,1.303,1.297,580094.0,754702.294,0.46082949308755805,-0.07680491551460555,-0.001000000000000112,0.0
2024-08-28,1.301,1.296,1.305,1.292,894011.0,1158638.256,0.9992313604919216,-0.3843197540353449,-0.004999999999999893,0.0
2024-08-29,1.295,1.276,1.295,1.275,1122113.0,1431816.188,1.5432098765432112,-1.5432098765432167,-0.020000000000000018,0.0
2024-08-30,1.275,1.283,1.296,1.267,1122334.0,1439954.5219999999,2.2727272727272836,0.5485893416927734,0.006999999999999895,0.0
2024-09-02,1.28,1.283,1.293,1.27,645783.0,828539.5889999999,1.7926734216679587,0.0,0.0,0.0
2024-09-03,1.283,1.275,1.288,1.268,1474313.0,1879749.075,1.5588464536243196,-0.623538581449723,-0.008000000000000007,0.0
2024-09-04,1.273,1.273,1.279,1.265,887710.0,1130054.8299999998,1.0980392156862755,-0.15686274509804088,-0.0020000000000000018,0.0
2024-09-05,1.275,1.276,1.279,1.27,553258.0,705957.208,0.7069913589944932,0.23566378633150808,0.0030000000000001137,0.0
2024-09-06,1.274,1.263,1.279,1.261,800162.0,1010604.6059999999,1.4106583072100327,-1.0188087774294807,-0.013000000000000123,0.0
2024-09-09,1.26,1.238,1.26,1.234,1207597.0,1495005.086,2.0585906571654813,-1.9794140934283333,-0.02499999999999991,0.0
2024-09-10,1.238,1.238,1.242,1.225,903524.0,1118562.712,1.373182552504031,0.0,0.0,0.0
2024-09-11,1.237,1.215,1.237,1.209,1043520.0,1267876.8,2.2617124394184187,-1.8578352180936952,-0.02299999999999991,0.0
2024-09-12,1.217,1.218,1.223,1.209,835589.0,1017747.402,1.1522633744855977,0.24691358024691024,0.0029999999999998916,0.0
2024-09-13,1.218,1.213,1.226,1.211,1106723.0,1342454.999,1.2315270935960512,-0.4105090311986803,-0.004999999999999893,0.0
2024-09-18,1.212,1.227,1.228,1.208,911342.0,1118216.634,1.648804616652928,1.154163231657046,0.014000000000000012,0.0
2024-09-19,1.228,1.232,1.237,1.217,907456.0,1117985.792,1.629991850040751,0.4074979625101838,0.004999999999999893,0.0
2024-09-20,1.234,1.23,1.234,1.223,925433.0,1138282.59,0.8928571428571347,-0.16233766233766378,-0.0020000000000000018,0.0
2024-09-23,1.228,1.246,1.247,1.228,872515.0,1087153.69,1.544715447154482,1.300813008130075,0.016000000000000014,0.0
2024-09-24,1.25,1.304,1.305,1.25,2662178.0,3471480.112,4.414125200642049,4.65489566613162,0.05800000000000005,0.0
2024-09-25,1.323,1.325,1.355,1.322,2122639.0,2812496.675,2.5306748466257605,1.6104294478527459,0.020999999999999908,0.0
2024-09-26,1.322,1.378,1.379,1.321,2044501.0,2817322.3779999996,4.377358490566042,4.0000000000000036,0.052999999999999936,0.0
2024-09-27,1.397,1.382,1.409,1.361,1459136.0,2016525.9519999998,3.4833091436865056,0.2902757619738683,0.0040000000000000036,0.0
2024-09-30,1.417,1.5,1.51,1.407,3885181.0,5827771.5,7.452966714905933,8.538350217076719,0.1180000000000001,0.0
2024-10-08,1.66,1.511,1.662,1.465,3513502.0,5308901.522,13.133333333333322,0.7333333333333192,0.010999999999999899,0.0
2024-10-09,1.402,1.38,1.485,1.378,3089358.0,4263314.04,7.08140304434151,-8.669755129053602,-0.131,0.0
2024-10-10,1.384,1.431,1.469,1.384,3201656.0,4581569.7360000005,6.1594202898550865,3.6956521739130554,0.051000000000000156,0.0
2024-10-11,1.443,1.407,1.445,1.392,1855830.0,2611152.81,3.703703703703715,-1.6771488469601636,-0.02400000000000002,0.0
2024-10-14,1.416,1.446,1.457,1.415,1499866.0,2168806.236,2.9850746268656745,2.771855010660973,0.038999999999999924,0.0
2024-10-15,1.438,1.413,1.446,1.411,1259944.0,1780300.872,2.4204702627939088,-2.2821576763485396,-0.03299999999999992,0.0
2024-10-16,1.403,1.433,1.442,1.401,988635.0,1416713.955,2.901627742392068,1.415428167020516,0.020000000000000018,0.0
2024-10-17,1.434,1.409,1.445,1.408,1429787.0,2014569.8830000001,2.5819958129797724,-1.6748080949057886,-0.02400000000000002,0.0
2024-10-18,1.416,1.422,1.441,1.388,1668558.0,2372689.476,3.7615330021291813,0.9226401703335663,0.0129999999999999,0.0
2024-10-21,1.431,1.413,1.432,1.402,2309928.0,3263928.264,2.1097046413502127,-0.6329113924050556,-0.008999999999999897,0.0
2024-10-22,1.41,1.418,1.422,1.407,749451.0,1062721.518,1.0615711252653859,0.35385704175512345,0.004999999999999893,0.0
2024-10-23,1.416,1.421,1.427,1.416,1052733.0,1495933.593,0.7757404795486686,0.21156558533146352,0.0030000000000001137,0.0
2024-10-24,1.421,1.415,1.422,1.41,1090417.0,1542940.055,0.8444757213230127,-0.4222378606615118,-0.006000000000000005,0.0
2024-10-25,1.415,1.418,1.421,1.412,941248.0,1334689.6639999999,0.6360424028268635,0.21201413427560656,0.0029999999999998916,0.0
2024-10-28,1.416,1.432,1.432,1.411,1415319.0,2026736.808,1.4809590973201627,0.9873060648801113,0.014000000000000012,0.0
2024-10-29,1.432,1.407,1.434,1.405,1466310.0,2063098.17,2.0251396648044633,-1.745810055865915,-0.02499999999999991,0.0
2024-10-30,1.405,1.393,1.412,1.385,1218746.0,1697713.178,1.9189765458422114,-0.995024875621886,-0.014000000000000012,0.0
2024-10-31,1.389,1.388,1.394,1.374,1194185.0,1657528.7799999998,1.4357501794687577,-0.3589375448671994,-0.0050000000000001155,0.0
2024-11-01,1.384,1.401,1.411,1.384,1522161.0,2132547.561,1.9452449567723442,0.9365994236311348,0.013000000000000123,0.0
2024-11-04,1.404,1.412,1.413,1.392,966869.0,1365219.028,1.4989293361884461,0.7851534618129818,0.010999999999999899,0.0
2024-11-05,1.412,1.432,1.432,1.409,1479342.0,2118417.744,1.6288951841359711,1.4164305949008416,0.020000000000000018,0.0
2024-11-06,1.433,1.427,1.435,1.419,2264322.0,3231187.494,1.117318435754191,-0.34916201117317636,-0.004999999999999893,0.0
2024-11-07,1.422,1.458,1.459,1.418,2244991.0,3273196.878,2.8731604765241867,2.1723896285914535,0.030999999999999917,0.0
2024-11-08,1.46,1.442,1.467,1.431,2376639.0,3427113.438,2.469135802469138,-1.0973936899862813,-0.016000000000000014,0.0
2024-11-11,1.436,1.427,1.437,1.41,1423051.0,2030693.777,1.8723994452149888,-1.0402219140083102,-0.014999999999999902,0.0
2024-11-12,1.426,1.418,1.44,1.412,1395994.0,1979519.4919999999,1.9621583742116346,-0.6306937631394671,-0.009000000000000119,0.0
2024-11-13,1.417,1.426,1.428,1.413,1819070.0,2593993.82,1.057827926657257,0.5641748942172065,0.008000000000000007,0.0
2024-11-14,1.425,1.406,1.427,1.404,1925820.0,2707702.92,1.6129032258064608,-1.4025245441795287,-0.020000000000000018,0.0
2024-11-15,1.405,1.401,1.417,1.4,1557343.0,2181837.543,1.209103840682797,-0.35561877667139585,-0.004999999999999893,0.0
2024-11-18,1.408,1.428,1.447,1.408,1787978.0,2553232.584,2.78372591006425,1.9271948608136968,0.026999999999999913,0.0
2024-11-19,1.427,1.425,1.43,1.406,1226703.0,1748051.7750000001,1.6806722689075646,-0.21008403361343353,-0.0029999999999998916,0.0
2024-11-20,1.421,1.43,1.431,1.417,1110887.0,1588568.41,0.9824561403508781,0.35087719298245723,0.004999999999999893,0.0
2024-11-21,1.429,1.431,1.434,1.423,803862.0,1150326.522,0.7692307692307622,0.06993006993007977,0.001000000000000112,0.0
2024-11-22,1.431,1.391,1.434,1.39,1315921.0,1830446.111,3.0747728860936436,-2.795248078266943,-0.040000000000000036,0.0
2024-11-25,1.393,1.39,1.403,1.381,1168519.0,1624241.41,1.58159597411934,-0.07189072609634639,-0.001000000000000112,0.0
2024-11-26,1.388,1.391,1.397,1.385,1056494.0,1469583.154,0.8633093525179865,0.07194244604318278,0.001000000000000112,0.0
2024-11-27,1.389,1.406,1.406,1.373,1269288.0,1784618.9279999998,2.372393961179002,1.078360891444996,0.014999999999999902,0.0
2024-11-28,1.406,1.403,1.411,1.4,1235969.0,1734064.507,0.7823613086771067,-0.2133712660028375,-0.0029999999999998916,0.0
2024-11-29,1.404,1.414,1.419,1.404,1192060.0,1685572.8399999999,1.0691375623663668,0.784034212401985,0.010999999999999899,0.0
2024-12-02,1.418,1.42,1.421,1.407,1213963.0,1723827.46,0.990099009900991,0.4243281471004279,0.006000000000000005,0.0
2024-12-03,1.418,1.432,1.434,1.412,1246958.0,1785643.856,1.5492957746478888,0.8450704225352101,0.01200000000000001,0.0
2024-12-04,1.432,1.436,1.443,1.422,1287801.0,1849282.236,1.4664804469273833,0.27932960893854997,0.0040000000000000036,0.0
2024-12-05,1.439,1.434,1.439,1.432,968716.0,1389138.744,0.487465181058504,-0.139275766016711,-0.0020000000000000018,0.0
2024-12-06,1.435,1.454,1.457,1.434,1452544.0,2111998.976,1.6039051603905254,1.3947001394700065,0.020000000000000018,0.0
2024-12-09,1.454,1.457,1.465,1.448,1783087.0,2597957.759,1.169188445667134,0.20632737276480295,0.0030000000000001137,0.0
2024-12-10,1.492,1.459,1.495,1.455,1724315.0,2515775.585,2.7453671928620476,0.13726835964309458,0.0020000000000000018,0.0
2024-12-11,1.459,1.468,1.469,1.455,2038955.0,2993185.94,0.9595613433858816,0.6168608636051953,0.008999999999999897,0.0
2024-12-12,1.468,1.473,1.473,1.461,1646613.0,2425460.949,0.8174386920980934,0.34059945504087974,0.0050000000000001155,0.0
2024-12-13,1.471,1.449,1.471,1.446,1613926.0,2338578.774,1.6972165648336817,-1.6293279022403295,-0.02400000000000002,0.0
2024-12-16,1.447,1.457,1.465,1.443,2351254.0,3425777.078,1.5182884748102152,0.552104899930983,0.008000000000000007,0.0
2024-12-17,1.457,1.449,1.465,1.446,2222472.0,3220361.9280000003,1.3040494166094803,-0.5490734385724116,-0.008000000000000007,0.0
2024-12-18,1.454,1.458,1.471,1.454,2375588.0,3463607.304,1.173222912353356,0.6211180124223503,0.008999999999999897,0.0
2024-12-19,1.454,1.442,1.455,1.435,2672094.0,3853159.548,1.3717421124828546,-1.0973936899862813,-0.016000000000000014,0.0
2024-12-20,1.44,1.432,1.443,1.428,2408267.0,3448638.344,1.0402219140083304,-0.6934812760055475,-0.010000000000000009,0.0
2024-12-23,1.433,1.431,1.445,1.429,1850362.0,2647868.022,1.117318435754191,-0.06983240223462639,-0.0009999999999998899,0.0
2024-12-24,1.43,1.446,1.45,1.43,1673697.0,2420165.8619999997,1.3976240391334742,1.0482180293500898,0.014999999999999902,0.0
2024-12-25,1.446,1.452,1.455,1.443,2120449.0,3078891.948,0.8298755186721999,0.4149377593360981,0.006000000000000005,0.0
2024-12-26,1.453,1.449,1.453,1.443,1467287.0,2126098.863,0.6887052341597802,-0.20661157024792765,-0.0029999999999998916,0.0
2024-12-27,1.448,1.45,1.451,1.436,1900185.0,2755268.25,1.0351966873706089,0.06901311249136732,0.0009999999999998899,0.0
2024-12-30,1.449,1.467,1.469,1.447,1889419.0,2771777.673,1.5172413793103463,1.1724137931034662,0.017000000000000126,0.0
2024-12-31,1.468,1.463,1.479,1.461,2322332.0,3397571.716,1.226993865030676,-0.27266530334014716,-0.0040000000000000036,0.0
2025-01-02,1.463,1.43,1.469,1.421,2808475.0,4016119.25,3.2809295967190732,-2.2556390977443663,-0.03300000000000014,0.0
2025-01-03,1.431,1.416,1.442,1.415,2751742.0,3896466.672,1.8881118881118824,-0.9790209790209836,-0.014000000000000012,0.0
2025-01-06,1.418,1.422,1.428,1.407,2148758.0,3055533.8759999997,1.4830508474576207,0.4237288135593209,0.006000000000000005,0.0
2025-01-07,1.421,1.417,1.426,1.405,1893869.0,2683612.373,1.4767932489451412,-0.35161744022502717,-0.004999999999999893,0.0
2025-01-08,1.414,1.415,1.42,1.398,1528523.0,2162860.045,1.5525758645024712,-0.14114326040931546,-0.0020000000000000018,0.0
2025-01-09,1.413,1.395,1.413,1.393,1601007.0,2233404.765,1.413427561837457,-1.4134275618374548,-0.020000000000000018,0.0
2025-01-10,1.393,1.374,1.399,1.372,2215000.0,3043410.0000000005,1.9354838709677358,-1.505376344086018,-0.020999999999999908,0.0
2025-01-13,1.367,1.359,1.374,1.355,1893354.0,2573068.086,1.3828238719068506,-1.091703056768567,-0.015000000000000124,0.0
2025-01-14,1.365,1.386,1.388,1.36,2296497.0,3182944.8419999997,2.060338484179529,1.9867549668874052,0.026999999999999913,0.0
2025-01-15,1.388,1.389,1.4,1.382,1150236.0,1597677.804,1.2987012987013,0.21645021645022577,0.0030000000000001137,0.0
2025-01-16,1.392,1.4,1.407,1.392,1358010.0,1901213.9999999998,1.079913606911456,0.7919366450683807,0.010999999999999899,0.0
2025-01-17,1.397,1.396,1.4,1.387,1104249.0,1541531.6039999998,0.9285714285714215,-0.28571428571428914,-0.0040000000000000036,0.0
2025-01-20,1.399,1.393,1.403,1.391,1177094.0,1639691.942,0.8595988538681957,-0.21489971346704273,-0.0029999999999998916,0.0
2025-01-21,1.396,1.385,1.398,1.381,1204448.0,1668160.48,1.2203876525484496,-0.5743000717875146,-0.008000000000000007,0.0
2025-01-22,1.384,1.369,1.384,1.365,1555371.0,2129302.899,1.3718411552346501,-1.1552346570397165,-0.016000000000000014,0.0
2025-01-23,1.381,1.386,1.395,1.378,2150418.0,2980479.3479999998,1.2417823228634133,1.241782322863405,0.016999999999999904,0.0
2025-01-24,1.388,1.398,1.401,1.381,1717846.0,2401548.7079999996,1.4430014430014444,0.8658008658008587,0.01200000000000001,0.0
2025-01-27,1.403,1.416,1.42,1.4,1711701.0,2423768.616,1.4306151645207452,1.2875536480686733,0.018000000000000016,0.0
2025-02-05,1.416,1.388,1.418,1.383,2004465.0,2782197.42,2.471751412429373,-1.9774011299435013,-0.028000000000000025,0.0
2025-02-06,1.387,1.388,1.388,1.377,1853101.0,2572104.1879999996,0.7925072046109437,0.0,0.0,0.0
2025-02-07,1.388,1.4,1.401,1.381,2032910.0,2846074.0,1.4409221902017304,0.8645533141210304,0.01200000000000001,0.0
2025-02-10,1.4,1.396,1.4,1.392,1414266.0,1974315.336,0.571428571428572,-0.28571428571428914,-0.0040000000000000036,0.0
2025-02-11,1.397,1.4,1.4,1.395,1393947.0,1951525.7999999998,0.35816618911174025,0.2865329512893977,0.0040000000000000036,0.0
2025-02-12,1.4,1.4,1.402,1.392,1571457.0,2200039.8,0.714285714285715,0.0,0.0,0.0
2025-02-13,1.4,1.404,1.408,1.398,1478343.0,2075593.572,0.714285714285715,0.28571428571428914,0.0040000000000000036,0.0
2025-02-14,1.403,1.406,1.407,1.396,1664650.0,2340497.9,0.7834757834757922,0.14245014245013454,0.0020000000000000018,0.0
2025-02-17,1.406,1.399,1.407,1.393,1718466.0,2404133.934,0.9957325746799441,-0.4978662873399653,-0.006999999999999895,0.0
2025-02-18,1.397,1.393,1.404,1.39,1779670.0,2479080.31,1.0007147962830603,-0.42887776983560055,-0.006000000000000005,0.0
2025-02-19,1.393,1.389,1.393,1.386,1442329.0,2003394.981,0.5025125628140787,-0.2871500358937573,-0.0040000000000000036,0.0
2025-02-20,1.387,1.386,1.389,1.382,1101808.0,1527105.8879999998,0.5039596832253505,-0.2159827213823018,-0.0030000000000001137,0.0
2025-02-21,1.385,1.375,1.386,1.372,2646751.0,3639282.625,1.010101010100995,-0.7936507936507908,-0.010999999999999899,0.0
2025-02-24,1.375,1.377,1.38,1.37,1679630.0,2312850.51,0.7272727272727117,0.1454545454545375,0.0020000000000000018,0.0
2025-02-25,1.375,1.368,1.377,1.365,1780767.0,2436089.256,0.8714596949891076,-0.6535947712418277,-0.008999999999999897,0.0
2025-02-26,1.366,1.387,1.388,1.366,2489085.0,3452360.895,1.608187134502909,1.388888888888884,0.018999999999999906,0.0
2025-02-27,1.387,1.402,1.403,1.386,1896872.0,2659414.5439999998,1.2256669069935202,1.0814708002883755,0.014999999999999902,0.0
2025-02-28,1.402,1.391,1.407,1.39,2325641.0,3234966.631,1.2125534950071417,-0.7845934379457797,-0.010999999999999899,0.0
2025-03-03,1.391,1.388,1.397,1.385,2091124.0,2902480.1119999997,0.8626887131560037,-0.21567217828900587,-0.0030000000000001137,0.0
2025-03-04,1.385,1.388,1.392,1.382,1493668.0,2073211.184,0.7204610951008652,0.0,0.0,0.0
2025-03-05,1.388,1.395,1.395,1.384,1039015.0,1449425.925,0.7925072046109597,0.5043227665706196,0.007000000000000117,0.0
2025-03-06,1.395,1.397,1.399,1.389,2007142.0,2803977.374,0.7168458781362014,0.14336917562725038,0.0020000000000000018,0.0
2025-03-07,1.394,1.397,1.402,1.392,1867044.0,2608260.468,0.7158196134574093,0.0,0.0,0.0
2025-03-10,1.396,1.402,1.404,1.395,1458491.0,2044804.382,0.6442376521116604,0.35790980672869566,0.004999999999999893,0.0
2025-03-11,1.397,1.408,1.409,1.393,1490929.0,2099228.0319999997,1.1412268188302437,0.42796005706133844,0.006000000000000005,0.0
2025-03-12,1.408,1.405,1.412,1.404,1062561.0,1492898.205,0.5681818181818187,-0.21306818181817677,-0.0029999999999998916,0.0
2025-03-13,1.405,1.417,1.418,1.405,1393128.0,1974062.3760000002,0.9252669039145835,0.8540925266903976,0.01200000000000001,0.0
2025-03-14,1.418,1.427,1.428,1.415,2041597.0,2913358.919,0.9174311926605434,0.7057163020465884,0.010000000000000009,0.0
2025-03-17,1.427,1.433,1.436,1.426,1474209.0,2112541.497,0.7007708479327266,0.42046250875964475,0.006000000000000005,0.0
2025-03-18,1.436,1.43,1.436,1.426,1290620.0,1845586.5999999999,0.6978367062107473,-0.20935101186323468,-0.0030000000000001137,0.0
2025-03-19,1.431,1.432,1.434,1.425,1231458.0,1763447.856,0.6293706293706223,0.13986013986013734,0.0020000000000000018,0.0
2025-03-20,1.433,1.427,1.436,1.426,1371577.0,1957240.379,0.6983240223463694,-0.34916201117317636,-0.004999999999999893,0.0
2025-03-21,1.428,1.423,1.436,1.416,1451610.0,2065641.03,1.4015416958654532,-0.2803083391730854,-0.0040000000000000036,0.0
2025-03-24,1.422,1.431,1.431,1.42,1370561.0,1961272.791,0.7730147575544709,0.5621925509486925,0.008000000000000007,0.0
2025-03-25,1.43,1.441,1.441,1.428,1589197.0,2290032.877,0.9084556254367662,0.6988120195667413,0.010000000000000009,0.0
2025-03-26,1.441,1.44,1.441,1.434,1405330.0,2023675.2,0.48577376821652446,-0.0693962526023717,-0.001000000000000112,0.0
2025-03-27,1.44,1.436,1.44,1.434,1026918.0,1474654.248,0.4166666666666671,-0.2777777777777768,-0.0040000000000000036,0.0
2025-03-28,1.437,1.427,1.437,1.423,1207991.0,1723803.1570000001,0.9749303621169926,-0.6267409470751995,-0.008999999999999897,0.0
2025-03-31,1.425,1.419,1.431,1.415,1283231.0,1820904.789,1.1212333566923627,-0.5606166783461819,-0.008000000000000007,0.0
2025-04-01,1.419,1.432,1.433,1.418,1051629.0,1505932.728,1.0570824524312983,0.9161381254404466,0.0129999999999999,0.0
2025-04-02,1.432,1.436,1.441,1.432,1064315.0,1528356.3399999999,0.6284916201117402,0.27932960893854997,0.0040000000000000036,0.0
2025-04-03,1.432,1.44,1.441,1.428,1150913.0,1657314.72,0.9052924791086436,0.278551532033422,0.0040000000000000036,0.0
2025-04-07,1.415,1.342,1.415,1.317,5100349.0,6844668.358,6.805555555555562,-6.805555555555543,-0.09799999999999986,0.0
2025-04-08,1.35,1.375,1.375,1.349,2605560.0,3582645.0,1.937406855439644,2.4590163934426146,0.03299999999999992,0.0
2025-04-09,1.368,1.377,1.379,1.343,2839340.0,3909771.18,2.6181818181818204,0.1454545454545375,0.0020000000000000018,0.0
2025-04-10,1.381,1.392,1.399,1.381,2533745.0,3526973.0399999996,1.3071895424836613,1.089324618736387,0.014999999999999902,0.0
2025-04-11,1.386,1.388,1.392,1.383,1737432.0,2411555.616,0.6465517241379236,-0.2873563218390829,-0.0040000000000000036,0.0
2025-04-14,1.39,1.4,1.401,1.388,1028205.0,1439487.0,0.9365994236311329,0.8645533141210304,0.01200000000000001,0.0
2025-04-15,1.4,1.406,1.407,1.395,952462.0,1339161.572,0.8571428571428579,0.4285714285714226,0.006000000000000005,0.0
2025-04-16,1.403,1.409,1.413,1.399,1463960.0,2062719.6400000001,0.9957325746799441,0.21337126600284861,0.0030000000000001137,0.0
2025-04-17,1.407,1.408,1.411,1.403,798448.0,1124214.784,0.5677785663591204,-0.07097232079489313,-0.001000000000000112,0.0
2025-04-18,1.406,1.41,1.412,1.405,855277.0,1205940.5699999998,0.4971590909090835,0.14204545454545858,0.0020000000000000018,0.0
2025-04-21,1.409,1.408,1.419,1.407,1094829.0,1541519.2319999998,0.8510638297872349,-0.14184397163120588,-0.0020000000000000018,0.0
2025-04-22,1.408,1.415,1.418,1.407,1256911.0,1778529.065,0.7812499999999929,0.49715909090910504,0.007000000000000117,0.0
2025-04-23,1.418,1.409,1.418,1.407,3110227.0,4382309.843,0.7773851590105936,-0.4240282685512353,-0.006000000000000005,0.0
2025-04-24,1.409,1.415,1.419,1.407,1137828.0,1610026.62,0.8516678495386806,0.42583392476933657,0.006000000000000005,0.0
2025-04-25,1.415,1.413,1.418,1.412,821686.0,1161042.318,0.42402826855123715,-0.1413427561837488,-0.0020000000000000018,0.0
2025-04-28,1.413,1.415,1.416,1.41,1233278.0,1745088.37,0.42462845010615746,0.14154281670204494,0.0020000000000000018,0.0
2025-04-29,1.412,1.411,1.416,1.407,1122031.0,1583185.741,0.6360424028268479,-0.2826855123674865,-0.0040000000000000036,0.0
2025-04-30,1.41,1.401,1.411,1.401,1297086.0,1817217.486,0.7087172218284911,-0.7087172218284921,-0.010000000000000009,0.0
2025-05-06,1.402,1.404,1.406,1.397,847084.0,1189305.936,0.6423982869378941,0.21413276231263545,0.0029999999999998916,0.0
2025-05-07,1.409,1.413,1.417,1.409,1208746.0,1707958.098,0.5698005698005704,0.6410256410256387,0.009000000000000119,0.0
2025-05-08,1.413,1.418,1.419,1.409,1071710.0,1519684.78,0.7077140835102625,0.35385704175512345,0.004999999999999893,0.0
2025-05-09,1.417,1.424,1.427,1.417,1173600.0,1671206.4,0.7052186177715098,0.42313117066290484,0.006000000000000005,0.0
2025-05-12,1.426,1.43,1.431,1.424,1170452.0,1673746.3599999999,0.4915730337078734,0.4213483146067398,0.006000000000000005,0.0
2025-05-13,1.433,1.44,1.441,1.43,1286921.0,1853166.24,0.7692307692307777,0.6993006993007089,0.010000000000000009,0.0
2025-05-14,1.439,1.449,1.449,1.435,1174409.0,1701718.641,0.9722222222222231,0.6250000000000089,0.009000000000000119,0.0
2025-05-15,1.448,1.444,1.453,1.442,994668.0,1436300.592,0.7591442374051153,-0.3450655624568699,-0.0050000000000001155,0.0
2025-05-16,1.442,1.438,1.444,1.431,984555.0,1415790.0899999999,0.9002770083102425,-0.41551246537395725,-0.006000000000000005,0.0
2025-05-19,1.438,1.44,1.442,1.436,589865.0,849405.6,0.41724617524339397,0.13908205841446364,0.0020000000000000018,0.0
2025-05-20,1.442,1.446,1.448,1.441,679292.0,982256.232,0.48611111111110383,0.4166666666666652,0.006000000000000005,0.0
2025-05-21,1.447,1.457,1.46,1.446,1101324.0,1604629.068,0.9681881051175666,0.7607192254495132,0.01100000000000012,0.0
2025-05-22,1.456,1.453,1.457,1.451,537834.0,781472.802,0.4118050789293072,-0.27453671928620027,-0.0040000000000000036,0.0
2025-05-23,1.454,1.442,1.463,1.441,1054937.0,1521219.1539999999,1.5141087405368217,-0.7570543702684174,-0.01100000000000012,0.0
2025-05-26,1.441,1.433,1.442,1.427,1187272.0,1701360.776,1.040221914008315,-0.6241331484049817,-0.008999999999999897,0.0
2025-05-27,1.433,1.429,1.434,1.423,738894.0,1055879.526,0.7676203768318143,-0.2791346824842944,-0.0040000000000000036,0.0
2025-05-28,1.429,1.432,1.433,1.424,812333.0,1163260.856,0.6298110566830034,0.20993701889433503,0.0029999999999998916,0.0
2025-05-29,1.432,1.436,1.437,1.429,806082.0,1157533.7519999999,0.5586592178770955,0.27932960893854997,0.0040000000000000036,0.0
2025-05-30,1.435,1.44,1.44,1.433,977692.0,1407876.48,0.4874651810584886,0.278551532033422,0.0040000000000000036,0.0
2025-06-03,1.438,1.442,1.445,1.43,923006.0,1330974.652,1.0416666666666752,0.1388888888888884,0.0020000000000000018,0.0
2025-06-04,1.443,1.447,1.448,1.44,605519.0,876185.993,0.5547850208044388,0.34674063800277377,0.0050000000000001155,0.0
2025-06-05,1.447,1.441,1.45,1.438,1062220.0,1530659.02,0.8293020041465107,-0.4146510020732519,-0.006000000000000005,0.0
2025-06-06,1.441,1.442,1.447,1.44,580984.0,837778.928,0.48577376821652446,0.0693962526023606,0.0009999999999998899,0.0
2025-06-09,1.442,1.444,1.445,1.437,855493.0,1235331.892,0.5547850208044388,0.1386962552011095,0.0020000000000000018,0.0
2025-06-10,1.444,1.444,1.452,1.438,1230477.0,1776808.788,0.9695290858725771,0.0,0.0,0.0
2025-06-11,1.443,1.452,1.453,1.443,1302910.0,1891825.3199999998,0.6925207756232694,0.5540166204986097,0.008000000000000007,0.0
2025-06-12,1.451,1.452,1.453,1.447,756485.0,1098416.22,0.4132231404958681,0.0,0.0,0.0
2025-06-13,1.45,1.444,1.453,1.441,1061752.0,1533169.888,0.8264462809917362,-0.5509641873278293,-0.008000000000000007,0.0
2025-06-16,1.446,1.445,1.446,1.44,979894.0,1415946.83,0.4155124653739616,0.06925207756234286,0.001000000000000112,0.0
2025-06-17,1.449,1.446,1.45,1.443,585772.0,847026.3119999999,0.4844290657439374,0.06920415224913601,0.0009999999999998899,0.0
2025-06-18,1.445,1.447,1.448,1.438,1019891.0,1475782.277,0.6915629322268333,0.06915629322268302,0.001000000000000112,0.0
2025-06-19,1.444,1.436,1.446,1.433,940667.0,1350797.812,0.8984105044920455,-0.7601935038009766,-0.01100000000000012,0.0
2025-06-20,1.436,1.442,1.444,1.435,731764.0,1055203.6879999998,0.6267409470752018,0.41782729805013297,0.006000000000000005,0.0
2025-06-23,1.441,1.448,1.449,1.433,1143751.0,1656151.4479999999,1.1095700416088776,0.4160887656033285,0.006000000000000005,0.0
2025-06-24,1.447,1.452,1.452,1.443,1184232.0,1719504.864,0.6215469613259597,0.2762430939226457,0.0040000000000000036,0.0
2025-06-25,1.452,1.459,1.462,1.447,1622272.0,2366894.848,1.0330578512396627,0.4820936639118534,0.007000000000000117,0.0
2025-06-26,1.459,1.462,1.465,1.457,1266998.0,1852351.076,0.5483207676490752,0.20562028786839104,0.0029999999999998916,0.0
2025-06-27,1.463,1.456,1.472,1.453,1522098.0,2216174.688,1.2995896032831673,-0.41039671682626677,-0.006000000000000005,0.0
2025-06-30,1.454,1.456,1.458,1.45,955636.0,1391406.016,0.5494505494505499,0.0,0.0,0.0
2025-07-01,1.457,1.467,1.468,1.455,893411.0,1310633.9370000002,0.892857142857136,0.7554945054945028,0.01100000000000012,0.0
2025-07-02,1.467,1.478,1.479,1.466,1080171.0,1596492.738,0.8861622358554956,0.749829584185413,0.010999999999999899,0.0
2025-07-03,1.478,1.48,1.481,1.472,716592.0,1060556.16,0.6089309878213883,0.13531799729364913,0.0020000000000000018,0.0
2025-07-04,1.478,1.486,1.494,1.477,1266818.0,1882491.548,1.148648648648642,0.40540540540541237,0.006000000000000005,0.0
2025-07-07,1.486,1.494,1.495,1.483,1305976.0,1951128.144,0.8075370121130558,0.5383580080753791,0.008000000000000007,0.0
2025-07-08,1.493,1.497,1.498,1.488,990725.0,1483115.3250000002,0.6693440428380193,0.20080321285140812,0.0030000000000001137,0.0
2025-07-09,1.497,1.502,1.505,1.496,859863.0,1291514.226,0.6012024048096123,0.33400133600534065,0.004999999999999893,0.0
2025-07-10,1.5,1.512,1.516,1.499,1601351.0,2421242.712,1.131824234354188,0.665778961384822,0.010000000000000009,0.0
2025-07-11,1.512,1.505,1.519,1.504,2378398.0,3579488.9899999998,0.9920634920634855,-0.4629629629629761,-0.007000000000000117,0.0
2025-07-14,1.505,1.517,1.519,1.504,1656687.0,2513194.179,0.9966777408637809,0.7973421926910307,0.01200000000000001,0.0
2025-07-15,1.513,1.496,1.514,1.492,1582400.0,2367270.4,1.450230718523403,-1.3843111404087005,-0.020999999999999908,0.0
2025-07-16,1.496,1.492,1.497,1.484,1489134.0,2221787.928,0.8689839572192595,-0.2673796791443861,-0.0040000000000000036,0.0
2025-07-17,1.492,1.491,1.496,1.487,1056693.0,1575529.263,0.6032171581769368,-0.06702412868632157,-0.0009999999999998899,0.0
2025-07-18,1.491,1.496,1.498,1.491,834750.0,1248786.0,0.46948356807511027,0.3353454057679395,0.004999999999999893,0.0
2025-07-21,1.5,1.516,1.517,1.498,1219511.0,1848778.676,1.2700534759358224,1.3368983957219305,0.020000000000000018,0.0
2025-07-22,1.517,1.542,1.544,1.508,2344291.0,3614896.722,2.3746701846965723,1.715039577836408,0.026000000000000023,0.0
2025-07-23,1.55,1.536,1.557,1.535,2248943.0,3454376.448,1.4267185473411166,-0.3891050583657574,-0.006000000000000005,0.0
2025-07-24,1.535,1.543,1.544,1.528,1403193.0,2165126.799,1.0416666666666676,0.45572916666665186,0.006999999999999895,0.0
2025-07-25,1.542,1.535,1.549,1.532,946644.0,1453098.54,1.101749837977959,-0.5184705119896327,-0.008000000000000007,0.0
2025-07-28,1.531,1.52,1.534,1.517,1306237.0,1985480.24,1.1074918566775327,-0.9771986970683932,-0.014999999999999902,0.0
2025-07-29,1.518,1.52,1.521,1.508,1397957.0,2124894.64,0.8552631578947303,0.0,0.0,0.0
2025-07-30,1.519,1.522,1.534,1.516,1115826.0,1698287.172,1.1842105263157905,0.1315789473684159,0.0020000000000000018,0.0
2025-07-31,1.518,1.496,1.518,1.491,1958975.0,2930626.6,1.7739816031537392,-1.708278580814715,-0.026000000000000023,0.0
2025-08-01,1.496,1.495,1.502,1.491,807150.0,1206689.25,0.735294117647052,-0.06684491978609097,-0.0009999999999998899,0.0
2025-08-04,1.491,1.502,1.502,1.488,837862.0,1258468.724,0.9364548494983286,0.4682274247491458,0.006999999999999895,0.0
2025-08-05,1.502,1.518,1.519,1.501,988696.0,1500840.528,1.1984021304926775,1.0652463382157196,0.016000000000000014,0.0
2025-08-06,1.518,1.528,1.529,1.516,1189702.0,1817864.656,0.8563899868247629,0.6587615283267567,0.010000000000000009,0.0
2025-08-07,1.528,1.53,1.533,1.52,1024821.0,1567976.1300000001,0.8507853403141296,0.13089005235602524,0.0020000000000000018,0.0
2025-08-08,1.529,1.532,1.536,1.528,808926.0,1239274.632,0.5228758169934645,0.13071895424836555,0.0020000000000000018,0.0
2025-08-11,1.531,1.527,1.535,1.523,890757.0,1360185.939,0.7832898172323766,-0.32637075718016106,-0.0050000000000001155,0.0
2025-08-12,1.525,1.534,1.538,1.524,965640.0,1481291.76,0.9168303863785209,0.4584151931892766,0.007000000000000117,0.0
2025-08-13,1.532,1.527,1.535,1.525,1284062.0,1960762.6739999999,0.6518904823989575,-0.45632333767927635,-0.007000000000000117,0.0
2025-08-14,1.527,1.511,1.53,1.51,1391003.0,2101805.533,1.3097576948264582,-1.047806155861164,-0.016000000000000014,0.0
2025-08-15,1.511,1.517,1.518,1.505,1267308.0,1922506.2359999998,0.8603573792190684,0.3970880211780381,0.006000000000000005,0.0
2025-08-18,1.517,1.513,1.519,1.51,1578641.0,2388483.8329999996,0.5932762030322938,-0.2636783124588038,-0.0040000000000000036,0.0
2025-08-19,1.511,1.512,1.515,1.507,1186105.0,1793390.76,0.5287508261731664,-0.06609385327164263,-0.0009999999999998899,0.0
2025-08-20,1.511,1.522,1.522,1.506,1175285.0,1788783.77,1.0582010582010593,0.6613756613756516,0.010000000000000009,0.0
2025-08-21,1.522,1.531,1.532,1.519,1483202.0,2270782.262,0.8541392904073668,0.5913272010512394,0.008999999999999897,0.0
2025-08-22,1.53,1.528,1.53,1.516,1917486.0,2929918.608,0.9144350097975188,-0.19595035924231397,-0.0029999999999998916,0.0
2025-08-25,1.529,1.539,1.54,1.527,1965187.0,3024422.793,0.8507853403141441,0.7198952879581055,0.010999999999999899,0.0
2025-08-26,1.539,1.538,1.542,1.531,1397947.0,2150042.486,0.7147498375568629,-0.06497725795970855,-0.0009999999999998899,0.0
2025-08-27,1.539,1.511,1.539,1.51,1958546.0,2959363.0059999996,1.8855656697009047,-1.7555266579974083,-0.027000000000000135,0.0
2025-08-28,1.512,1.51,1.514,1.492,2000591.0,3020892.41,1.4559894109861033,-0.06618133686300265,-0.0009999999999998899,0.0
2025-08-29,1.509,1.512,1.526,1.509,1112398.0,1681945.776,1.1258278145695446,0.13245033112583293,0.0020000000000000018,0.0
2025-09-01,1.513,1.508,1.516,1.502,1232058.0,1857943.464,0.9259259259259267,-0.2645502645502673,-0.0040000000000000036,0.0
2025-09-02,1.504,1.512,1.512,1.497,1373431.0,2076627.672,0.9946949602121952,0.2652519893899141,0.0040000000000000036,0.0
2025-09-03,1.514,1.498,1.516,1.496,903952.0,1354120.096,1.322751322751324,-0.92592592592593,-0.014000000000000012,0.0
2025-09-04,1.498,1.497,1.498,1.483,2020326.0,3024428.0220000003,1.0013351134846395,-0.06675567423229944,-0.0009999999999998899,0.0
2025-09-05,1.496,1.501,1.503,1.489,1114594.0,1673005.5939999998,0.9352037408149492,0.2672010688042681,0.0039999999999997815,0.0
2025-09-08,1.502,1.515,1.516,1.498,993103.0,1504551.045,1.1992005329780158,0.9327115256495766,0.014000000000000012,0.0
2025-09-09,1.514,1.517,1.521,1.511,803718.0,1219240.206,0.6600660066006607,0.13201320132012473,0.0020000000000000018,0.0
2025-09-10,1.517,1.511,1.517,1.508,996082.0,1505079.902,0.5932762030322938,-0.39551746868820015,-0.006000000000000005,0.0
2025-09-11,1.511,1.518,1.519,1.503,1381992.0,2097863.856,1.0589013898080752,0.46326935804104075,0.007000000000000117,0.0
2025-09-12,1.514,1.51,1.519,1.509,1147625.0,1732913.75,0.6587615283267463,-0.5270092226614009,-0.008000000000000007,0.0
2025-09-15,1.511,1.505,1.511,1.501,1122015.0,1688632.575,0.6622516556291397,-0.33112582781458233,-0.0050000000000001155,0.0
2025-09-16,1.505,1.506,1.513,1.5,1140071.0,1716946.926,0.8637873754152758,0.0664451827242507,0.001000000000000112,0.0
2025-09-17,1.506,1.509,1.512,1.5,1251873.0,1889076.3569999998,0.7968127490039847,0.19920318725099584,0.0029999999999998916,0.0
2025-09-18,1.51,1.483,1.51,1.475,2496375.0,3702124.1250000005,2.3194168323392925,-1.722995361166324,-0.0259999999999998,0.0
2025-09-19,1.484,1.494,1.496,1.479,1002153.0,1497216.582,1.1463250168577144,0.7417397167902795,0.010999999999999899,0.0
2025-09-22,1.491,1.485,1.495,1.48,1052864.0,1563503.04,1.0040160642570364,-0.6024096385542133,-0.008999999999999897,0.0
2025-09-23,1.484,1.489,1.489,1.475,1291289.0,1922729.3210000002,0.9427609427609436,0.2693602693602637,0.0040000000000000036,0.0
2025-09-24,1.487,1.493,1.494,1.484,1051940.0,1570546.4200000002,0.6715916722632645,0.2686366689053088,0.0040000000000000036,0.0
2025-09-25,1.492,1.485,1.492,1.48,1154248.0,1714058.28,0.803750837240456,-0.5358338914936422,-0.008000000000000007,0.0
2025-09-26,1.484,1.49,1.494,1.48,900451.0,1341671.99,0.9427609427609436,0.33670033670032407,0.004999999999999893,0.0
2025-09-29,1.49,1.499,1.501,1.481,1547108.0,2319114.892,1.3422818791946172,0.6040268456375841,0.009000000000000119,0.0
2025-09-30,1.499,1.495,1.499,1.49,1065311.0,1592639.945,0.6004002668445709,-0.26684456304202353,-0.0040000000000000036,0.0
2025-10-09,1.495,1.504,1.505,1.487,1509396.0,2270131.584,1.2040133779264075,0.602006688963197,0.008999999999999897,0.0
2025-10-10,1.503,1.52,1.522,1.498,1840796.0,2798009.92,1.5957446808510651,1.0638297872340496,0.016000000000000014,0.0
2025-10-13,1.503,1.517,1.518,1.493,1871120.0,2838489.04,1.644736842105257,-0.19736842105263497,-0.0030000000000001137,0.0
2025-10-14,1.515,1.531,1.536,1.512,2488677.0,3810164.4869999997,1.582069874752803,0.9228740936058077,0.014000000000000012,0.0
2025-10-15,1.53,1.538,1.54,1.527,1263492.0,1943250.696,0.8491182233834176,0.457217504898777,0.007000000000000117,0.0
2025-10-16,1.535,1.543,1.548,1.534,1978048.0,3052128.064,0.9102730819245782,0.32509752925877766,0.004999999999999893,0.0
2025-10-17,1.543,1.532,1.552,1.53,2105926.0,3226278.632,1.4257939079714854,-0.712896953985731,-0.010999999999999899,0.0
2025-10-20,1.533,1.544,1.546,1.523,2578272.0,3980851.968,1.5013054830287291,0.7832898172323688,0.01200000000000001,0.0
2025-10-21,1.543,1.545,1.547,1.536,1229966.0,1900297.47,0.7124352331606152,0.06476683937823857,0.0009999999999998899,0.0
2025-10-22,1.542,1.546,1.548,1.54,899260.0,1390255.96,0.5177993527508095,0.06472491909386147,0.001000000000000112,0.0
2025-10-23,1.546,1.558,1.561,1.543,1596594.0,2487493.452,1.1642949547218637,0.7761966364812523,0.01200000000000001,0.0
2025-10-24,1.556,1.552,1.558,1.546,1446066.0,2244294.432,0.7702182284980751,-0.38510911424903815,-0.006000000000000005,0.0
2025-10-27,1.548,1.561,1.564,1.543,1598818.0,2495754.898,1.353092783505163,0.5798969072164928,0.008999999999999897,0.0
2025-10-28,1.559,1.552,1.559,1.548,1461438.0,2268151.776,0.7046764894298462,-0.5765534913516945,-0.008999999999999897,0.0
2025-10-29,1.549,1.551,1.551,1.539,2217959.0,3440054.409,0.7731958762886604,-0.06443298969073252,-0.001000000000000112,0.0
2025-10-30,1.549,1.544,1.558,1.543,1274824.0,1968328.256,0.9671179883945922,-0.45132172791746417,-0.006999999999999895,0.0
2025-10-31,1.542,1.544,1.549,1.541,1120165.0,1729534.76,0.5181347150259072,0.0,0.0,0.0
2025-11-03,1.544,1.561,1.562,1.544,1358470.0,2120571.67,1.1658031088082912,1.1010362694300557,0.016999999999999904,0.0
2025-11-04,1.56,1.565,1.571,1.556,1578881.0,2470948.765,0.9609224855861566,0.2562459961563013,0.0040000000000000036,0.0
2025-11-05,1.559,1.573,1.576,1.557,1125330.0,1770144.0899999999,1.2140575079872287,0.5111821086261958,0.008000000000000007,0.0
2025-11-06,1.573,1.576,1.578,1.563,1048446.0,1652350.8960000002,0.9535918626827797,0.1907183725365691,0.0030000000000001137,0.0
2025-11-07,1.573,1.58,1.585,1.573,830696.0,1312499.6800000002,0.7614213197969549,0.2538071065989911,0.0040000000000000036,0.0
2025-11-10,1.579,1.591,1.593,1.576,1115766.0,1775183.706,1.0759493670886016,0.6962025316455733,0.010999999999999899,0.0
2025-11-11,1.591,1.588,1.592,1.58,1078191.0,1712167.3080000002,0.7542426147077317,-0.18856065367692798,-0.0029999999999998916,0.0
2025-11-12,1.588,1.592,1.598,1.587,1093491.0,1740837.672,0.692695214105801,0.25188916876575096,0.0040000000000000036,0.0
2025-11-13,1.591,1.593,1.595,1.583,1225168.0,1951692.624,0.7537688442211062,0.06281407035175768,0.0009999999999998899,0.0
2025-11-14,1.591,1.585,1.6,1.584,929776.0,1473694.96,1.0043942247332087,-0.5021971123666091,-0.008000000000000007,0.0
2025-11-17,1.582,1.577,1.584,1.57,1101196.0,1736586.092,0.8832807570977926,-0.5047318611987373,-0.008000000000000007,0.0
2025-11-18,1.576,1.555,1.576,1.55,1672846.0,2601275.53,1.6487000634115425,-1.3950538998097617,-0.02200000000000002,0.0
2025-11-19,1.555,1.557,1.56,1.551,1438788.0,2240192.9159999997,0.5787781350482392,0.12861736334404128,0.0020000000000000018,0.0
2025-11-20,1.559,1.553,1.567,1.551,1387107.0,2154177.171,1.0276172125883118,-0.25690430314707635,-0.0040000000000000036,0.0
2025-11-21,1.549,1.528,1.553,1.525,2617131.0,3998976.168,1.8029620090148117,-1.6097875080489321,-0.02499999999999991,0.0
2025-11-24,1.53,1.519,1.533,1.517,2110385.0,3205674.815,1.0471204188481684,-0.5890052356021025,-0.009000000000000119,0.0
2025-11-25,1.52,1.526,1.529,1.516,1362348.0,2078943.048,0.8558262014483148,0.4608294930875667,0.007000000000000117,0.0
2025-11-26,1.526,1.52,1.53,1.518,1743549.0,2650194.48,0.7863695937090439,-0.3931847968545177,-0.006000000000000005,0.0
2025-11-27,1.52,1.522,1.526,1.513,1504194.0,2289383.268,0.8552631578947448,0.1315789473684159,0.0020000000000000018,0.0
2025-11-28,1.522,1.524,1.524,1.514,1613083.0,2458338.492,0.6570302233902765,0.13140604467805073,0.0020000000000000018,0.0
2025-12-01,1.522,1.534,1.535,1.522,1623054.0,2489764.836,0.8530183727034055,0.6561679790026309,0.010000000000000009,0.0
2025-12-02,1.534,1.533,1.535,1.528,907463.0,1391140.7789999999,0.4563233376792631,-0.0651890482398998,-0.001000000000000112,0.0
2025-12-03,1.533,1.531,1.54,1.527,962346.0,1473351.726,0.848010437051541,-0.1304631441617743,-0.0020000000000000018,0.0
2025-12-04,1.53,1.526,1.533,1.522,1234142.0,1883300.692,0.7184846505551861,-0.3265839320705344,-0.004999999999999893,0.0
2025-12-05,1.525,1.526,1.528,1.516,1114085.0,1700093.71,0.7863695937090439,0.0,0.0,0.0
2025-12-08,1.526,1.519,1.527,1.513,1381369.0,2098299.511,0.9174311926605512,-0.4587155963302836,-0.007000000000000117,0.0
2025-12-09,1.519,1.505,1.519,1.504,1229874.0,1850960.3699999999,0.9874917709019028,-0.9216589861751112,-0.014000000000000012,0.0
2025-12-10,1.505,1.506,1.507,1.499,999123.0,1504679.238,0.5315614617940057,0.0664451827242507,0.001000000000000112,0.0
2025-12-11,1.505,1.491,1.507,1.488,1602305.0,2389036.7550000004,1.2616201859229685,-0.9960159362549681,-0.014999999999999902,0.0
2025-12-12,1.492,1.492,1.495,1.487,1363253.0,2033973.476,0.5365526492287059,0.06706908115357013,0.0009999999999998899,0.0
2025-12-15,1.492,1.502,1.506,1.486,1363436.0,2047880.872,1.340482573726543,0.6702412868632823,0.010000000000000009,0.0
2025-12-16,1.503,1.489,1.504,1.486,2026981.0,3018174.7090000003,1.1984021304926775,-0.8655126498002597,-0.0129999999999999,0.0
2025-12-17,1.489,1.493,1.496,1.482,1259084.0,1879812.4120000002,0.9402283411685702,0.2686366689053088,0.0040000000000000036,0.0
2025-12-18,1.495,1.505,1.506,1.492,986784.0,1485109.92,0.9377093101138654,0.8037508372404467,0.011999999999999789,0.0
2025-12-19,1.504,1.507,1.51,1.497,895050.0,1348840.3499999999,0.8637873754152758,0.1328903654485014,0.0020000000000000018,0.0
2025-12-22,1.507,1.5,1.509,1.497,1909058.0,2863587.0,0.7962840079628262,-0.4644990046449804,-0.006999999999999895,0.0
2025-12-23,1.5,1.499,1.504,1.496,1433378.0,2148633.622,0.5333333333333339,-0.06666666666665932,-0.0009999999999998899,0.0
2025-12-24,1.499,1.504,1.504,1.495,910381.0,1369213.024,0.6004002668445562,0.33355570380253496,0.004999999999999893,0.0
2025-12-25,1.504,1.509,1.509,1.502,782135.0,1180241.7149999999,0.46542553191488667,0.3324468085106336,0.004999999999999893,0.0
2025-12-26,1.508,1.515,1.516,1.507,1564120.0,2369641.8,0.5964214711729702,0.3976143141153132,0.006000000000000005,0.0
2025-12-29,1.515,1.512,1.519,1.51,1051403.0,1589721.3360000001,0.5940594059405873,-0.1980198019801871,-0.0029999999999998916,0.0
2025-12-30,1.511,1.512,1.514,1.505,1136282.0,1718058.384,0.5952380952381031,0.0,0.0,0.0
2025-12-31,1.512,1.515,1.518,1.51,2050467.0,3106457.505,0.5291005291005296,0.1984126984126977,0.0029999999999998916,0.0
2026-01-05,1.515,1.517,1.52,1.511,1932408.0,2931462.9359999998,0.5940594059406019,0.13201320132012473,0.0020000000000000018,0.0
2026-01-06,1.518,1.534,1.536,1.517,1955511.0,2999753.874,1.2524719841793097,1.120632827949919,0.017000000000000126,0.0
2026-01-07,1.534,1.538,1.541,1.528,1544556.0,2375527.128,0.8474576271186376,0.26075619295957697,0.0040000000000000036,0.0
2026-01-08,1.538,1.533,1.538,1.528,1811600.0,2777182.8,0.6501950585175559,-0.32509752925878876,-0.0050000000000001155,0.0
2026-01-09,1.531,1.537,1.537,1.53,1411081.0,2168831.497,0.45662100456620325,0.2609262883235486,0.0040000000000000036,0.0
2026-01-12,1.536,1.541,1.542,1.532,2093047.0,3225385.4269999997,0.6506180871828243,0.2602472348731233,0.0040000000000000036,0.0
2026-01-13,1.541,1.537,1.549,1.536,1253337.0,1926378.9689999998,0.8436080467229008,-0.2595717066839698,-0.0040000000000000036,0.0
2026-01-14,1.538,1.528,1.545,1.522,1602732.0,2448974.496,1.4964216005204887,-0.5855562784645385,-0.008999999999999897,0.0
2026-01-15,1.525,1.523,1.533,1.522,1101634.0,1677788.582,0.7198952879581085,-0.3272251308900631,-0.0050000000000001155,0.0
2026-01-16,1.523,1.512,1.53,1.508,1448456.0,2190065.472,1.4445173998686816,-0.7222586999343306,-0.010999999999999899,0.0
2026-01-19,1.51,1.522,1.524,1.508,1369350.0,2084150.7,1.0582010582010593,0.6613756613756516,0.010000000000000009,0.0
2026-01-20,1.523,1.544,1.545,1.522,1499571.0,2315337.624,1.5111695137976289,1.4454664914586024,0.02200000000000002,0.0
2026-01-21,1.542,1.534,1.542,1.533,1294911.0,1986393.474,0.5829015544041528,-0.6476683937823857,-0.010000000000000009,0.0
2026-01-22,1.534,1.545,1.548,1.534,1451631.0,2242769.895,0.9126466753585406,0.7170795306388422,0.010999999999999899,0.0
2026-01-23,1.545,1.545,1.549,1.541,1373487.0,2122037.415,0.5177993527508095,0.0,0.0,0.0
2026-01-26,1.545,1.556,1.558,1.542,1246131.0,1938979.8360000001,1.035598705501619,0.7119741100323651,0.01100000000000012,0.0
2026-01-27,1.552,1.545,1.559,1.542,921304.0,1423414.68,1.0925449871465234,-0.7069408740359995,-0.01100000000000012,0.0
2026-01-28,1.544,1.565,1.573,1.538,2223455.0,3479707.0749999997,2.2653721682847845,1.2944983818770295,0.020000000000000018,0.0
2026-01-29,1.564,1.585,1.586,1.563,1626990.0,2578779.15,1.469648562300328,1.2779552715654896,0.020000000000000018,0.0
2026-01-30,1.582,1.57,1.591,1.554,1719880.0,2700211.6,2.3343848580441593,-0.9463722397476282,-0.014999999999999902,0.0
2026-02-02,1.561,1.521,1.561,1.519,2735921.0,4161335.8409999995,2.675159235668792,-3.121019108280265,-0.049000000000000155,0.0
2026-02-03,1.528,1.531,1.533,1.515,1680646.0,2573069.026,1.183431952662723,0.6574621959237303,0.010000000000000009,0.0
2026-02-04,1.531,1.574,1.576,1.531,2606380.0,4102442.12,2.9392553886348893,2.808621815806678,0.04300000000000015,0.0
2026-02-05,1.566,1.569,1.57,1.555,1300665.0,2040743.385,0.9529860228716723,-0.31766200762389785,-0.0050000000000001155,0.0
2026-02-06,1.557,1.563,1.572,1.552,1079961.0,1687979.0429999998,1.2746972594008934,-0.3824091778202643,-0.006000000000000005,0.0
2026-02-09,1.563,1.572,1.574,1.563,1520456.0,2390156.832,0.7037747920665465,0.5758157389635477,0.009000000000000119,0.0
2026-02-10,1.57,1.579,1.58,1.565,772761.0,1220189.619,0.9541984732824506,0.4452926208651231,0.006999999999999895,0.0
2026-02-11,1.579,1.59,1.593,1.572,1257448.0,1999342.32,1.3299556681443894,0.6966434452184922,0.01100000000000012,0.0
2026-02-12,1.588,1.586,1.593,1.581,1172316.0,1859293.176,0.7547169811320761,-0.2515723270440251,-0.0040000000000000036,0.0
2026-02-13,1.583,1.564,1.583,1.562,1197975.0,1873632.9000000001,1.3240857503152526,-1.387137452711229,-0.02200000000000002,0.0
2026-02-24,1.57,1.585,1.589,1.57,1116290.0,1769319.65,1.2148337595907868,1.3427109974424534,0.020999999999999908,0.0
2026-02-25,1.585,1.594,1.612,1.585,1736533.0,2768033.602,1.70347003154575,0.5678233438485947,0.009000000000000119,0.0
2026-02-26,1.595,1.592,1.602,1.583,968374.0,1541651.408,1.191969887076545,-0.12547051442910462,-0.0020000000000000018,0.0
2026-02-27,1.59,1.606,1.607,1.587,1074114.0,1725027.084,1.2562814070351769,0.8793969849246297,0.014000000000000012,0.0
2026-03-02,1.61,1.628,1.63,1.6,1695748.0,2760677.744,1.867995018679938,1.3698630136986134,0.021999999999999797,0.0
2026-03-03,1.626,1.641,1.66,1.622,2758542.0,4526767.422,2.3341523341523227,0.7985257985257954,0.013000000000000123,0.0
2026-03-04,1.633,1.616,1.633,1.601,1432793.0,2315393.4880000004,1.9500304692260835,-1.5234613040828737,-0.02499999999999991,0.0
2026-03-05,1.615,1.614,1.621,1.6,1349324.0,2177808.936,1.2995049504950438,-0.12376237623762387,-0.0020000000000000018,0.0
2026-03-06,1.61,1.617,1.619,1.597,1175183.0,1900270.911,1.3630731102850073,0.18587360594795044,0.0029999999999998916,0.0
2026-03-09,1.628,1.618,1.642,1.616,2634724.0,4262983.432,1.6079158936301672,0.06184291898578831,0.001000000000000112,0.0
2026-03-10,1.601,1.606,1.609,1.599,1280939.0,2057188.0340000002,0.6180469715698398,-0.7416563658838027,-0.01200000000000001,0.0
2026-03-11,1.604,1.629,1.631,1.596,2102250.0,3424565.25,2.17932752179327,1.4321295143212787,0.02299999999999991,0.0
2026-03-12,1.63,1.652,1.655,1.626,3316633.0,5479077.716,1.7802332719459875,1.4119091467157618,0.02299999999999991,0.0
2026-03-13,1.651,1.641,1.661,1.639,1739867.0,2855121.747,1.331719128329299,-0.6658595641646392,-0.010999999999999899,0.0
2026-03-16,1.643,1.631,1.65,1.626,1615386.0,2634694.566,1.4625228519195625,-0.6093845216331495,-0.010000000000000009,0.0
2026-03-17,1.629,1.62,1.641,1.617,1862258.0,3016857.9600000004,1.4714898835070522,-0.6744328632740548,-0.010999999999999899,0.0
2026-03-18,1.62,1.609,1.621,1.594,2038561.0,3280044.6489999997,1.6666666666666612,-0.6790123456790198,-0.01100000000000012,0.0
2026-03-19,1.605,1.599,1.615,1.595,1572778.0,2514872.022,1.2430080795525182,-0.621504039776255,-0.010000000000000009,0.0
2026-03-20,1.593,1.592,1.609,1.59,1345005.0,2141247.96,1.18824265165728,-0.43777360850530966,-0.006999999999999895,0.0
2026-03-23,1.59,1.554,1.59,1.544,3003947.0,4668133.638,2.889447236180907,-2.386934673366836,-0.038000000000000034,0.0
2026-03-24,1.557,1.575,1.576,1.549,2584983.0,4071348.225,1.7374517374517462,1.3513513513513375,0.020999999999999908,0.0
2026-03-25,1.575,1.579,1.58,1.556,2139486.0,3378248.394,1.5238095238095253,0.25396825396826195,0.0040000000000000036,0.0
2026-03-26,1.578,1.58,1.592,1.576,1547268.0,2444683.44,1.013299556681445,0.06333122229260635,0.001000000000000112,0.0
2026-03-27,1.578,1.583,1.589,1.571,1300164.0,2058159.612,1.1392405063291149,0.18987341772152,0.0029999999999998916,0.0
2026-03-30,1.579,1.6,1.6,1.578,1526314.0,2442102.4,1.3897662665824397,1.0739102969046233,0.017000000000000126,0.0
2026-03-31,1.599,1.582,1.608,1.58,2073376.0,3280080.832,1.7500000000000016,-1.1249999999999982,-0.018000000000000016,0.0
2026-04-01,1.585,1.582,1.591,1.577,1668331.0,2639299.642,0.8849557522123901,0.0,0.0,0.0
2026-04-02,1.582,1.584,1.59,1.577,1418364.0,2246688.576,0.8217446270543693,0.12642225031604948,0.0020000000000000018,0.0
2026-04-03,1.583,1.56,1.584,1.554,2650103.0,4134160.68,1.8939393939393954,-1.5151515151515138,-0.02400000000000002,0.0
2026-04-07,1.561,1.566,1.566,1.552,2029325.0,3177922.95,0.8974358974358982,0.38461538461538325,0.006000000000000005,0.0
2026-04-08,1.564,1.577,1.578,1.556,2215222.0,3493405.094,1.4048531289910613,0.7024265644955285,0.010999999999999899,0.0
2026-04-09,1.572,1.567,1.576,1.563,1561840.0,2447403.28,0.8243500317057781,-0.6341154090044432,-0.010000000000000009,0.0
2026-04-10,1.567,1.569,1.576,1.564,1644894.0,2580838.6859999998,0.7657945118059994,0.12763241863433805,0.0020000000000000018,0.0
2026-04-13,1.568,1.567,1.572,1.56,1304812.0,2044640.4039999999,0.764818355640536,-0.1274697259400881,-0.0020000000000000018,0.0
2026-04-14,1.567,1.571,1.573,1.56,1366698.0,2147082.5579999997,0.829610721123159,0.2552648372686761,0.0040000000000000036,0.0
2026-04-15,1.572,1.578,1.581,1.567,1845832.0,2912722.896,0.8911521323997461,0.445576066199882,0.007000000000000117,0.0
2026-04-16,1.58,1.582,1.585,1.576,1976534.0,3126876.788,0.5703422053231874,0.25348542458809575,0.0040000000000000036,0.0
2026-04-17,1.58,1.571,1.581,1.568,1598725.0,2511596.975,0.8217446270543552,-0.6953223767383165,-0.01100000000000012,0.0
2026-04-20,1.571,1.572,1.575,1.568,1570159.0,2468289.9480000003,0.445576066199866,0.06365372374284028,0.001000000000000112,0.0
2026-04-21,1.572,1.588,1.589,1.572,1914394.0,3040057.6720000003,1.0814249363867623,1.0178117048346147,0.016000000000000014,0.0
2026-04-22,1.587,1.586,1.591,1.583,1631933.0,2588245.738,0.5037783375314866,-0.12594458438287548,-0.0020000000000000018,0.0
2026-04-23,1.585,1.595,1.596,1.58,2086552.0,3328050.44,1.008827238335436,0.5674653215636649,0.008999999999999897,0.0
2026-04-24,1.591,1.595,1.596,1.586,1251012.0,1995364.14,0.6269592476489034,0.0,0.0,0.0
2026-04-27,1.594,1.591,1.598,1.587,1280283.0,2036930.253,0.6896551724138007,-0.25078369905956466,-0.0040000000000000036,0.0
2026-04-28,1.588,1.605,1.607,1.584,1658408.0,2661744.84,1.4456316781898122,0.879949717159012,0.014000000000000012,0.0
2026-04-29,1.606,1.621,1.624,1.605,1831787.0,2969326.727,1.1838006230529674,0.9968847352024968,0.016000000000000014,0.0
2026-04-30,1.619,1.616,1.627,1.609,1547002.0,2499955.2320000003,1.110425663170883,-0.30845157310301907,-0.004999999999999893,0.0
2026-05-06,1.616,1.624,1.624,1.603,1941725.0,3153361.4000000004,1.2995049504950573,0.4950495049504955,0.008000000000000007,0.0
2026-05-07,1.621,1.598,1.622,1.595,2751988.0,4397676.824,1.662561576354688,-1.6009852216748777,-0.026000000000000023,0.0
2026-05-08,1.601,1.593,1.605,1.587,1728469.0,2753451.117,1.1264080100125167,-0.31289111389237734,-0.0050000000000001155,0.0
2026-05-11,1.593,1.598,1.601,1.589,2754523.0,4401727.754000001,0.7532956685499065,0.3138731952291307,0.0050000000000001155,0.0
2026-05-12,1.599,1.597,1.606,1.593,2156755.0,3444337.735,0.8135168961201579,-0.06257822277847547,-0.001000000000000112,0.0
2026-05-13,1.597,1.589,1.6,1.584,2477707.0,3937076.423,1.0018785222291806,-0.5009392611145858,-0.008000000000000007,0.0
2026-05-14,1.587,1.577,1.59,1.576,1892088.0,2983822.776,0.8810572687224677,-0.7551919446192601,-0.01200000000000001,0.0
2026-05-15,1.576,1.572,1.582,1.566,2364896.0,3717616.512,1.0145846544071029,-0.3170577045022105,-0.004999999999999893,0.0
2026-05-18,1.572,1.564,1.574,1.554,3413554.0,5338798.456,1.2722646310432582,-0.5089058524173073,-0.008000000000000007,0.0
2026-05-19,1.564,1.567,1.567,1.556,1486843.0,2329882.981,0.7033248081841368,0.19181585677747748,0.0029999999999998916,0.0
2026-05-20,1.563,1.561,1.567,1.559,1811455.0,2827681.255,0.510529674537333,-0.38289725590300305,-0.006000000000000005,0.0
2026-05-21,1.56,1.541,1.566,1.538,2641729.0,4070904.389,1.793721973094172,-1.2812299807815508,-0.020000000000000018,0.0
2026-05-22,1.541,1.536,1.542,1.527,2393429.0,3676306.944,0.9733939000649011,-0.32446463335495945,-0.004999999999999893,0.0
2026-05-25,1.542,1.543,1.555,1.54,2089270.0,3223743.61,0.9765624999999936,0.45572916666665186,0.006999999999999895,0.0
2026-05-26,1.544,1.545,1.545,1.534,1773118.0,2739467.31,0.7128969539857356,0.12961762799741372,0.0020000000000000018,0.0
2026-05-27,1.545,1.532,1.545,1.524,2983845.0,4571250.54,1.3592233009708679,-0.8414239482200547,-0.0129999999999999,0.0
2026-05-28,1.531,1.528,1.54,1.526,1959134.0,2993556.752,0.9138381201044394,-0.26109660574412663,-0.0040000000000000036,0.0
2026-05-29,1.529,1.551,1.554,1.527,2563670.0,3976252.17,1.7670157068062915,1.5052356020942348,0.02299999999999991,0.0
2026-06-01,1.552,1.588,1.591,1.546,3749666.0,5954469.608,2.9013539651837483,2.3855577047066534,0.037000000000000144,0.0
2026-06-02,1.588,1.584,1.607,1.578,3622745.0,5738428.08,1.8261964735516316,-0.25188916876573986,-0.0040000000000000036,0.0
2026-06-03,1.576,1.586,1.59,1.562,3125430.0,4956931.98,1.767676767676769,0.12626262626262985,0.0020000000000000018,0.0
2026-06-04,1.58,1.578,1.589,1.57,2307672.0,3641506.416,1.1979823455233232,-0.5044136191677207,-0.008000000000000007,0.0
2026-06-05,1.574,1.58,1.592,1.572,2053923.0,3245198.3400000003,1.267427122940432,0.12674271229404788,0.0020000000000000018,0.0
2026-06-08,1.576,1.564,1.58,1.558,2693339.0,4212382.196,1.3924050632911404,-1.0126582278481067,-0.016000000000000014,0.0
2026-06-09,1.56,1.563,1.564,1.551,1786844.0,2792837.172,0.8312020460358135,-0.06393861892584063,-0.001000000000000112,0.0
2026-06-10,1.56,1.552,1.563,1.549,1737479.0,2696567.4080000003,0.89571337172105,-0.703774792066536,-0.010999999999999899,0.0
2026-06-11,1.553,1.547,1.558,1.541,1287387.0,1991587.689,1.0953608247422761,-0.3221649484536182,-0.0050000000000001155,0.0
2026-06-12,1.546,1.571,1.574,1.541,1887103.0,2964638.813,2.1331609566903778,1.5513897866838988,0.02400000000000002,0.0
2026-06-15,1.572,1.557,1.572,1.55,2209277.0,3439844.289,1.4003819223424583,-0.8911521323997418,-0.014000000000000012,0.0
2026-06-16,1.556,1.531,1.556,1.527,3953229.0,6052393.598999999,1.8625561978163223,-1.6698779704560018,-0.026000000000000023,0.0
2026-06-17,1.531,1.517,1.533,1.511,3856997.0,5851064.449,1.4369693011103868,-0.9144350097975207,-0.014000000000000012,0.0
2026-06-18,1.517,1.488,1.518,1.485,4064348.0,6047749.824,2.175346077785097,-1.911667765326297,-0.028999999999999915,0.0
2026-06-22,1.482,1.503,1.504,1.463,3797917.0,5708269.250999999,2.7553763440860166,1.0080645161290258,0.014999999999999902,0.0
2026-06-23,1.5,1.493,1.513,1.488,2287729.0,3415579.3970000003,1.6633399866932745,-0.6653359946772963,-0.009999999999999787,0.0
2026-06-24,1.493,1.473,1.494,1.468,2769626.0,4079659.098,1.7414601473543216,-1.339584728734089,-0.020000000000000018,0.0
2026-06-25,1.465,1.455,1.473,1.451,2393141.0,3482020.1550000003,1.4935505770536333,-1.2219959266802416,-0.018000000000000016,0.0
2026-06-26,1.455,1.429,1.456,1.426,3384576.0,4836559.104,2.0618556701030943,-1.7869415807560185,-0.026000000000000023,0.0
2026-06-29,1.429,1.436,1.437,1.401,3088154.0,4434589.143999999,2.5192442267319826,0.4898530440867743,0.006999999999999895,0.0
2026-06-30,1.432,1.41,1.433,1.402,3176970.0,4479527.7,2.1587743732590625,-1.8105849582172762,-0.026000000000000023,0.0
2026-07-01,1.407,1.434,1.44,1.404,2993477.0,4292646.018,2.5531914893617045,1.7021276595744705,0.02400000000000002,0.0
2026-07-02,1.437,1.448,1.456,1.433,3242384.0,4694972.032,1.60390516039051,0.9762900976290068,0.014000000000000012,0.0
2026-07-03,1.448,1.464,1.466,1.448,2221570.0,3252378.48,1.2430939226519349,1.104972375690605,0.016000000000000014,0.0
2026-07-06,1.463,1.49,1.493,1.455,2985348.0,4448168.52,2.595628415300549,1.775956284153013,0.026000000000000023,0.0
2026-07-07,1.492,1.471,1.492,1.464,2705202.0,3979352.1420000005,1.8791946308724847,-1.2751677852348875,-0.018999999999999906,0.0
2026-07-08,1.471,1.48,1.491,1.462,2323127.0,3438227.96,1.971447994561532,0.611828687967364,0.008999999999999897,0.0
2026-07-09,1.475,1.461,1.475,1.456,2659061.0,3884888.1210000003,1.2837837837837924,-1.2837837837837762,-0.018999999999999906,0.0
2026-07-10,1.453,1.46,1.469,1.447,2132973.0,3114140.58,1.5058179329226569,-0.0684462696783128,-0.001000000000000112,0.0
2026-07-13,1.458,1.467,1.471,1.452,2302303.0,3377478.501,1.3013698630137074,0.479452054794538,0.007000000000000117,0.0
2026-07-14,1.467,1.494,1.497,1.465,3146063.0,4700218.122,2.1813224267212017,1.8404907975460016,0.026999999999999913,0.0
2026-07-15,1.49,1.516,1.519,1.488,2992217.0,4536200.972,2.074966532797853,1.4725568942436373,0.02200000000000002,0.0
2026-07-16,1.512,1.501,1.524,1.497,2560940.0,3843970.94,1.7810026385224216,-0.9894459102902431,-0.015000000000000124,0.0
2026-07-17,1.501,1.493,1.514,1.491,3267736.0,4878729.848,1.5323117921385683,-0.5329780146568819,-0.007999999999999785,0.0
2026-07-20,1.498,1.537,1.538,1.495,3950260.0,6071549.62,2.8801071667782936,2.9470864032149935,0.04399999999999982,0.0
2026-07-21,1.533,1.524,1.553,1.519,4095498.0,6241538.9520000005,2.2121014964216026,-0.8458035133376618,-0.0129999999999999,0.0
2026-07-22,1.52,1.54,1.54,1.511,2962980.0,4562989.2,1.9028871391076205,1.049868766404205,0.016000000000000014,0.0
2026-07-23,1.532,1.555,1.556,1.531,2491028.0,3873548.54,1.6233766233766318,0.9740259740259605,0.014999999999999902,0.0
2026-07-24,1.555,1.531,1.559,1.528,2361578.0,3615575.9179999996,1.9935691318327922,-1.5434083601286175,-0.02400000000000002,0.0
2026-07-27,1.528,1.538,1.54,1.521,1640023.0,2522355.374,1.2410189418680686,0.457217504898777,0.007000000000000117,0.0
2026-07-28,1.533,1.538,1.539,1.52,2084547.0,3206033.286,1.235370611183349,0.0,0.0,0.0
2026-07-29,1.534,1.561,1.566,1.534,3229680.0,5041530.4799999995,2.080624187256179,1.4954486345903684,0.02299999999999991,0.0
2026-07-30,1.558,1.577,1.58,1.558,2835650.0,4471820.05,1.4093529788597066,1.0249839846252495,0.016000000000000014,0.0
2026-07-31,1.562,1.577,1.579,1.551,2974049.0,4690075.273,1.7755231452124303,0.0,0.0,0.0
2026-08-03,1.576,1.571,1.586,1.57,2188572.0,3438246.6119999997,1.0145846544071029,-0.38046924540265925,-0.006000000000000005,0.0
2026-08-04,1.57,1.548,1.571,1.543,3337552.0,5166530.496,1.7823042647994922,-1.4640356460852932,-0.02299999999999991,0.0
