日期,开盘,收盘,最高,最低,成交量,成交额,振幅,涨跌幅,涨跌额,换手率
2022-01-04,4.606,4.571,4.608,4.523,4863553.0,22231300.763,,,,0.0
2022-01-05,4.56,4.524,4.573,4.506,4640731.0,20994667.044,1.4657624152264312,-1.0282213957558461,-0.04699999999999971,0.0
2022-01-06,4.504,4.468,4.514,4.438,5172728.0,23111748.704,1.679929266136174,-1.2378426171529622,-0.05600000000000005,0.0
2022-01-07,4.481,4.48,4.511,4.474,4785197.0,21437682.560000002,0.8281110116383152,0.26857654431513556,0.012000000000000455,0.0
2022-01-10,4.469,4.493,4.504,4.44,4911223.0,22066124.939000003,1.42857142857141,0.2901785714285676,0.0129999999999999,0.0
2022-01-11,4.493,4.448,4.505,4.445,4122189.0,18335496.672000002,1.3354106387714135,-1.00155797907856,-0.04499999999999993,0.0
2022-01-12,4.465,4.5,4.514,4.465,5113326.0,23009967.0,1.1016187050359796,1.1690647482014205,0.0519999999999996,0.0
2022-01-13,4.511,4.419,4.513,4.417,4882723.0,21576752.937,2.1333333333333355,-1.8000000000000127,-0.0810000000000004,0.0
2022-01-14,4.406,4.375,4.421,4.372,4100290.0,17938768.75,1.1088481556913417,-0.9957003847024137,-0.043999999999999595,0.0
2022-01-17,4.379,4.416,4.432,4.378,4983491.0,22007096.256,1.2342857142857204,0.9371428571428586,0.04100000000000037,0.0
2022-01-18,4.413,4.462,4.478,4.396,6241671.0,27850336.001999997,1.8568840579710109,1.0416666666666519,0.045999999999999375,0.0
2022-01-19,4.471,4.436,4.495,4.412,5224393.0,23175407.348,1.8601523980277943,-0.5826983415508691,-0.0259999999999998,0.0
2022-01-20,4.431,4.474,4.503,4.43,5412785.0,24216800.09,1.6456266907123624,0.8566275924256184,0.038000000000000256,0.0
2022-01-21,4.466,4.44,4.471,4.42,7814370.0,34695802.800000004,1.139919535091644,-0.7599463567277587,-0.03399999999999981,0.0
2022-01-24,4.416,4.442,4.455,4.404,4605740.0,20458697.080000002,1.148648648648652,0.04504504504503348,0.0019999999999997797,0.0
2022-01-25,4.418,4.336,4.433,4.332,5952709.0,25810946.224000003,2.2737505628095445,-2.3863124718595197,-0.10599999999999987,0.0
2022-01-26,4.351,4.362,4.367,4.306,5218421.0,22762752.402,1.4068265682656813,0.5996309963099522,0.0259999999999998,0.0
2022-01-27,4.349,4.281,4.355,4.272,6076217.0,26012284.976999998,1.902796882164149,-1.8569463548830933,-0.0810000000000004,0.0
2022-01-28,4.293,4.21,4.315,4.206,8583917.0,36138290.57,2.5461340808222377,-1.6584910067741099,-0.07099999999999973,0.0
2022-02-07,4.281,4.282,4.319,4.262,4845868.0,20750006.776,1.3539192399049973,1.7102137767220915,0.07200000000000006,0.0
2022-02-08,4.282,4.26,4.282,4.171,4481413.0,19090819.38,2.592246613731896,-0.5137786081270468,-0.02200000000000024,0.0
2022-02-09,4.262,4.299,4.309,4.246,4589381.0,19729748.919000003,1.4788732394366133,0.9154929577464888,0.03900000000000059,0.0
2022-02-10,4.306,4.288,4.309,4.262,4953831.0,21242027.328,1.0932775063968503,-0.25587345894394486,-0.01100000000000012,0.0
2022-02-11,4.27,4.252,4.314,4.249,4617436.0,19633337.871999998,1.515858208955233,-0.8395522388059851,-0.036000000000000476,0.0
2022-02-14,4.236,4.203,4.25,4.182,3299679.0,13868550.837000001,1.599247412982117,-1.1523988711194644,-0.04899999999999949,0.0
2022-02-15,4.204,4.245,4.249,4.202,6043144.0,25653146.28,1.1182488698548587,0.9992862241256173,0.041999999999999815,0.0
2022-02-16,4.266,4.266,4.29,4.254,4498005.0,19188489.33,0.8480565371024847,0.4946996466431042,0.020999999999999908,0.0
2022-02-17,4.261,4.276,4.3,4.255,6290407.0,26897780.332,1.054852320675104,0.23441162681667738,0.009999999999999787,0.0
2022-02-18,4.256,4.3,4.301,4.251,3041052.0,13076523.6,1.1693171188026152,0.561272217025266,0.02400000000000002,0.0
2022-02-21,4.292,4.283,4.293,4.261,3241951.0,13885276.133000001,0.7441860465116286,-0.39534883720928615,-0.01699999999999946,0.0
2022-02-22,4.246,4.223,4.253,4.205,3153168.0,13315828.464,1.1207097828624806,-1.400887228578107,-0.0600000000000005,0.0
2022-02-23,4.236,4.271,4.274,4.227,4469039.0,19087265.569,1.1129528771015798,1.136632725550557,0.04800000000000004,0.0
2022-02-24,4.246,4.186,4.258,4.145,5912365.0,24749159.89,2.645750409740118,-1.9901662374151252,-0.08499999999999996,0.0
2022-02-25,4.209,4.221,4.267,4.209,3844661.0,16228314.081,1.3855709507883591,0.8361204013378032,0.03500000000000014,0.0
2022-02-28,4.218,4.227,4.229,4.178,2693171.0,11384033.817000002,1.2082444918265849,0.1421464108031234,0.006000000000000227,0.0
2022-03-01,4.244,4.265,4.273,4.229,3261629.0,13910847.684999999,1.040927371658377,0.8989827300685871,0.03799999999999937,0.0
2022-03-02,4.245,4.23,4.246,4.208,1946013.0,8231634.990000001,0.8909730363423274,-0.8206330597889666,-0.034999999999999254,0.0
2022-03-03,4.246,4.201,4.256,4.191,2006899.0,8430982.699,1.5366430260047372,-0.6855791962175117,-0.029000000000000803,0.0
2022-03-04,4.161,4.15,4.19,4.136,4053766.0,16823128.900000002,1.2854082361342603,-1.2139966674601155,-0.05099999999999927,0.0
2022-03-07,4.115,4.002,4.115,3.984,5831130.0,23336182.259999998,3.156626506024102,-3.5662650602409807,-0.14800000000000058,0.0
2022-03-08,4.003,3.92,4.027,3.904,6917081.0,27114957.52,3.0734632683658227,-2.048975512243878,-0.08199999999999985,0.0
2022-03-09,3.928,3.88,3.95,3.726,7867488.0,30525853.439999998,5.71428571428572,-1.0204081632653073,-0.040000000000000036,0.0
2022-03-10,3.956,3.94,3.982,3.938,5528465.0,21782152.1,1.134020618556702,1.546391752577314,0.06000000000000005,0.0
2022-03-11,3.884,3.968,3.974,3.831,3973422.0,15766538.496,3.6294416243654886,0.7106598984771617,0.028000000000000025,0.0
2022-03-14,3.906,3.828,3.93,3.827,4331004.0,16579083.311999999,2.595766129032263,-3.5282258064516125,-0.14000000000000012,0.0
2022-03-15,3.791,3.629,3.82,3.624,10444778.0,37904099.362,5.120167189132699,-5.198537095088818,-0.19899999999999984,0.0
2022-03-16,3.691,3.802,3.826,3.598,13251385.0,50381765.77,6.28272251308901,4.767153485808762,0.17300000000000004,0.0
2022-03-17,3.879,3.886,3.95,3.861,11475616.0,44594243.776,2.340873224618621,2.209363492898486,0.08400000000000007,0.0
2022-03-18,3.866,3.914,3.932,3.845,4030217.0,15774269.338000001,2.238805970149247,0.7205352547606791,0.028000000000000025,0.0
2022-03-21,3.919,3.908,3.936,3.868,3720164.0,14538400.912,1.7373530914665318,-0.15329586101175963,-0.006000000000000227,0.0
2022-03-22,3.888,3.904,3.938,3.887,2504225.0,9776494.4,1.3050153531218054,-0.10235414534288667,-0.0040000000000000036,0.0
2022-03-23,3.914,3.929,3.942,3.896,3082447.0,12110934.263,1.1782786885245968,0.6403688524590168,0.02499999999999991,0.0
2022-03-24,3.906,3.902,3.926,3.869,2206418.0,8609443.036,1.4507508271824878,-0.6871977602443291,-0.02699999999999969,0.0
2022-03-25,3.901,3.825,3.91,3.823,3568083.0,13647917.475000001,2.2296258329062066,-1.973347001537673,-0.07699999999999996,0.0
2022-03-28,3.79,3.8,3.83,3.739,4155938.0,15792564.399999999,2.3790849673202663,-0.6535947712418388,-0.025000000000000355,0.0
2022-03-29,3.811,3.782,3.829,3.775,2310331.0,8737671.842,1.4210526315789545,-0.47368421052631504,-0.017999999999999794,0.0
2022-03-30,3.81,3.905,3.908,3.81,5002575.0,19535055.375,2.591221575885771,3.252247488101534,0.12299999999999978,0.0
2022-03-31,3.895,3.874,3.9,3.866,4242790.0,16436568.46,0.8706786171574856,-0.7938540332906419,-0.030999999999999694,0.0
2022-04-01,3.843,3.925,3.945,3.841,3752472.0,14728452.6,2.6845637583892525,1.316468766133183,0.05099999999999971,0.0
2022-04-06,3.899,3.913,3.925,3.884,3398938.0,13300044.394,1.0445859872611447,-0.3057324840764375,-0.01200000000000001,0.0
2022-04-07,3.893,3.861,3.924,3.858,2783984.0,10748962.224000001,1.686685407615636,-1.3289036544850363,-0.0519999999999996,0.0
2022-04-08,3.864,3.889,3.892,3.831,3202713.0,12455350.856999999,1.5799015799015783,0.7252007252007253,0.02799999999999958,0.0
2022-04-11,3.861,3.757,3.862,3.744,5800585.0,21792797.845000003,3.0341990228850575,-3.394188737464632,-0.13199999999999967,0.0
2022-04-12,3.759,3.827,3.832,3.732,8064759.0,30863832.693,2.6616981634282575,1.8631887143997883,0.06999999999999984,0.0
2022-04-13,3.807,3.795,3.843,3.791,3872602.0,14696524.59,1.3587666579566253,-0.8361640972040729,-0.03200000000000003,0.0
2022-04-14,3.832,3.839,3.868,3.809,5736892.0,22023928.388,1.5546772068511125,1.1594202898550732,0.04400000000000004,0.0
2022-04-15,3.816,3.837,3.862,3.806,5322380.0,20421972.060000002,1.4587132065642108,-0.05209690023443292,-0.0019999999999997797,0.0
2022-04-18,3.801,3.817,3.82,3.773,2797093.0,10676503.981,1.2249152984102087,-0.5212405525149899,-0.020000000000000018,0.0
2022-04-19,3.816,3.79,3.842,3.766,3139962.0,11900455.98,1.9910924810060273,-0.7073618024626693,-0.027000000000000135,0.0
2022-04-20,3.788,3.72,3.794,3.714,3903434.0,14520774.48,2.110817941952509,-1.846965699208436,-0.06999999999999984,0.0
2022-04-21,3.708,3.652,3.737,3.631,7925085.0,28942410.42,2.8494623655914064,-1.8279569892473146,-0.06800000000000006,0.0
2022-04-22,3.621,3.662,3.693,3.608,6173784.0,22608397.008,2.3274917853231094,0.27382256297918683,0.009999999999999787,0.0
2022-04-25,3.601,3.469,3.615,3.463,16542843.0,57387122.367,4.150737302020757,-5.270344074276356,-0.19300000000000006,0.0
2022-04-26,3.472,3.439,3.529,3.43,15437597.0,53089896.083000004,2.8538483712885485,-0.8648025367541057,-0.029999999999999805,0.0
2022-04-27,3.427,3.545,3.547,3.416,13725839.0,48658099.255,3.809246874091312,3.082291363768541,0.10599999999999987,0.0
2022-04-28,3.528,3.571,3.591,3.525,10729261.0,38314191.031,1.8617771509167922,0.7334273624823862,0.026000000000000245,0.0
2022-04-29,3.585,3.671,3.675,3.549,7631212.0,28014179.252,3.5284234108092942,2.8003360403248356,0.09999999999999964,0.0
2022-05-05,3.636,3.656,3.687,3.626,7360954.0,26911647.824,1.6616725687823468,-0.4086080087169597,-0.01499999999999968,0.0
2022-05-06,3.581,3.559,3.599,3.556,5206697.0,18530634.623,1.17614879649891,-2.653172866520792,-0.09699999999999998,0.0
2022-05-09,3.534,3.527,3.562,3.506,3187006.0,11240570.162,1.573475695420063,-0.899128968811469,-0.03200000000000003,0.0
2022-05-10,3.489,3.572,3.589,3.464,5474672.0,19555528.384,3.544088460447973,1.2758718457612783,0.04499999999999993,0.0
2022-05-11,3.565,3.627,3.682,3.565,6290116.0,22814250.731999997,3.2754759238521833,1.5397536394176958,0.054999999999999716,0.0
2022-05-12,3.611,3.607,3.635,3.589,3071058.0,11077306.206,1.2682657843948117,-0.5514199062585989,-0.019999999999999574,0.0
2022-05-13,3.644,3.638,3.655,3.608,2799732.0,10185425.015999999,1.3030219018574911,0.8594399778208972,0.030999999999999694,0.0
2022-05-16,3.656,3.607,3.67,3.596,4425843.0,15964015.701000001,2.0340846619021398,-0.8521165475535941,-0.030999999999999694,0.0
2022-05-17,3.616,3.656,3.657,3.605,3008496.0,10999061.376,1.4416412531189366,1.3584696423620812,0.04899999999999993,0.0
2022-05-18,3.663,3.642,3.673,3.616,2640173.0,9615510.066,1.5590809628008735,-0.3829321663019747,-0.014000000000000234,0.0
2022-05-19,3.603,3.651,3.653,3.592,3249620.0,11864362.62,1.6749038989566158,0.24711696869852418,0.008999999999999897,0.0
2022-05-20,3.676,3.735,3.736,3.666,6004614.0,22427233.29,1.9172829361818757,2.3007395234182493,0.08400000000000007,0.0
2022-05-23,3.735,3.703,3.735,3.677,5120913.0,18962740.838999998,1.5528781793841988,-0.8567603748326658,-0.03200000000000003,0.0
2022-05-24,3.702,3.621,3.705,3.616,4156645.0,15051211.545,2.4034566567647846,-2.2144207399405813,-0.08199999999999985,0.0
2022-05-25,3.616,3.638,3.64,3.604,4576841.0,16650547.558,0.9942004971002495,0.46948356807512415,0.016999999999999904,0.0
2022-05-26,3.639,3.648,3.676,3.588,4816141.0,17569282.368,2.418911489829579,0.2748763056624526,0.010000000000000231,0.0
2022-05-27,3.678,3.658,3.713,3.641,5532972.0,20239611.576,1.9736842105263175,0.27412280701752945,0.009999999999999787,0.0
2022-05-30,3.676,3.681,3.699,3.663,4505319.0,16584079.239,0.9841443411700391,0.6287588846364267,0.02300000000000013,0.0
2022-05-31,3.681,3.745,3.759,3.672,4522581.0,16937065.845,2.36348818255908,1.7386579733768004,0.06400000000000006,0.0
2022-06-01,3.745,3.739,3.752,3.716,3774345.0,14112275.955,0.9612817089452493,-0.1602136181575453,-0.006000000000000227,0.0
2022-06-02,3.722,3.75,3.754,3.714,2901326.0,10879972.5,1.0698047606311858,0.29419630917357775,0.01100000000000012,0.0
2022-06-06,3.748,3.832,3.833,3.721,4238359.0,16241391.688,2.9866666666666695,2.18666666666667,0.08199999999999985,0.0
2022-06-07,3.817,3.838,3.858,3.811,3808642.0,14617567.996000001,1.2265135699373735,0.15657620041753528,0.006000000000000227,0.0
2022-06-08,3.841,3.88,3.886,3.821,4272911.0,16578894.68,1.693590411672745,1.094319958311618,0.041999999999999815,0.0
2022-06-09,3.871,3.846,3.89,3.829,2916148.0,11215505.208,1.5721649484536069,-0.8762886597938113,-0.03399999999999981,0.0
2022-06-10,3.815,3.904,3.916,3.814,6480691.0,25300617.664,2.6521060842433664,1.5080603224128852,0.05799999999999983,0.0
2022-06-13,3.866,3.852,3.879,3.826,5799002.0,22337755.704,1.357581967213113,-1.3319672131147597,-0.052000000000000046,0.0
2022-06-14,3.821,3.892,3.896,3.771,6249026.0,24321209.191999998,3.2450674974039457,1.0384215991692702,0.040000000000000036,0.0
2022-06-15,3.889,3.941,4.02,3.889,11218852.0,44213495.732,3.3658787255909504,1.2589928057553879,0.04899999999999993,0.0
2022-06-16,3.954,3.914,3.973,3.905,5075120.0,19864019.68,1.7254503933011942,-0.6851053032225218,-0.02699999999999969,0.0
2022-06-17,3.897,3.977,3.993,3.891,7156474.0,28461297.097999997,2.6060296371997924,1.6096065406233873,0.06299999999999972,0.0
2022-06-20,3.987,3.998,4.044,3.964,7324345.0,29282731.310000002,2.0115665074176423,0.5280362081971468,0.02100000000000035,0.0
2022-06-21,3.998,3.996,4.034,3.961,4224015.0,16879163.94,1.825912956478238,-0.05002501250626068,-0.002000000000000224,0.0
2022-06-22,3.996,3.946,4.003,3.938,3619643.0,14283111.278,1.6266266266266254,-1.2512512512512508,-0.04999999999999982,0.0
2022-06-23,3.947,4.021,4.023,3.94,4056939.0,16312951.719,2.103395843892543,1.9006588950836178,0.07499999999999973,0.0
2022-06-24,4.031,4.069,4.082,4.019,4148338.0,16879587.322,1.5667744342203365,1.1937329022631227,0.04800000000000004,0.0
2022-06-27,4.085,4.117,4.155,4.085,4559811.0,18772741.887,1.7203244040304815,1.1796510199066024,0.04800000000000004,0.0
2022-06-28,4.116,4.169,4.182,4.089,3748824.0,15628847.256,2.258926402720427,1.2630556230264656,0.0519999999999996,0.0
2022-06-29,4.154,4.114,4.183,4.099,5448356.0,22414536.584,2.0148716718637476,-1.319261213720313,-0.054999999999999716,0.0
2022-06-30,4.11,4.164,4.201,4.109,5680516.0,23653668.623999998,2.2362664073893934,1.2153621779290136,0.04999999999999982,0.0
2022-07-01,4.176,4.149,4.181,4.13,4455712.0,18486749.088,1.2247838616714735,-0.36023054755042194,-0.01499999999999968,0.0
2022-07-04,4.134,4.177,4.179,4.105,3874217.0,16182604.408999998,1.7835623041696755,0.6748614123885277,0.02799999999999958,0.0
2022-07-05,4.182,4.167,4.221,4.118,3921158.0,16339465.386,2.4658846061766764,-0.23940627244433133,-0.009999999999999787,0.0
2022-07-06,4.156,4.108,4.166,4.079,3189627.0,13102987.715999998,2.087832973362146,-1.4158867290616772,-0.05900000000000016,0.0
2022-07-07,4.101,4.124,4.144,4.078,4030459.0,16621612.916,1.6066212268743874,0.3894839337877265,0.016000000000000014,0.0
2022-07-08,4.147,4.12,4.169,4.113,2082490.0,8579858.8,1.357904946653714,-0.09699321047526022,-0.0039999999999995595,0.0
2022-07-11,4.102,4.044,4.102,4.026,4522075.0,18287271.299999997,1.8446601941747698,-1.8446601941747742,-0.07600000000000051,0.0
2022-07-12,4.038,4.008,4.063,3.994,3435392.0,13769051.136,1.7062314540059225,-0.8902077151335175,-0.03599999999999959,0.0
2022-07-13,4.011,4.015,4.035,3.984,2956003.0,11868352.045,1.2724550898203633,0.17465069860278515,0.006999999999999673,0.0
2022-07-14,4.011,4.016,4.045,3.992,3264143.0,13108798.288,1.3200498132004965,0.024906600249074984,0.001000000000000334,0.0
2022-07-15,4.006,3.951,4.056,3.949,7373071.0,29131003.521,2.664342629482077,-1.6185258964143467,-0.06499999999999995,0.0
2022-07-18,3.968,3.997,4.015,3.93,3891151.0,15552930.547,2.1513540875727544,1.1642622120981994,0.04599999999999982,0.0
2022-07-19,3.993,3.975,3.993,3.941,3535270.0,14052698.25,1.3009757317988504,-0.5504128096072036,-0.021999999999999797,0.0
2022-07-20,3.996,3.987,4.016,3.974,2998384.0,11954557.008,1.056603773584901,0.30188679245282124,0.01200000000000001,0.0
2022-07-21,3.971,3.942,3.994,3.941,3104926.0,12239618.292000001,1.3293202909455826,-1.1286681715575564,-0.04499999999999993,0.0
2022-07-22,3.957,3.945,3.991,3.915,3147688.0,12417629.16,1.9279553526128885,0.07610350076101557,0.0029999999999996696,0.0
2022-07-25,3.941,3.927,3.944,3.909,2516761.0,9883320.447,0.8871989860583053,-0.4562737642585524,-0.017999999999999794,0.0
2022-07-26,3.933,3.956,3.976,3.93,3762545.0,14884628.02,1.1713776419658726,0.7384772090654357,0.028999999999999915,0.0
2022-07-27,3.946,3.932,3.953,3.924,2571786.0,10112262.552,0.7330637007077835,-0.6066734074823055,-0.02400000000000002,0.0
2022-07-28,3.948,3.935,3.986,3.931,3695810.0,14543012.35,1.3987792472024456,0.07629704984741803,0.0030000000000001137,0.0
2022-07-29,3.939,3.876,3.961,3.867,4712654.0,18266246.904,2.3888182973316354,-1.49936467598476,-0.05900000000000016,0.0
2022-08-01,3.862,3.894,3.904,3.837,2983915.0,11619365.01,1.7285861713106225,0.4643962848297267,0.018000000000000238,0.0
2022-08-02,3.866,3.823,3.866,3.788,5439733.0,20796099.259,2.0030816640986204,-1.8233179250128462,-0.07100000000000017,0.0
2022-08-03,3.836,3.778,3.865,3.767,3766628.0,14230320.584,2.5634318597959798,-1.1770860580695763,-0.04499999999999993,0.0
2022-08-04,3.795,3.809,3.818,3.778,2617509.0,9970091.781000001,1.0587612493382752,0.8205399682371661,0.03100000000000014,0.0
2022-08-05,3.812,3.874,3.88,3.809,3933852.0,15239742.648,1.864006300866362,1.7064846416382284,0.06499999999999995,0.0
2022-08-08,3.857,3.86,3.875,3.849,1572824.0,6071100.64,0.6711409395973102,-0.36138358286009753,-0.014000000000000234,0.0
2022-08-09,3.858,3.867,3.875,3.846,2418244.0,9351349.548,0.7512953367875626,0.18134715025908132,0.007000000000000117,0.0
2022-08-10,3.858,3.822,3.872,3.804,2037632.0,7787829.504,1.758469097491597,-1.1636927851047307,-0.04499999999999993,0.0
2022-08-11,3.839,3.91,3.916,3.832,3480503.0,13608766.73,2.1978021978021998,2.302459445316596,0.08800000000000008,0.0
2022-08-12,3.908,3.911,3.922,3.894,2055898.0,8040617.078,0.7161125319693101,0.02557544757033625,0.0009999999999998899,0.0
2022-08-15,3.898,3.901,3.942,3.894,2328228.0,9082417.428,1.2273075939657387,-0.2556890820762048,-0.010000000000000231,0.0
2022-08-16,3.906,3.891,3.928,3.883,1684834.0,6555689.094,1.1535503716995625,-0.25634452704433874,-0.009999999999999787,0.0
2022-08-17,3.892,3.932,3.943,3.867,2810228.0,11049816.496,1.9532253919300968,1.0537136982780693,0.040999999999999925,0.0
2022-08-18,3.926,3.895,3.93,3.89,1999681.0,7788757.495,1.017293997965413,-0.9409969481180003,-0.03699999999999992,0.0
2022-08-19,3.891,3.865,3.907,3.863,2894411.0,11186898.515,1.1296534017971769,-0.7702182284980652,-0.029999999999999805,0.0
2022-08-22,3.856,3.892,3.904,3.852,3109324.0,12101489.008,1.345407503234154,0.6985769728331093,0.02699999999999969,0.0
2022-08-23,3.889,3.878,3.906,3.859,2758776.0,10698533.328,1.2076053442959958,-0.3597122302158251,-0.01399999999999979,0.0
2022-08-24,3.89,3.801,3.894,3.792,4031611.0,15324153.411,2.630221763795779,-1.9855595667869985,-0.07699999999999996,0.0
2022-08-25,3.809,3.837,3.842,3.78,3325107.0,12758435.559,1.6311496974480473,0.9471191791633693,0.03600000000000003,0.0
2022-08-26,3.835,3.831,3.857,3.824,2268554.0,8690830.374,0.8600469116497358,-0.15637216575450363,-0.006000000000000227,0.0
2022-08-29,3.797,3.806,3.817,3.781,2345945.0,8928666.67,0.9397024275646053,-0.6525711302531989,-0.02499999999999991,0.0
2022-08-30,3.81,3.797,3.812,3.762,2320948.0,8812639.556,1.3137151865475518,-0.23646873357855425,-0.008999999999999897,0.0
2022-08-31,3.78,3.797,3.838,3.769,5552796.0,21083966.412,1.8172241243086633,0.0,0.0,0.0
2022-09-01,3.786,3.763,3.809,3.754,3202516.0,12051067.708,1.448511983144592,-0.8954437713984742,-0.03400000000000025,0.0
2022-09-02,3.766,3.74,3.775,3.72,2637374.0,9863778.76,1.4615997874036597,-0.6112144565506128,-0.022999999999999687,0.0
2022-09-05,3.731,3.738,3.739,3.696,2158650.0,8069033.7,1.1497326203208476,-0.05347593582888388,-0.002000000000000224,0.0
2022-09-06,3.751,3.767,3.772,3.73,2641015.0,9948703.504999999,1.1235955056179727,0.7758159443552737,0.028999999999999915,0.0
2022-09-07,3.753,3.775,3.787,3.75,1835728.0,6929873.2,0.9822139633660718,0.21237058667373798,0.008000000000000007,0.0
2022-09-08,3.779,3.757,3.787,3.756,1716322.0,6448221.754000001,0.8211920529801362,-0.47682119205297857,-0.017999999999999794,0.0
2022-09-09,3.763,3.815,3.823,3.762,3929759.0,14992030.584999999,1.6236358796912413,1.5437849347883947,0.05799999999999983,0.0
2022-09-13,3.822,3.829,3.851,3.818,3274312.0,12537340.648,0.8650065530799455,0.3669724770642313,0.014000000000000234,0.0
2022-09-14,3.79,3.783,3.811,3.77,4299139.0,16263642.837,1.0707756594411053,-1.2013580569339322,-0.04600000000000026,0.0
2022-09-15,3.79,3.746,3.803,3.721,5888444.0,22058111.224,2.167591858313504,-0.9780597409463354,-0.03699999999999992,0.0
2022-09-16,3.733,3.656,3.743,3.652,7257809.0,26534549.704,2.4292578750667313,-2.4025627335824806,-0.08999999999999986,0.0
2022-09-19,3.65,3.645,3.671,3.631,3977904.0,14499460.08,1.0940919037199135,-0.3008752735229825,-0.01100000000000012,0.0
2022-09-20,3.662,3.647,3.679,3.636,3015150.0,10996252.049999999,1.1796982167352457,0.05486968449930352,0.0019999999999997797,0.0
2022-09-21,3.636,3.617,3.646,3.599,3634886.0,13147382.662,1.2887304633945629,-0.8225939128050364,-0.029999999999999805,0.0
2022-09-22,3.601,3.588,3.62,3.576,2798468.0,10040903.184,1.2164777439867305,-0.8017694221730709,-0.028999999999999915,0.0
2022-09-23,3.588,3.58,3.607,3.548,5202490.0,18624914.2,1.6443701226309968,-0.22296544035674826,-0.008000000000000007,0.0
2022-09-26,3.556,3.555,3.614,3.55,7560336.0,26876994.48,1.7877094972067056,-0.6983240223463638,-0.02499999999999991,0.0
2022-09-27,3.566,3.605,3.613,3.548,5191603.0,18715728.815,1.828410689170181,1.4064697609001309,0.04999999999999982,0.0
2022-09-28,3.591,3.549,3.594,3.546,5300816.0,18812595.984,1.331484049930653,-1.553398058252431,-0.05600000000000005,0.0
2022-09-29,3.572,3.55,3.593,3.529,5060836.0,17965967.8,1.803324880247959,0.028176951253877647,0.0009999999999998899,0.0
2022-09-30,3.551,3.524,3.571,3.521,6383788.0,22496468.912,1.4084507042253596,-0.7323943661971755,-0.0259999999999998,0.0
2022-10-10,3.523,3.445,3.526,3.433,6841092.0,23567561.939999998,2.639046538024971,-2.2417707150964916,-0.07900000000000018,0.0
2022-10-11,3.447,3.442,3.46,3.426,4913807.0,16913323.694000002,0.9869375907111702,-0.08708272859215827,-0.0029999999999996696,0.0
2022-10-12,3.443,3.504,3.507,3.375,7315130.0,25632215.52,3.8349796629866386,1.801278326554323,0.06199999999999983,0.0
2022-10-13,3.472,3.471,3.503,3.462,3451403.0,11979819.813000001,1.170091324200911,-0.9417808219178037,-0.03299999999999992,0.0
2022-10-14,3.508,3.559,3.579,3.499,7496291.0,26679299.669,2.3048112935753404,2.5352924229328666,0.08800000000000008,0.0
2022-10-17,3.551,3.558,3.562,3.525,3887601.0,13832084.358,1.0396178701882528,-0.028097780275371242,-0.001000000000000334,0.0
2022-10-18,3.58,3.551,3.586,3.543,4311344.0,15309582.544,1.2085441259134264,-0.19673974142775386,-0.006999999999999673,0.0
2022-10-19,3.546,3.492,3.558,3.49,2881623.0,10062627.516,1.9149535342157031,-1.6615038017459893,-0.05900000000000016,0.0
2022-10-20,3.476,3.48,3.532,3.447,3723050.0,12956214.0,2.434135166093928,-0.3436426116838476,-0.01200000000000001,0.0
2022-10-21,3.493,3.458,3.495,3.44,3275721.0,11327443.218,1.5804597701149472,-0.632183908045969,-0.021999999999999797,0.0
2022-10-24,3.455,3.36,3.489,3.342,6297940.0,21161078.4,4.251012145748981,-2.8340080971659964,-0.09800000000000031,0.0
2022-10-25,3.348,3.344,3.395,3.317,8235170.0,27538408.48,2.321428571428567,-0.4761904761904745,-0.016000000000000014,0.0
2022-10-26,3.346,3.372,3.424,3.345,6862870.0,23141597.64,2.362440191387552,0.837320574162681,0.028000000000000025,0.0
2022-10-27,3.395,3.346,3.406,3.345,5123971.0,17144806.966000002,1.8090154211150635,-0.7710557532621509,-0.0259999999999998,0.0
2022-10-28,3.333,3.26,3.339,3.251,7381372.0,24063272.72,2.6300059772863142,-2.570233114166176,-0.0860000000000003,0.0
2022-10-31,3.236,3.221,3.272,3.208,5976564.0,19250512.644,1.963190184049068,-1.196319018404901,-0.0389999999999997,0.0
2022-11-01,3.241,3.359,3.361,3.236,10691572.0,35912990.348,3.8807823657249303,4.284383731760322,0.1379999999999999,0.0
2022-11-02,3.341,3.393,3.423,3.334,7516463.0,25503358.959,2.649598094671032,1.0122060136945388,0.03399999999999981,0.0
2022-11-03,3.373,3.363,3.388,3.345,4881107.0,16415162.841,1.2673150604185,-0.8841732979663952,-0.029999999999999805,0.0
2022-11-04,3.361,3.49,3.507,3.36,11292457.0,39410674.93,4.371097234611961,3.7763901278620393,0.12700000000000022,0.0
2022-11-07,3.466,3.49,3.511,3.465,5340734.0,18639161.66,1.3180515759312397,0.0,0.0,0.0
2022-11-08,3.49,3.467,3.499,3.443,8012579.0,27779611.393,1.6045845272206316,-0.659025787965617,-0.02300000000000013,0.0
2022-11-09,3.467,3.427,3.48,3.423,5209240.0,17852065.48,1.6440726853187178,-1.1537352177675264,-0.040000000000000036,0.0
2022-11-10,3.406,3.406,3.422,3.383,5064964.0,17251267.384,1.1380215932302347,-0.6127808578932026,-0.020999999999999908,0.0
2022-11-11,3.498,3.504,3.554,3.466,13767023.0,48239648.592,2.5836758661186034,2.877275396359358,0.09799999999999986,0.0
2022-11-14,3.554,3.506,3.575,3.496,8509669.0,29834899.514,2.254566210045667,0.05707762557076723,0.0019999999999997797,0.0
2022-11-15,3.498,3.581,3.59,3.491,7671835.0,27472841.134999998,2.8237307472903526,2.139189960068455,0.07500000000000018,0.0
2022-11-16,3.574,3.552,3.594,3.547,5377972.0,19102556.544,1.312482546774636,-0.8098296565205221,-0.028999999999999915,0.0
2022-11-17,3.542,3.535,3.542,3.491,7916228.0,27983865.98,1.4358108108108028,-0.4786036036036001,-0.016999999999999904,0.0
2022-11-18,3.538,3.522,3.558,3.515,6491949.0,22864644.378,1.216407355021208,-0.367751060820376,-0.013000000000000345,0.0
2022-11-21,3.493,3.489,3.493,3.446,5182489.0,18081704.121,1.3344690516751765,-0.9369676320272524,-0.03299999999999992,0.0
2022-11-22,3.483,3.487,3.527,3.461,6490256.0,22631522.672000002,1.8916595012897761,-0.05732301519059124,-0.0019999999999997797,0.0
2022-11-23,3.476,3.49,3.512,3.47,5487916.0,19152826.84,1.2044737596788015,0.08603383997705105,0.0030000000000001137,0.0
2022-11-24,3.506,3.472,3.524,3.466,4821489.0,16740209.808,1.6618911174785052,-0.5157593123209292,-0.018000000000000238,0.0
2022-11-25,3.475,3.493,3.51,3.461,5492158.0,19184107.893999998,1.4112903225806432,0.6048387096774244,0.020999999999999908,0.0
2022-11-28,3.428,3.448,3.455,3.386,6260914.0,21587631.472,1.9753793300887477,-1.2882908674491822,-0.04499999999999993,0.0
2022-11-29,3.47,3.564,3.573,3.47,7207068.0,25685990.352,2.9872389791183225,3.3642691415313175,0.1160000000000001,0.0
2022-11-30,3.554,3.567,3.583,3.551,4594858.0,16389858.486000001,0.897867564534232,0.08417508417508657,0.0030000000000001137,0.0
2022-12-01,3.636,3.612,3.666,3.611,6354126.0,22951103.112,1.5419119708438382,1.2615643397813292,0.04499999999999993,0.0
2022-12-02,3.611,3.589,3.62,3.587,10304210.0,36981809.69,0.9136212624584694,-0.6367663344407526,-0.02300000000000013,0.0
2022-12-05,3.63,3.66,3.663,3.613,8761771.0,32068081.86,1.3931457230426254,1.97826692672054,0.07100000000000017,0.0
2022-12-06,3.648,3.683,3.706,3.644,7658073.0,28204682.858999997,1.6939890710382468,0.6284153005464477,0.022999999999999687,0.0
2022-12-07,3.676,3.671,3.722,3.656,6820751.0,25038976.921,1.7920173771381984,-0.32582134129786056,-0.01200000000000001,0.0
2022-12-08,3.671,3.68,3.689,3.659,5094095.0,18746269.6,0.8172160174339484,0.24516480523020245,0.009000000000000341,0.0
2022-12-09,3.679,3.714,3.725,3.664,6474552.0,24046486.128,1.6576086956521723,0.9239130434782528,0.03399999999999981,0.0
2022-12-12,3.701,3.672,3.701,3.668,4668575.0,17143007.400000002,0.8885298869143758,-1.1308562197092087,-0.041999999999999815,0.0
2022-12-13,3.674,3.661,3.684,3.656,3636743.0,13314116.123,0.762527233115469,-0.2995642701525081,-0.01100000000000012,0.0
2022-12-14,3.666,3.671,3.689,3.651,6219074.0,22830220.654,1.0379677683693052,0.27314941272875704,0.009999999999999787,0.0
2022-12-15,3.672,3.669,3.681,3.644,5307513.0,19473265.197,1.0078997548351927,-0.05448106782892648,-0.0019999999999997797,0.0
2022-12-16,3.667,3.673,3.682,3.648,9083687.0,33364382.351,0.9266830198964243,0.10902153175251783,0.0040000000000000036,0.0
2022-12-19,3.678,3.615,3.689,3.598,7451965.0,26938853.475,2.4775387966240183,-1.5790906615845257,-0.05799999999999983,0.0
2022-12-20,3.601,3.552,3.604,3.529,8155655.0,28968886.56,2.0746887966805025,-1.7427385892116232,-0.06300000000000017,0.0
2022-12-21,3.557,3.549,3.567,3.538,5230558.0,18563250.342,0.8164414414414515,-0.08445945945946276,-0.0030000000000001137,0.0
2022-12-22,3.572,3.557,3.6,3.537,6878210.0,24465792.97,1.7751479289940877,0.22541561003099897,0.008000000000000007,0.0
2022-12-23,3.54,3.547,3.568,3.528,10847910.0,38477536.77,1.124543154343549,-0.2811357885858845,-0.009999999999999787,0.0
2022-12-26,3.546,3.556,3.576,3.544,6511937.0,23156447.972,0.9021708486044552,0.253735551170009,0.008999999999999897,0.0
2022-12-27,3.596,3.603,3.609,3.575,5820488.0,20971218.264000002,0.9561304836895334,1.3217097862767258,0.04700000000000015,0.0
2022-12-28,3.595,3.59,3.601,3.573,6492690.0,23308757.099999998,0.7771301693033589,-0.36081043574799354,-0.013000000000000345,0.0
2022-12-29,3.575,3.578,3.589,3.552,7212710.0,25807076.38,1.0306406685236749,-0.3342618384401086,-0.01200000000000001,0.0
2022-12-30,3.593,3.594,3.607,3.59,6302286.0,22650415.884,0.47512576858581185,0.44717719396309974,0.016000000000000014,0.0
2023-01-03,3.593,3.605,3.617,3.546,6563108.0,23660004.34,1.9755147468002277,0.30606566499722376,0.01100000000000012,0.0
2023-01-04,3.604,3.61,3.621,3.587,9807997.0,35406869.17,0.9431345353675397,0.1386962552011095,0.004999999999999893,0.0
2023-01-05,3.631,3.685,3.691,3.628,7745023.0,28540409.755,1.7451523545706296,2.0775623268698196,0.07500000000000018,0.0
2023-01-06,3.686,3.701,3.718,3.682,5410808.0,20025400.408,0.976933514246948,0.4341926729986456,0.016000000000000014,0.0
2023-01-09,3.721,3.726,3.742,3.708,7809599.0,29098565.873999998,0.9186706295595733,0.6754931099702821,0.02499999999999991,0.0
2023-01-10,3.724,3.732,3.748,3.718,7442622.0,27775865.304,0.8051529790660292,0.16103059581320522,0.006000000000000227,0.0
2023-01-11,3.733,3.732,3.761,3.725,5715114.0,21328805.448000003,0.9646302250803866,0.0,0.0,0.0
2023-01-12,3.739,3.738,3.751,3.724,3255872.0,12170449.536,0.723472668810281,0.1607717041800516,0.005999999999999783,0.0
2023-01-13,3.745,3.8,3.804,3.745,6559090.0,24924542.0,1.5783841626538182,1.6586409844836725,0.06199999999999983,0.0
2023-01-16,3.805,3.863,3.904,3.803,17163759.0,66303601.017,2.657894736842105,1.6578947368421026,0.06300000000000017,0.0
2023-01-17,3.863,3.859,3.872,3.842,6015131.0,23212390.529,0.7765984985762311,-0.10354646647683374,-0.0040000000000000036,0.0
2023-01-18,3.866,3.85,3.872,3.846,4456901.0,17159068.85,0.6737496760818813,-0.23322104172065483,-0.008999999999999897,0.0
2023-01-19,3.841,3.878,3.88,3.823,6074324.0,23556228.472,1.480519480519479,0.727272727272732,0.028000000000000025,0.0
2023-01-20,3.893,3.901,3.914,3.885,5700822.0,22238906.621999998,0.7478081485301794,0.5930892212480554,0.022999999999999687,0.0
2023-01-30,3.98,3.925,3.987,3.918,8013471.0,31452873.674999997,1.768777236605997,0.6152268649064263,0.02400000000000002,0.0
2023-01-31,3.928,3.879,3.937,3.872,11392222.0,44190429.138,1.6560509554140113,-1.1719745222929845,-0.04599999999999982,0.0
2023-02-01,3.884,3.91,3.912,3.853,7156520.0,27981993.2,1.5210105697344605,0.7991750451147306,0.03100000000000014,0.0
2023-02-02,3.922,3.9,3.925,3.883,10018528.0,39072259.199999996,1.0741687979539596,-0.2557544757033292,-0.010000000000000231,0.0
2023-02-03,3.874,3.857,3.877,3.821,9600521.0,37029209.497,1.435897435897426,-1.1025641025640964,-0.042999999999999705,0.0
2023-02-06,3.823,3.8,3.824,3.778,7314597.0,27795468.599999998,1.1926367643245999,-1.4778325123152802,-0.057000000000000384,0.0
2023-02-07,3.806,3.81,3.821,3.79,5539881.0,21106946.61,0.8157894736842142,0.263157894736854,0.010000000000000231,0.0
2023-02-08,3.812,3.793,3.829,3.785,4628713.0,17556708.409,1.1548556430446204,-0.44619422572178546,-0.016999999999999904,0.0
2023-02-09,3.787,3.847,3.851,3.783,5958886.0,22923834.442,1.7927761666227275,1.4236751911415713,0.053999999999999826,0.0
2023-02-10,3.848,3.823,3.848,3.806,5205224.0,19899571.351999998,1.0917598128411703,-0.623862750194959,-0.02400000000000002,0.0
2023-02-13,3.81,3.855,3.861,3.803,8280101.0,31919789.355,1.5171331415119087,0.8370389746272577,0.03200000000000003,0.0
2023-02-14,3.861,3.864,3.867,3.839,3326324.0,12852915.935999999,0.7263294422827503,0.23346303501945442,0.008999999999999897,0.0
2023-02-15,3.861,3.836,3.874,3.828,6455068.0,24761640.847999997,1.1904761904761973,-0.7246376811594235,-0.028000000000000025,0.0
2023-02-16,3.84,3.807,3.888,3.782,7925101.0,30170859.507,2.7632950990615193,-0.7559958289885316,-0.028999999999999915,0.0
2023-02-17,3.805,3.749,3.821,3.745,7433949.0,27869874.801,1.996322563698452,-1.5235093249277631,-0.05799999999999983,0.0
2023-02-20,3.754,3.854,3.857,3.748,10495255.0,40448712.77,2.9074419845292074,2.8007468658308943,0.10499999999999998,0.0
2023-02-21,3.854,3.859,3.87,3.834,5609025.0,21645227.475,0.9340944473274527,0.12973533990658925,0.004999999999999893,0.0
2023-02-22,3.843,3.819,3.854,3.812,4529454.0,17297984.826,1.088364861363054,-1.0365379632028993,-0.040000000000000036,0.0
2023-02-23,3.823,3.819,3.845,3.801,4655595.0,17779717.305,1.1521340665095585,0.0,0.0,0.0
2023-02-24,3.818,3.78,3.818,3.76,8087762.0,30571740.36,1.5187221785807874,-1.021209740769835,-0.039000000000000146,0.0
2023-02-27,3.76,3.765,3.783,3.748,4569575.0,17204449.875,0.925925925925918,-0.3968253968253843,-0.01499999999999968,0.0
2023-02-28,3.777,3.791,3.796,3.74,4845454.0,18369116.114,1.4873837981407596,0.69057104913679,0.0259999999999998,0.0
2023-03-01,3.787,3.84,3.856,3.78,11804810.0,45330470.4,2.004748087575839,1.2925349512002082,0.04899999999999993,0.0
2023-03-02,3.83,3.835,3.854,3.827,4391329.0,16840746.715,0.7031250000000036,-0.13020833333332593,-0.004999999999999893,0.0
2023-03-03,3.846,3.844,3.856,3.814,4201757.0,16151553.908,1.0951760104302428,0.23468057366362594,0.008999999999999897,0.0
2023-03-06,3.845,3.819,3.847,3.8,9293025.0,35490062.475,1.222684703433927,-0.6503642039542123,-0.02499999999999991,0.0
2023-03-07,3.815,3.762,3.838,3.759,6746494.0,25380310.428,2.068604346687619,-1.492537313432829,-0.05699999999999994,0.0
2023-03-08,3.75,3.746,3.755,3.73,4313154.0,16157074.884,0.6645401382243464,-0.4253056884635842,-0.016000000000000014,0.0
2023-03-09,3.752,3.736,3.756,3.712,4079365.0,15240507.64,1.1745862253069834,-0.26695141484249785,-0.009999999999999787,0.0
2023-03-10,3.71,3.681,3.724,3.679,4981129.0,18335535.849,1.2044967880085753,-1.4721627408993632,-0.05500000000000016,0.0
2023-03-13,3.681,3.725,3.728,3.681,4674529.0,17412620.525000002,1.2768269491985915,1.1953273566965406,0.04400000000000004,0.0
2023-03-14,3.72,3.7,3.72,3.665,4635416.0,17151039.2,1.4765100671140983,-0.6711409395973145,-0.02499999999999991,0.0
2023-03-15,3.726,3.699,3.736,3.698,3933011.0,14548207.689,1.0270270270270339,-0.027027027027037853,-0.001000000000000334,0.0
2023-03-16,3.68,3.653,3.699,3.65,4331438.0,15822743.014,1.324682346580155,-1.243579345769119,-0.04599999999999982,0.0
2023-03-17,3.68,3.674,3.724,3.655,11235012.0,41277434.088,1.8888584724883763,0.5748699698877591,0.020999999999999908,0.0
2023-03-20,3.674,3.652,3.696,3.646,5709548.0,20851269.296,1.3609145345672364,-0.5988023952095745,-0.021999999999999797,0.0
2023-03-21,3.663,3.695,3.699,3.661,5567437.0,20571679.715,1.0405257393209149,1.1774370208105012,0.042999999999999705,0.0
2023-03-22,3.705,3.713,3.729,3.699,5817562.0,21600607.706,0.811907983761847,0.4871447902571102,0.018000000000000238,0.0
2023-03-23,3.7,3.751,3.752,3.698,5344729.0,20048078.479,1.4543495825478003,1.0234311877188151,0.03799999999999981,0.0
2023-03-24,3.743,3.746,3.754,3.734,2548953.0,9548377.938,0.5331911490269267,-0.13329778725672536,-0.004999999999999893,0.0
2023-03-27,3.745,3.725,3.745,3.704,4912547.0,18299237.575,1.0945008008542425,-0.560597971169241,-0.020999999999999908,0.0
2023-03-28,3.726,3.717,3.738,3.71,5072061.0,18852850.737,0.751677852348994,-0.21476510067114374,-0.008000000000000007,0.0
2023-03-29,3.738,3.717,3.739,3.711,6163363.0,22909220.271,0.7532956685499065,0.0,0.0,0.0
2023-03-30,3.718,3.76,3.761,3.701,5572070.0,20950983.2,1.6142050040355138,1.1568469195587738,0.042999999999999705,0.0
2023-03-31,3.765,3.77,3.783,3.759,6711625.0,25302826.25,0.6382978723404261,0.26595744680850686,0.010000000000000231,0.0
2023-04-03,3.77,3.8,3.811,3.765,5513397.0,20950908.599999998,1.2201591511936292,0.7957559681697646,0.029999999999999805,0.0
2023-04-04,3.8,3.82,3.822,3.792,4803087.0,18347792.34,0.789473684210533,0.5263157894736858,0.020000000000000018,0.0
2023-04-06,3.805,3.808,3.813,3.793,3782868.0,14405161.343999999,0.5235602094240842,-0.3141361256544517,-0.01200000000000001,0.0
2023-04-07,3.808,3.837,3.849,3.806,3295857.0,12646203.309,1.129201680672273,0.7615546218487479,0.02900000000000036,0.0
2023-04-10,3.848,3.822,3.849,3.818,4743616.0,18130100.352,0.8079228563982312,-0.390930414386248,-0.015000000000000124,0.0
2023-04-11,3.825,3.812,3.832,3.798,5359550.0,20430604.599999998,0.8895866038723131,-0.26164311878598134,-0.010000000000000231,0.0
2023-04-12,3.813,3.808,3.818,3.8,3358337.0,12788547.296,0.47219307450158027,-0.10493179433368471,-0.0040000000000000036,0.0
2023-04-13,3.799,3.783,3.805,3.777,4021907.0,15214874.181,0.7352941176470595,-0.6565126050420145,-0.02499999999999991,0.0
2023-04-14,3.795,3.804,3.814,3.791,4560326.0,17347480.104,0.6079830822098898,0.5551149881046769,0.020999999999999908,0.0
2023-04-17,3.801,3.865,3.867,3.8,6325480.0,24447980.200000003,1.7613038906414347,1.6035751840168366,0.06100000000000039,0.0
2023-04-18,3.864,3.872,3.883,3.856,4160543.0,16109622.496,0.6985769728331211,0.18111254851227443,0.006999999999999673,0.0
2023-04-19,3.874,3.839,3.874,3.835,4085730.0,15685117.47,1.0072314049586815,-0.8522727272727293,-0.03299999999999992,0.0
2023-04-20,3.838,3.823,3.842,3.81,6073086.0,23217407.778,0.8335504037509776,-0.41677520187548556,-0.016000000000000014,0.0
2023-04-21,3.823,3.75,3.826,3.744,6836486.0,25636822.5,2.14491237248234,-1.909495160868424,-0.07299999999999995,0.0
2023-04-24,3.749,3.699,3.752,3.683,5940937.0,21975525.963,1.8399999999999985,-1.3600000000000056,-0.051000000000000156,0.0
2023-04-25,3.7,3.68,3.708,3.644,9664268.0,35564506.24,1.7301973506353086,-0.5136523384698499,-0.018999999999999684,0.0
2023-04-26,3.678,3.671,3.69,3.654,9034653.0,33166211.163,0.9782608695652182,-0.24456521739131265,-0.009000000000000341,0.0
2023-04-27,3.668,3.706,3.72,3.66,4677697.0,17335545.082,1.634432034867885,0.9534186870062689,0.03500000000000014,0.0
2023-04-28,3.717,3.745,3.75,3.711,4518062.0,16920142.19,1.0523475445224002,1.0523475445223918,0.039000000000000146,0.0
2023-05-04,3.733,3.745,3.747,3.716,3378611.0,12652898.195,0.8277703604806328,0.0,0.0,0.0
2023-05-05,3.746,3.729,3.758,3.709,3379499.0,12602151.771,1.3084112149532692,-0.4272363150867875,-0.016000000000000014,0.0
2023-05-08,3.736,3.774,3.784,3.731,6848152.0,25844925.648000002,1.421292571735048,1.2067578439259874,0.04499999999999993,0.0
2023-05-09,3.779,3.739,3.805,3.739,5668907.0,21196043.273,1.7488076311605798,-0.9273979862215231,-0.03500000000000014,0.0
2023-05-10,3.737,3.708,3.739,3.7,9165933.0,33987279.564,1.0430596416153972,-0.8290986894891605,-0.030999999999999694,0.0
2023-05-11,3.718,3.703,3.728,3.7,3216150.0,11909403.45,0.7551240560949305,-0.13484358144553177,-0.0050000000000003375,0.0
2023-05-12,3.702,3.652,3.716,3.65,5187745.0,18945644.740000002,1.782338644342433,-1.377261679719144,-0.05099999999999971,0.0
2023-05-15,3.654,3.715,3.716,3.643,8107574.0,30119637.41,1.9989047097480939,1.725082146768897,0.06299999999999972,0.0
2023-05-16,3.714,3.698,3.72,3.682,4068203.0,15044214.694,1.0228802153432102,-0.45760430686405673,-0.016999999999999904,0.0
2023-05-17,3.691,3.671,3.702,3.661,6405805.0,23515710.154999997,1.10870740941049,-0.730124391563014,-0.027000000000000135,0.0
2023-05-18,3.678,3.67,3.698,3.651,7006002.0,25712027.34,1.2803050939798464,-0.02724053391446324,-0.0009999999999998899,0.0
2023-05-19,3.66,3.664,3.686,3.642,3417126.0,12520349.664,1.1989100817438703,-0.16348773841960984,-0.005999999999999783,0.0
2023-05-22,3.663,3.684,3.705,3.65,5003757.0,18433840.788000003,1.501091703056773,0.5458515283842891,0.020000000000000018,0.0
2023-05-23,3.687,3.627,3.691,3.626,6117573.0,22188437.270999998,1.7643865363735054,-1.547231270358318,-0.057000000000000384,0.0
2023-05-24,3.622,3.574,3.623,3.572,7672776.0,27422501.424,1.406120760959475,-1.461262751585335,-0.052999999999999936,0.0
2023-05-25,3.568,3.565,3.578,3.532,4918567.0,17534691.355,1.2870733072187974,-0.25181869054280437,-0.008999999999999897,0.0
2023-05-26,3.563,3.57,3.581,3.533,4462037.0,15929472.09,1.3464235624123435,0.14025245441795509,0.004999999999999893,0.0
2023-05-29,3.578,3.554,3.59,3.539,4030135.0,14323099.79,1.4285714285714206,-0.4481792717086819,-0.016000000000000014,0.0
2023-05-30,3.546,3.558,3.567,3.51,5720979.0,20355243.281999998,1.6038266741699603,0.11254924029262536,0.0040000000000000036,0.0
2023-05-31,3.548,3.522,3.548,3.505,7338757.0,25847102.154,1.2085441259134388,-1.0118043844856706,-0.03600000000000003,0.0
2023-06-01,3.519,3.53,3.56,3.514,6749757.0,23826642.209999997,1.3060760931289117,0.22714366837024436,0.008000000000000007,0.0
2023-06-02,3.55,3.583,3.593,3.55,6929781.0,24829405.323000003,1.218130311614735,1.5014164305949151,0.05300000000000038,0.0
2023-06-05,3.577,3.565,3.581,3.555,3611549.0,12875172.185,0.7256488975718616,-0.5023723137036029,-0.018000000000000238,0.0
2023-06-06,3.566,3.528,3.594,3.524,4115697.0,14520179.016,1.963534361851328,-1.0378681626928454,-0.03699999999999992,0.0
2023-06-07,3.54,3.516,3.547,3.503,3721767.0,13085732.772,1.2471655328798197,-0.3401360544217691,-0.01200000000000001,0.0
2023-06-08,3.516,3.548,3.563,3.503,3834889.0,13606186.172,1.7064846416382267,0.9101251422070522,0.03200000000000003,0.0
2023-06-09,3.549,3.564,3.567,3.542,5270689.0,18784735.596,0.7046223224351847,0.4509582863585049,0.016000000000000014,0.0
2023-06-12,3.56,3.568,3.59,3.545,4596593.0,16400643.824000001,1.2626262626262608,0.11223344556678949,0.0040000000000000036,0.0
2023-06-13,3.56,3.597,3.6,3.557,3503880.0,12603456.36,1.2051569506726498,0.8127802690582886,0.028999999999999915,0.0
2023-06-14,3.599,3.597,3.624,3.595,4441136.0,15974766.192,0.8062274117319965,0.0,0.0,0.0
2023-06-15,3.606,3.662,3.663,3.6,5084305.0,18618724.91,1.7514595496246794,1.8070614400889529,0.06499999999999995,0.0
2023-06-16,3.669,3.699,3.708,3.669,6021488.0,22273484.112,1.0649918077553289,1.0103768432550453,0.03699999999999992,0.0
2023-06-19,3.699,3.669,3.699,3.664,4003074.0,14687278.506000001,0.9462016761286752,-0.8110300081102917,-0.029999999999999805,0.0
2023-06-20,3.661,3.662,3.679,3.656,3538923.0,12959536.026,0.626873807576988,-0.1907876805669173,-0.007000000000000117,0.0
2023-06-21,3.655,3.607,3.659,3.605,4893537.0,17650987.959000003,1.4746040415073682,-1.5019115237575043,-0.054999999999999716,0.0
2023-06-26,3.586,3.563,3.59,3.551,6404956.0,22820858.228,1.081230939839193,-1.2198502911006437,-0.04400000000000004,0.0
2023-06-27,3.562,3.589,3.599,3.555,3971021.0,14251994.368999999,1.234914397979232,0.7297221442604584,0.0259999999999998,0.0
2023-06-28,3.583,3.597,3.598,3.557,4627456.0,16644959.232,1.1423794928949547,0.22290331568681765,0.008000000000000007,0.0
2023-06-29,3.597,3.579,3.599,3.567,3002626.0,10746398.454,0.8896302474284132,-0.5004170141784781,-0.017999999999999794,0.0
2023-06-30,3.578,3.602,3.62,3.573,5299183.0,19087657.166,1.3132159821179143,0.6426376082704577,0.022999999999999687,0.0
2023-07-03,3.61,3.647,3.659,3.608,4739097.0,17283486.759,1.4158800666296423,1.2493059411438079,0.04499999999999993,0.0
2023-07-04,3.645,3.654,3.656,3.639,2521213.0,9212512.302,0.46613655058953524,0.19193857965451588,0.007000000000000117,0.0
2023-07-05,3.648,3.627,3.654,3.621,2712152.0,9836975.304,0.9031198686371079,-0.7389162561576401,-0.027000000000000135,0.0
2023-07-06,3.62,3.599,3.64,3.594,3467439.0,12479312.961000001,1.268265784394824,-0.7719878687620474,-0.02799999999999958,0.0
2023-07-07,3.595,3.588,3.604,3.579,3022777.0,10845723.876,0.6946373992775746,-0.3056404556821324,-0.01100000000000012,0.0
2023-07-10,3.606,3.604,3.63,3.592,4284868.0,15442664.272,1.059085841694532,0.4459308807134965,0.016000000000000014,0.0
2023-07-11,3.617,3.63,3.635,3.607,5874389.0,21324032.07,0.7769145394006542,0.7214206437291759,0.0259999999999998,0.0
2023-07-12,3.634,3.611,3.64,3.601,3894108.0,14061623.988,1.0743801652892602,-0.5234159779614278,-0.018999999999999684,0.0
2023-07-13,3.63,3.674,3.677,3.63,5722866.0,21025809.684,1.3015785101080075,1.7446690667405118,0.06299999999999972,0.0
2023-07-14,3.68,3.672,3.684,3.67,3632621.0,13338984.312,0.38105606967883054,-0.05443658138268859,-0.0019999999999997797,0.0
2023-07-17,3.666,3.644,3.666,3.628,4486126.0,16347443.144000001,1.0348583877995592,-0.7625272331154731,-0.028000000000000025,0.0
2023-07-18,3.645,3.638,3.652,3.625,2666707.0,9701480.066,0.7409440175631211,-0.16465422612513825,-0.006000000000000227,0.0
2023-07-19,3.63,3.636,3.644,3.615,5012407.0,18225111.852,0.7971412864211082,-0.054975261132483855,-0.0019999999999997797,0.0
2023-07-20,3.643,3.608,3.662,3.601,8715071.0,31443976.168,1.677667766776676,-0.7700770077007757,-0.028000000000000025,0.0
2023-07-21,3.608,3.61,3.637,3.595,7272501.0,26253728.61,1.1640798226164029,0.05543237250553723,0.0019999999999997797,0.0
2023-07-24,3.59,3.593,3.617,3.584,4549820.0,16347503.26,0.9141274238227125,-0.470914127423816,-0.016999999999999904,0.0
2023-07-25,3.64,3.705,3.706,3.64,11409824.0,42273397.92,1.8369050932368447,3.117172279432223,0.1120000000000001,0.0
2023-07-26,3.7,3.696,3.702,3.681,5880386.0,21733906.656,0.566801619433196,-0.24291497975708065,-0.008999999999999897,0.0
2023-07-27,3.705,3.692,3.718,3.68,6024658.0,22243037.336,1.028138528138523,-0.10822510822511289,-0.0040000000000000036,0.0
2023-07-28,3.673,3.788,3.795,3.673,14964884.0,56686980.592,3.3044420368363996,2.600216684723722,0.09599999999999964,0.0
2023-07-31,3.82,3.804,3.861,3.794,17906350.0,68115755.39999999,1.768743400211198,0.42238648363253084,0.016000000000000014,0.0
2023-08-01,3.8,3.786,3.825,3.775,11359816.0,43008263.376,1.3144058885383878,-0.4731861198738141,-0.017999999999999794,0.0
2023-08-02,3.779,3.757,3.8,3.746,7894398.0,29659253.286000002,1.4263074484944487,-0.7659799260433142,-0.028999999999999915,0.0
2023-08-03,3.751,3.793,3.795,3.751,7379311.0,27989726.623,1.1711471919084386,0.9582113388341806,0.03600000000000003,0.0
2023-08-04,3.835,3.814,3.852,3.8,14223575.0,54248715.050000004,1.3709464803585565,0.5536514632217271,0.020999999999999908,0.0
2023-08-07,3.796,3.783,3.796,3.769,12814224.0,48476209.392,0.7079181961195514,-0.8127949659150535,-0.03100000000000014,0.0
2023-08-08,3.768,3.768,3.795,3.755,11165791.0,42072700.488,1.057361882104151,-0.3965107057890549,-0.015000000000000124,0.0
2023-08-09,3.758,3.76,3.775,3.754,13325079.0,50102297.04,0.5573248407643289,-0.2123142250530785,-0.008000000000000007,0.0
2023-08-10,3.758,3.765,3.77,3.734,9382509.0,35325146.385,0.9574468085106391,0.13297872340425343,0.0050000000000003375,0.0
2023-08-11,3.765,3.67,3.768,3.668,12885598.0,47290144.66,2.6560424966799374,-2.5232403718459584,-0.0950000000000002,0.0
2023-08-14,3.639,3.643,3.652,3.604,10386003.0,37836208.929,1.3079019073569496,-0.7356948228882887,-0.027000000000000135,0.0
2023-08-15,3.647,3.639,3.655,3.601,8165194.0,29713140.966,1.4822948119681534,-0.10979961570134478,-0.0040000000000000036,0.0
2023-08-16,3.622,3.609,3.642,3.607,8558495.0,30887608.455,0.9618026930475323,-0.8244023083264551,-0.029999999999999805,0.0
2023-08-17,3.591,3.622,3.629,3.575,11561183.0,41874604.826,1.4962593516209428,0.3602105846494785,0.0129999999999999,0.0
2023-08-18,3.624,3.572,3.634,3.571,12755465.0,45562520.980000004,1.7393705135284296,-1.38045278851463,-0.04999999999999982,0.0
2023-08-21,3.563,3.52,3.574,3.517,11009244.0,38752538.88,1.595744680851062,-1.4557670772676334,-0.052000000000000046,0.0
2023-08-22,3.538,3.543,3.561,3.492,13315289.0,47176068.927,1.9602272727272714,0.6534090909090962,0.02300000000000013,0.0
2023-08-23,3.53,3.488,3.541,3.479,10824197.0,37754799.136,1.7499294383290949,-1.5523567598080712,-0.05500000000000016,0.0
2023-08-24,3.495,3.511,3.54,3.492,9526548.0,33447710.028,1.376146788990827,0.6594036697247674,0.02300000000000013,0.0
2023-08-25,3.496,3.504,3.529,3.488,11745355.0,41155723.92,1.1677584733694082,-0.19937339789234398,-0.007000000000000117,0.0
2023-08-28,3.731,3.557,3.731,3.53,28220118.0,100378959.726,5.736301369863016,1.5125570776255648,0.052999999999999936,0.0
2023-08-29,3.54,3.579,3.608,3.538,21940525.0,78525138.97500001,1.9679505201012168,0.6184987348889504,0.02200000000000024,0.0
2023-08-30,3.584,3.578,3.604,3.57,10361323.0,37072813.694,0.9499860296172185,-0.02794076557698366,-0.001000000000000334,0.0
2023-08-31,3.578,3.559,3.585,3.55,8384688.0,29841104.592,0.9782001117943026,-0.5310229178311809,-0.018999999999999684,0.0
2023-09-01,3.577,3.582,3.6,3.57,7926925.0,28394245.349999998,0.8429334082607545,0.6462489463332277,0.022999999999999687,0.0
2023-09-04,3.61,3.64,3.65,3.594,11855233.0,43153048.120000005,1.5633724176437758,1.6192071468453362,0.058000000000000274,0.0
2023-09-05,3.63,3.613,3.632,3.605,6297701.0,22753593.713,0.7417582417582455,-0.7417582417582502,-0.027000000000000135,0.0
2023-09-06,3.6,3.603,3.613,3.586,7151761.0,25767794.883,0.7473014115693367,-0.2767783005812263,-0.009999999999999787,0.0
2023-09-07,3.595,3.55,3.596,3.546,9410350.0,33406742.5,1.3877324451845756,-1.4709963918956515,-0.05300000000000038,0.0
2023-09-08,3.535,3.529,3.548,3.516,8186358.0,28889657.382,0.9014084507042263,-0.5915492957746404,-0.020999999999999908,0.0
2023-09-11,3.53,3.557,3.581,3.523,8166508.0,29048268.956,1.6435250779257533,0.7934258996882937,0.028000000000000025,0.0
2023-09-12,3.554,3.552,3.566,3.545,5949369.0,21132158.688,0.5903851560303601,-0.14056789429294225,-0.004999999999999893,0.0
2023-09-13,3.551,3.527,3.562,3.507,10321331.0,36403334.437,1.5484234234234153,-0.703828828828823,-0.02499999999999991,0.0
2023-09-14,3.526,3.524,3.538,3.505,9282830.0,32712692.92,0.9356393535582624,-0.08505812305075189,-0.0030000000000001137,0.0
2023-09-15,3.531,3.507,3.538,3.489,11906221.0,41755117.047,1.3904653802497142,-0.48240635641316754,-0.016999999999999904,0.0
2023-09-18,3.498,3.52,3.531,3.484,9859264.0,34704609.28,1.3401767892785899,0.3706871970345027,0.0129999999999999,0.0
2023-09-19,3.516,3.515,3.518,3.492,7270063.0,25554271.445,0.738636363636358,-0.14204545454544748,-0.004999999999999893,0.0
2023-09-20,3.505,3.497,3.513,3.497,6341355.0,22175718.435,0.45519203413940296,-0.5120910384068367,-0.018000000000000238,0.0
2023-09-21,3.489,3.462,3.503,3.461,8991970.0,31130200.14,1.2010294538175652,-1.0008578781812938,-0.0349999999999997,0.0
2023-09-22,3.456,3.537,3.538,3.455,12471166.0,44110514.142,2.397458116695544,2.166377816291143,0.07499999999999973,0.0
2023-09-25,3.526,3.509,3.529,3.502,7009057.0,24594781.013,0.763358778625958,-0.791631325982467,-0.028000000000000025,0.0
2023-09-26,3.506,3.488,3.517,3.486,8629085.0,30098248.48,0.8834425762325362,-0.5984611000284912,-0.020999999999999908,0.0
2023-09-27,3.487,3.498,3.525,3.486,10780540.0,37710328.92,1.1181192660550372,0.28669724770642446,0.010000000000000231,0.0
2023-09-28,3.505,3.484,3.511,3.476,11206124.0,39042136.016,1.0005717552887405,-0.40022870211550154,-0.014000000000000234,0.0
2023-10-09,3.477,3.474,3.488,3.433,8752131.0,30404903.094,1.578645235361658,-0.2870264064293804,-0.009999999999999787,0.0
2023-10-10,3.486,3.447,3.498,3.444,9279324.0,31985829.828,1.5544041450777277,-0.7772020725388629,-0.027000000000000135,0.0
2023-10-11,3.465,3.455,3.482,3.447,8934987.0,30870380.085,1.015375689004936,0.23208587177254714,0.008000000000000007,0.0
2023-10-12,3.49,3.491,3.505,3.472,9335216.0,32589239.056,0.9551374819102726,1.0419681620839283,0.03600000000000003,0.0
2023-10-13,3.47,3.456,3.471,3.444,11350953.0,39228893.567999996,0.7734173589229486,-1.0025780578630794,-0.03500000000000014,0.0
2023-10-16,3.456,3.413,3.458,3.402,11389806.0,38873407.878,1.6203703703703716,-1.244212962962965,-0.04300000000000015,0.0
2023-10-17,3.42,3.425,3.433,3.407,8880603.0,30416065.275,0.7617931438616995,0.3515968356284871,0.01200000000000001,0.0
2023-10-18,3.419,3.397,3.423,3.395,8102706.0,27524892.281999998,0.8175182481751833,-0.8175182481751864,-0.028000000000000025,0.0
2023-10-19,3.38,3.32,3.38,3.315,16903688.0,56120244.16,1.9134530468060038,-2.2667059169855786,-0.07699999999999996,0.0
2023-10-20,3.303,3.302,3.32,3.285,17404462.0,57469533.524000004,1.0542168674698704,-0.5421686746987842,-0.017999999999999794,0.0
2023-10-23,3.288,3.264,3.29,3.232,27102417.0,88462289.088,1.756511205330098,-1.1508176862507602,-0.038000000000000256,0.0
2023-10-24,3.273,3.269,3.283,3.24,15350130.0,50179574.97,1.3174019607843046,0.15318627450982003,0.0050000000000003375,0.0
2023-10-25,3.308,3.289,3.323,3.287,13833516.0,45498434.124000005,1.1012542061792605,0.6118078923218029,0.020000000000000018,0.0
2023-10-26,3.275,3.302,3.306,3.268,11436095.0,37761985.69,1.1553663727576848,0.39525691699604515,0.0129999999999999,0.0
2023-10-27,3.294,3.356,3.369,3.285,16476624.0,55295550.144,2.5439127801332546,1.6353725015142206,0.053999999999999826,0.0
2023-10-30,3.342,3.372,3.383,3.34,9614014.0,32418455.208,1.281287246722293,0.47675804529201393,0.016000000000000014,0.0
2023-10-31,3.365,3.364,3.37,3.342,8396600.0,28246162.4,0.8303677342823258,-0.23724792408066353,-0.008000000000000007,0.0
2023-11-01,3.4,3.362,3.4,3.352,8119834.0,27298881.908,1.4268727705112974,-0.05945303210462827,-0.0019999999999997797,0.0
2023-11-02,3.368,3.345,3.389,3.344,10753816.0,35971514.52,1.3384889946460419,-0.5056513979773913,-0.016999999999999904,0.0
2023-11-03,3.351,3.373,3.388,3.35,10578227.0,35680359.671000004,1.1360239162929688,0.8370702541106168,0.028000000000000025,0.0
2023-11-06,3.395,3.421,3.425,3.394,11766496.0,40253182.816,0.9190631485324545,1.4230655203083087,0.0479999999999996,0.0
2023-11-07,3.412,3.41,3.421,3.396,6575291.0,22421742.310000002,0.7307804735457444,-0.3215434083601143,-0.010999999999999677,0.0
2023-11-08,3.403,3.399,3.416,3.378,11353212.0,38589567.588,1.11436950146627,-0.3225806451612967,-0.01100000000000012,0.0
2023-11-09,3.391,3.402,3.415,3.389,8185694.0,27847730.988,0.7649308620182479,0.08826125330980705,0.0030000000000001137,0.0
2023-11-10,3.388,3.375,3.388,3.363,7841768.0,26465967.0,0.7348618459729545,-0.7936507936508019,-0.027000000000000135,0.0
2023-11-13,3.379,3.37,3.386,3.35,6744633.0,22729413.21,1.0666666666666678,-0.1481481481481417,-0.004999999999999893,0.0
2023-11-14,3.374,3.37,3.39,3.355,7533172.0,25386789.64,1.0385756676557905,0.0,0.0,0.0
2023-11-15,3.4,3.395,3.411,3.383,9940631.0,33748442.245,0.8308605341246299,0.7418397626112627,0.02499999999999991,0.0
2023-11-16,3.39,3.359,3.393,3.357,8815567.0,29611489.553,1.060382916053007,-1.0603829160530154,-0.03600000000000003,0.0
2023-11-17,3.35,3.354,3.358,3.332,11984509.0,40196043.186000004,0.774039892825253,-0.14885382554331583,-0.004999999999999893,0.0
2023-11-20,3.357,3.365,3.377,3.33,8584304.0,28886182.96,1.4013118664281368,0.3279666070363785,0.01100000000000012,0.0
2023-11-21,3.375,3.37,3.406,3.36,9316055.0,31395105.35,1.3670133729569172,0.14858841010401136,0.004999999999999893,0.0
2023-11-22,3.361,3.331,3.366,3.33,7622027.0,25388971.937,1.0682492581602383,-1.157270029673596,-0.039000000000000146,0.0
2023-11-23,3.329,3.35,3.352,3.315,7749718.0,25961555.3,1.1107775442809944,0.5703992794956481,0.019000000000000128,0.0
2023-11-24,3.346,3.325,3.347,3.318,7434533.0,24719822.225,0.8656716417910422,-0.7462686567164201,-0.02499999999999991,0.0
2023-11-27,3.324,3.301,3.324,3.277,7762956.0,25625517.756,1.4135338345864574,-0.7218045112782012,-0.02400000000000002,0.0
2023-11-28,3.295,3.305,3.31,3.286,7274837.0,24043336.285,0.7270524083611033,0.12117540139351402,0.0040000000000000036,0.0
2023-11-29,3.306,3.278,3.309,3.265,7590570.0,24881888.46,1.3313161875945547,-0.8169440242057568,-0.027000000000000135,0.0
2023-11-30,3.274,3.282,3.292,3.267,6678101.0,21917527.482,0.7626601586333103,0.12202562538132788,0.0040000000000000036,0.0
2023-12-01,3.281,3.268,3.287,3.239,8604681.0,28120097.507999998,1.4625228519195625,-0.4265691651432091,-0.014000000000000234,0.0
2023-12-04,3.271,3.244,3.274,3.243,6925230.0,22465446.12,0.9485924112607143,-0.7343941248469932,-0.023999999999999577,0.0
2023-12-05,3.239,3.178,3.239,3.177,10087896.0,32059333.487999998,1.9112207151664558,-2.034525277435273,-0.06600000000000028,0.0
2023-12-06,3.174,3.183,3.203,3.164,10019449.0,31891906.167,1.227186910006284,0.1573316551290116,0.004999999999999893,0.0
2023-12-07,3.181,3.174,3.188,3.151,9345058.0,29661214.092,1.1624253848570647,-0.2827521206409056,-0.008999999999999897,0.0
2023-12-08,3.175,3.181,3.193,3.17,7091986.0,22559607.466000002,0.7246376811594245,0.2205419029615685,0.007000000000000117,0.0
2023-12-11,3.16,3.205,3.217,3.135,9982478.0,31993841.990000002,2.5778057214712446,0.7544797233574263,0.02400000000000002,0.0
2023-12-12,3.196,3.213,3.215,3.193,6407242.0,20586468.546,0.6864274570982776,0.24960998439937931,0.008000000000000007,0.0
2023-12-13,3.202,3.155,3.206,3.152,7088152.0,22363119.56,1.6806722689075575,-1.8051665110488724,-0.058000000000000274,0.0
2023-12-14,3.171,3.139,3.185,3.134,7415331.0,23276724.009,1.6164817749603853,-0.5071315372424778,-0.016000000000000014,0.0
2023-12-15,3.15,3.132,3.174,3.125,8999768.0,28187273.376000002,1.5610066900286694,-0.22300095571836653,-0.006999999999999673,0.0
2023-12-18,3.118,3.118,3.139,3.1,8473038.0,26418932.483999997,1.245210727969339,-0.446998722860803,-0.014000000000000234,0.0
2023-12-19,3.117,3.12,3.134,3.1,10985366.0,34274341.92,1.0904425914047406,0.06414368184735064,0.002000000000000224,0.0
2023-12-20,3.124,3.089,3.129,3.085,10347176.0,31962426.664,1.4102564102564115,-0.9935897435897512,-0.03100000000000014,0.0
2023-12-21,3.075,3.12,3.131,3.072,15924481.0,49684380.72,1.9100032372936135,1.0035610229848002,0.03100000000000014,0.0
2023-12-22,3.117,3.126,3.15,3.102,20765265.0,64912218.39,1.5384615384615397,0.19230769230769162,0.005999999999999783,0.0
2023-12-25,3.125,3.135,3.14,3.121,10041465.0,31479992.775,0.6078055022392875,0.2879078694817627,0.008999999999999897,0.0
2023-12-26,3.133,3.115,3.133,3.105,7771693.0,24208823.695,0.8931419457735256,-0.6379585326953596,-0.019999999999999574,0.0
2023-12-27,3.116,3.125,3.131,3.098,8361725.0,26130390.625,1.0593900481540903,0.32102728731941976,0.009999999999999787,0.0
2023-12-28,3.121,3.209,3.218,3.12,23832992.0,76480071.32800001,3.1359999999999957,2.6880000000000015,0.08400000000000007,0.0
2023-12-29,3.208,3.219,3.225,3.202,25188735.0,81082537.965,0.716734185104398,0.31162355874103653,0.009999999999999787,0.0
2024-01-02,3.222,3.173,3.222,3.171,9429306.0,29919187.938,1.5843429636533135,-1.429015222118668,-0.04599999999999982,0.0
2024-01-03,3.166,3.163,3.18,3.148,10617503.0,33583161.989,1.0085092971950844,-0.31515915537346784,-0.010000000000000231,0.0
2024-01-04,3.162,3.133,3.162,3.107,16661525.0,52200557.825,1.738855516914313,-0.9484666455896185,-0.029999999999999805,0.0
2024-01-05,3.124,3.116,3.159,3.097,16996697.0,52961707.852,1.9789339291413928,-0.5426109160548975,-0.016999999999999904,0.0
2024-01-08,3.109,3.069,3.123,3.066,17304244.0,53106724.835999995,1.8292682926829391,-1.5083440308087392,-0.04700000000000015,0.0
2024-01-09,3.071,3.077,3.091,3.059,11312178.0,34807571.706,1.0426849136526564,0.26067122841315626,0.008000000000000007,0.0
2024-01-10,3.07,3.061,3.101,3.052,9582541.0,29332158.001,1.5924601884952854,-0.5199870003249951,-0.016000000000000014,0.0
2024-01-11,3.061,3.08,3.1,3.054,12662372.0,39000105.76,1.502776870303831,0.6207121855602793,0.019000000000000128,0.0
2024-01-12,3.071,3.069,3.097,3.066,8413273.0,25820334.837,1.006493506493511,-0.3571428571428559,-0.01100000000000012,0.0
2024-01-15,3.05,3.065,3.095,3.044,9055706.0,27755738.89,1.661779081133925,-0.13033561420657813,-0.0040000000000000036,0.0
2024-01-16,3.06,3.087,3.088,3.046,17689524.0,54607560.58800001,1.3703099510603673,0.7177814029363905,0.02200000000000024,0.0
2024-01-17,3.077,3.012,3.077,3.01,12862152.0,38740801.824,2.170391966310339,-2.4295432458697808,-0.07500000000000018,0.0
2024-01-18,3.007,3.057,3.064,2.955,47543511.0,145340513.127,3.618857901726427,1.4940239043824688,0.04499999999999993,0.0
2024-01-19,3.038,3.064,3.074,3.031,36944521.0,113198012.344,1.4066077854105237,0.22898266274125056,0.007000000000000117,0.0
2024-01-22,3.054,2.995,3.064,2.982,46470565.0,139179342.175,2.6762402088772794,-2.2519582245430825,-0.06899999999999995,0.0
2024-01-23,2.988,3.017,3.036,2.975,13924804.0,42011133.668,2.036727879799664,0.7345575959933237,0.021999999999999797,0.0
2024-01-24,3.028,3.068,3.069,2.977,22789369.0,69917784.09200001,3.0493868080875073,1.6904209479615462,0.051000000000000156,0.0
2024-01-25,3.059,3.124,3.129,3.05,16487014.0,51505431.736,2.5749674054758858,1.8252933507170832,0.05600000000000005,0.0
2024-01-26,3.117,3.118,3.139,3.101,21833051.0,68075453.01799999,1.2163892445582527,-0.1920614596671033,-0.006000000000000227,0.0
2024-01-29,3.12,3.088,3.134,3.087,10113930.0,31231815.84,1.5073765234124346,-0.9621552277100598,-0.029999999999999805,0.0
2024-01-30,3.07,3.032,3.087,3.03,18892623.0,57282432.936,1.8458549222798053,-1.81347150259068,-0.05600000000000005,0.0
2024-01-31,3.022,3.011,3.038,2.986,19090997.0,57482991.967,1.7150395778363983,-0.6926121372031635,-0.020999999999999908,0.0
2024-02-01,2.989,3.007,3.037,2.979,18909976.0,56862297.832,1.9262703420790377,-0.13284623048821498,-0.0040000000000000036,0.0
2024-02-02,3.007,2.977,3.021,2.891,25386942.0,75576926.33399999,4.323245759893577,-0.9976720984369858,-0.03000000000000025,0.0
2024-02-05,2.947,2.997,3.023,2.9,26601787.0,79725555.639,4.131676184077938,0.6718172657037336,0.020000000000000018,0.0
2024-02-06,2.974,3.1,3.103,2.971,20089182.0,62276464.2,4.404404404404408,3.4367701034367704,0.1030000000000002,0.0
2024-02-07,3.099,3.129,3.131,3.076,34658147.0,108445341.963,1.7741935483870874,0.9354838709677349,0.028999999999999915,0.0
2024-02-08,3.141,3.151,3.155,3.122,23942620.0,75443195.61999999,1.0546500479386358,0.7031000319590808,0.021999999999999797,0.0
2024-02-19,3.163,3.178,3.181,3.144,14861876.0,47231041.927999996,1.1742304030466495,0.8568708346556653,0.027000000000000135,0.0
2024-02-20,3.172,3.19,3.194,3.161,9801668.0,31267320.919999998,1.0383889238514763,0.37759597230961894,0.01200000000000001,0.0
2024-02-21,3.177,3.238,3.285,3.171,16009581.0,51839023.278,3.5736677115987563,1.5047021943573657,0.04800000000000004,0.0
2024-02-22,3.236,3.264,3.266,3.23,9446351.0,30832889.663999997,1.1117974058060542,0.8029647930821504,0.0259999999999998,0.0
2024-02-23,3.264,3.267,3.286,3.253,10908774.0,35638964.658,1.0110294117647034,0.09191176470588758,0.0030000000000001137,0.0
2024-02-26,3.265,3.232,3.271,3.226,11172368.0,36109093.376,1.377410468319557,-1.071319253137426,-0.0349999999999997,0.0
2024-02-27,3.224,3.273,3.275,3.222,10468849.0,34264542.777,1.6398514851485129,1.2685643564356308,0.040999999999999925,0.0
2024-02-28,3.276,3.237,3.303,3.235,28549979.0,92416282.023,2.077604644057441,-1.0999083409715893,-0.03600000000000003,0.0
2024-02-29,3.229,3.292,3.296,3.226,14835850.0,48839618.199999996,2.1624961383997476,1.699104108742655,0.054999999999999716,0.0
2024-03-01,3.29,3.319,3.329,3.284,12256393.0,40678968.367,1.3669501822600356,0.8201701093560221,0.027000000000000135,0.0
2024-03-04,3.315,3.316,3.326,3.297,10146550.0,33645959.8,0.8737571557698076,-0.09038867128653427,-0.0030000000000001137,0.0
2024-03-05,3.304,3.345,3.355,3.297,27991019.0,93629958.555,1.7490952955367862,0.8745476477683978,0.02900000000000036,0.0
2024-03-06,3.34,3.331,3.361,3.327,12995274.0,43287257.694,1.0164424514200374,-0.4185351270553084,-0.014000000000000234,0.0
2024-03-07,3.33,3.312,3.349,3.304,10589480.0,35072357.76,1.3509456619633855,-0.5703992794956481,-0.019000000000000128,0.0
2024-03-08,3.314,3.322,3.329,3.293,8621877.0,28641875.394,1.0869565217391315,0.3019323671497709,0.010000000000000231,0.0
2024-03-11,3.32,3.37,3.373,3.319,11207615.0,37769662.550000004,1.6255267910897133,1.4449127031908482,0.04800000000000004,0.0
2024-03-12,3.372,3.375,3.388,3.357,11058396.0,37322086.5,0.9198813056379731,0.14836795252224366,0.004999999999999893,0.0
2024-03-13,3.374,3.354,3.374,3.344,6858706.0,23004099.924000002,0.8888888888888962,-0.622222222222224,-0.020999999999999908,0.0
2024-03-14,3.349,3.341,3.376,3.324,7018811.0,23449847.551000003,1.5503875968992262,-0.3875968992248069,-0.0129999999999999,0.0
2024-03-15,3.331,3.35,3.355,3.311,8490238.0,28442297.3,1.3169709667764153,0.2693804250224474,0.008999999999999897,0.0
2024-03-18,3.35,3.381,3.382,3.35,7873329.0,26619725.349,0.9552238805970158,0.9253731343283444,0.030999999999999694,0.0
2024-03-19,3.375,3.358,3.389,3.354,6548752.0,21990709.216000002,1.0351966873705916,-0.6802721088435271,-0.022999999999999687,0.0
2024-03-20,3.35,3.361,3.371,3.347,5379620.0,18080902.82,0.7147111375818945,0.08933889219773228,0.0030000000000001137,0.0
2024-03-21,3.369,3.359,3.383,3.354,6197332.0,20816838.188,0.8628384409401937,-0.05950609937519502,-0.002000000000000224,0.0
2024-03-22,3.356,3.328,3.357,3.301,14506378.0,48277225.984,1.6671628460851458,-0.922893718368567,-0.03100000000000014,0.0
2024-03-25,3.319,3.309,3.344,3.306,6305427.0,20864657.943,1.1418269230769174,-0.570913461538447,-0.018999999999999684,0.0
2024-03-26,3.309,3.32,3.327,3.301,8791033.0,29186229.56,0.7857358718646056,0.33242671501962917,0.010999999999999677,0.0
2024-03-27,3.315,3.282,3.321,3.281,8746475.0,28705930.95,1.204819277108435,-1.1445783132530085,-0.03799999999999981,0.0
2024-03-28,3.28,3.299,3.333,3.27,10319251.0,34043209.049,1.919561243144429,0.5179768433881682,0.016999999999999904,0.0
2024-03-29,3.296,3.315,3.319,3.294,6511959.0,21587144.085,0.7578053955744137,0.4849954531676248,0.016000000000000014,0.0
2024-04-01,3.329,3.373,3.383,3.328,10932625.0,36875744.125,1.659125188536958,1.7496229260935303,0.058000000000000274,0.0
2024-04-02,3.372,3.361,3.376,3.35,5831914.0,19601062.954,0.7708271568336733,-0.3557663800770827,-0.01200000000000001,0.0
2024-04-03,3.359,3.347,3.361,3.337,5983464.0,20026654.008,0.7140731925022321,-0.41654269562630963,-0.014000000000000234,0.0
2024-04-08,3.339,3.318,3.345,3.313,7099487.0,23556097.866,0.9560800717060062,-0.8664475649835635,-0.028999999999999915,0.0
2024-04-09,3.316,3.312,3.323,3.301,5345371.0,17703868.752,0.6630500301386316,-0.1808318264014508,-0.006000000000000227,0.0
2024-04-10,3.313,3.286,3.313,3.269,6816711.0,22399712.346,1.3285024154589384,-0.7850241545893644,-0.0259999999999998,0.0
2024-04-11,3.27,3.283,3.302,3.264,5391159.0,17699174.997,1.1564211807668976,-0.0912964090079127,-0.0030000000000001137,0.0
2024-04-12,3.283,3.255,3.294,3.246,7405129.0,24103694.895,1.4620773682607384,-0.8528784648187626,-0.028000000000000025,0.0
2024-04-15,3.255,3.328,3.334,3.253,10999537.0,36606459.136,2.48847926267281,2.2427035330261136,0.07299999999999995,0.0
2024-04-16,3.313,3.296,3.324,3.28,9132298.0,30100054.207999997,1.322115384615386,-0.9615384615384581,-0.03200000000000003,0.0
2024-04-17,3.296,3.342,3.346,3.28,9964664.0,33301907.088,2.0024271844660277,1.3956310679611672,0.04600000000000026,0.0
2024-04-18,3.333,3.348,3.383,3.33,9302193.0,31143742.163999997,1.5858767205266289,0.17953321364452268,0.005999999999999783,0.0
2024-04-19,3.334,3.32,3.343,3.307,6442757.0,21389953.24,1.0752688172043021,-0.8363201911589013,-0.028000000000000025,0.0
2024-04-22,3.319,3.313,3.341,3.307,7251824.0,24025292.912,1.0240963855421763,-0.21084337349396298,-0.006999999999999673,0.0
2024-04-23,3.313,3.288,3.319,3.282,9428474.0,31000822.512,1.1168125565952285,-0.7546030787805691,-0.025000000000000355,0.0
2024-04-24,3.294,3.302,3.306,3.278,5942319.0,19621537.338,0.8515815085158159,0.42579075425790425,0.014000000000000234,0.0
2024-04-25,3.292,3.312,3.326,3.284,6647552.0,22016692.224,1.2719563900666342,0.30284675953966556,0.009999999999999787,0.0
2024-04-26,3.313,3.362,3.37,3.313,13743140.0,46204436.68,1.7210144927536215,1.50966183574881,0.050000000000000266,0.0
2024-04-29,3.366,3.405,3.427,3.361,15303224.0,52107477.72,1.9631171921475263,1.2790005948839944,0.042999999999999705,0.0
2024-04-30,3.404,3.387,3.413,3.385,8231090.0,27878701.830000002,0.8223201174743032,-0.528634361233471,-0.017999999999999794,0.0
2024-05-06,3.429,3.437,3.453,3.424,13090611.0,44992430.007,0.8562149394744586,1.4762326542663073,0.04999999999999982,0.0
2024-05-07,3.434,3.439,3.445,3.426,6860184.0,23592172.776,0.5528076811172442,0.058190282222869705,0.002000000000000224,0.0
2024-05-08,3.432,3.41,3.433,3.407,6387759.0,21782258.19,0.7560337307356731,-0.8432683919744055,-0.028999999999999915,0.0
2024-05-09,3.409,3.445,3.451,3.408,6502023.0,22399469.235,1.2609970674486846,1.026392961876832,0.0349999999999997,0.0
2024-05-10,3.452,3.447,3.459,3.42,8650954.0,29819838.438,1.1320754716981174,0.05805515239478698,0.002000000000000224,0.0
2024-05-13,3.426,3.444,3.455,3.408,7411594.0,25525529.736,1.36350449666377,-0.08703220191471628,-0.0030000000000001137,0.0
2024-05-14,3.444,3.438,3.459,3.427,5876668.0,20203984.584000003,0.9291521486643447,-0.17421602787456303,-0.005999999999999783,0.0
2024-05-15,3.436,3.412,3.44,3.406,8559463.0,29204887.756,0.9889470622454859,-0.7562536358347915,-0.026000000000000245,0.0
2024-05-16,3.419,3.424,3.44,3.41,10511975.0,35993002.4,0.8792497069167586,0.3516998827667095,0.01200000000000001,0.0
2024-05-17,3.424,3.465,3.468,3.412,9320469.0,32295425.084999997,1.6355140186915904,1.197429906542058,0.040999999999999925,0.0
2024-05-20,3.471,3.473,3.489,3.459,9365359.0,32525891.807,0.8658008658008602,0.23088023088022602,0.008000000000000007,0.0
2024-05-21,3.468,3.461,3.472,3.449,4969839.0,17200612.779,0.6622516556291429,-0.3455226029369429,-0.01200000000000001,0.0
2024-05-22,3.459,3.469,3.478,3.452,6766846.0,23474188.774,0.751227968795153,0.23114706732159096,0.008000000000000007,0.0
2024-05-23,3.46,3.432,3.463,3.42,6988061.0,23983025.351999998,1.2395503026808923,-1.066589795330064,-0.03699999999999992,0.0
2024-05-24,3.421,3.391,3.439,3.387,8412742.0,28527608.122,1.5151515151515165,-1.1946386946386944,-0.040999999999999925,0.0
2024-05-27,3.394,3.421,3.423,3.39,6696225.0,22907785.724999998,0.9731642583308735,0.8846947803007987,0.029999999999999805,0.0
2024-05-28,3.42,3.398,3.422,3.391,5317532.0,18068973.736,0.9061677871967303,-0.6723180356620784,-0.022999999999999687,0.0
2024-05-29,3.397,3.399,3.422,3.39,6152451.0,20912180.949,0.9417304296645094,0.029429075927023263,0.0009999999999998899,0.0
2024-05-30,3.392,3.385,3.414,3.377,7779253.0,26332771.404999997,1.0885554574875071,-0.41188584877905887,-0.014000000000000234,0.0
2024-05-31,3.391,3.371,3.405,3.369,7232183.0,24379688.893,1.0635155096011695,-0.41358936484490183,-0.01399999999999979,0.0
2024-06-03,3.369,3.376,3.388,3.354,7075116.0,23885591.616,1.0086027884900566,0.14832393948382983,0.004999999999999893,0.0
2024-06-04,3.374,3.401,3.413,3.368,6817379.0,23185905.979,1.3329383886255903,0.7405213270142097,0.02499999999999991,0.0
2024-06-05,3.402,3.388,3.411,3.386,5839394.0,19783866.871999998,0.7350779182593329,-0.38224051749484733,-0.0129999999999999,0.0
2024-06-06,3.395,3.388,3.419,3.374,10266993.0,34784572.284,1.3282172373081442,0.0,0.0,0.0
2024-06-07,3.391,3.365,3.399,3.344,10281271.0,34596476.915,1.623376623376628,-0.6788665879574829,-0.022999999999999687,0.0
2024-06-11,3.356,3.34,3.358,3.322,8799170.0,29389227.799999997,1.0698365527488864,-0.7429420505200679,-0.025000000000000355,0.0
2024-06-12,3.333,3.336,3.345,3.325,5698353.0,19009705.608,0.5988023952095813,-0.11976047904191933,-0.0040000000000000036,0.0
2024-06-13,3.344,3.323,3.347,3.314,5488037.0,18236746.951,0.9892086330935228,-0.3896882494004772,-0.0129999999999999,0.0
2024-06-14,3.316,3.343,3.347,3.306,6741040.0,22535296.72,1.2338248570568742,0.6018657839301778,0.020000000000000018,0.0
2024-06-17,3.326,3.333,3.342,3.321,3930172.0,13099263.276,0.6281782829793571,-0.29913251570444777,-0.009999999999999787,0.0
2024-06-18,3.338,3.344,3.354,3.332,5490352.0,18359737.088,0.6600660066006673,0.3300330033003229,0.010999999999999677,0.0
2024-06-19,3.346,3.334,3.35,3.329,5308595.0,17698855.73,0.6279904306220069,-0.29904306220095433,-0.009999999999999787,0.0
2024-06-20,3.332,3.311,3.34,3.305,5546558.0,18364653.538,1.0497900419915926,-0.68986202759449,-0.02300000000000013,0.0
2024-06-21,3.306,3.305,3.314,3.282,19658677.0,64971927.48500001,0.966475385080037,-0.18121413470250092,-0.005999999999999783,0.0
2024-06-24,3.291,3.288,3.315,3.282,20875455.0,68638496.03999999,0.9984871406959127,-0.5143721633888099,-0.017000000000000348,0.0
2024-06-25,3.284,3.267,3.293,3.248,17384585.0,56795439.195,1.3686131386861293,-0.6386861313868564,-0.020999999999999908,0.0
2024-06-26,3.259,3.288,3.296,3.253,10454895.0,34375694.76,1.3161922252831253,0.642791551882449,0.020999999999999908,0.0
2024-06-27,3.279,3.269,3.285,3.263,14337049.0,46867813.181,0.669099756691005,-0.5778588807785812,-0.018999999999999684,0.0
2024-06-28,3.263,3.276,3.3,3.262,12755434.0,41786801.783999994,1.162434995411435,0.21413276231261325,0.006999999999999673,0.0
2024-07-01,3.276,3.29,3.296,3.256,8536040.0,28083571.6,1.2210012210012222,0.42735042735042583,0.014000000000000234,0.0
2024-07-02,3.283,3.285,3.3,3.278,5992049.0,19683880.965,0.6686930091185349,-0.1519756838905706,-0.004999999999999893,0.0
2024-07-03,3.283,3.279,3.292,3.269,7914240.0,25950792.96,0.7001522070015125,-0.18264840182649067,-0.006000000000000227,0.0
2024-07-04,3.282,3.264,3.298,3.262,15599237.0,50915909.567999996,1.0978956999085097,-0.45745654162855365,-0.015000000000000124,0.0
2024-07-05,3.259,3.247,3.267,3.217,16363845.0,53133404.714999996,1.531862745098034,-0.5208333333333259,-0.016999999999999904,0.0
2024-07-08,3.24,3.223,3.247,3.215,9426255.0,30380819.865,0.9855251000923939,-0.7391438250692994,-0.02400000000000002,0.0
2024-07-09,3.218,3.26,3.273,3.207,10688956.0,34845996.559999995,2.0477815699658795,1.1479987589202656,0.03699999999999992,0.0
2024-07-10,3.253,3.252,3.271,3.249,5792821.0,18838253.891999997,0.674846625766865,-0.24539877300613355,-0.008000000000000007,0.0
2024-07-11,3.279,3.298,3.308,3.266,10524378.0,34709398.644,1.2915129151291458,1.4145141451414656,0.04600000000000026,0.0
2024-07-12,3.3,3.308,3.313,3.294,8723694.0,28857979.752,0.5761067313523386,0.3032140691328067,0.009999999999999787,0.0
2024-07-15,3.3,3.315,3.32,3.297,12550082.0,41603521.83,0.6952841596130499,0.21160822249093325,0.007000000000000117,0.0
2024-07-16,3.309,3.34,3.344,3.306,16125087.0,53857790.58,1.1463046757164348,0.7541478129713397,0.02499999999999991,0.0
2024-07-17,3.338,3.345,3.359,3.329,22565644.0,75482079.18,0.8982035928143655,0.14970059880241582,0.0050000000000003375,0.0
2024-07-18,3.33,3.366,3.368,3.321,19611815.0,66013369.29,1.4050822122570912,0.627802690582957,0.020999999999999908,0.0
2024-07-19,3.354,3.389,3.395,3.341,31696626.0,107419865.514,1.6042780748663048,0.6833036244800805,0.022999999999999687,0.0
2024-07-22,3.384,3.36,3.387,3.34,17163073.0,57667925.28,1.3868397757450621,-0.855709648863967,-0.028999999999999915,0.0
2024-07-23,3.355,3.29,3.36,3.287,9195337.0,30252658.73,2.1726190476190466,-2.083333333333326,-0.06999999999999984,0.0
2024-07-24,3.284,3.268,3.298,3.255,14910835.0,48728608.779999994,1.3069908814589712,-0.6686930091185483,-0.02200000000000024,0.0
2024-07-25,3.253,3.248,3.265,3.23,20455525.0,66439545.2,1.0709914320685479,-0.6119951040391536,-0.019999999999999574,0.0
2024-07-26,3.249,3.263,3.272,3.241,13579703.0,44310570.889,0.9544334975369363,0.4618226600985098,0.01499999999999968,0.0
2024-07-29,3.259,3.243,3.261,3.242,5949376.0,19293826.368,0.5822862396567615,-0.6129328838492154,-0.020000000000000018,0.0
2024-07-30,3.235,3.22,3.235,3.206,15250861.0,49107772.42,0.8942337341967288,-0.7092198581560183,-0.022999999999999687,0.0
2024-07-31,3.22,3.297,3.299,3.216,15389083.0,50737806.651,2.577639751552787,2.3913043478260843,0.07699999999999996,0.0
2024-08-01,3.291,3.272,3.304,3.27,7965404.0,26062801.887999997,1.0312405216863756,-0.7582650894752963,-0.025000000000000355,0.0
2024-08-02,3.249,3.236,3.272,3.23,12997733.0,42060663.988000005,1.2836185819070849,-1.1002444987774918,-0.03599999999999959,0.0
2024-08-05,3.22,3.197,3.263,3.196,20183109.0,64525399.473000005,2.070457354758953,-1.2051915945611946,-0.039000000000000146,0.0
2024-08-06,3.217,3.197,3.227,3.17,12936275.0,41357271.175000004,1.7829214888958378,0.0,0.0,0.0
2024-08-07,3.19,3.19,3.214,3.18,6125438.0,19540147.22,1.0634970284641792,-0.21895527056615682,-0.007000000000000117,0.0
2024-08-08,3.185,3.194,3.218,3.172,8541072.0,27280183.968,1.4420062695924707,0.12539184952977678,0.0040000000000000036,0.0
2024-08-09,3.205,3.182,3.219,3.181,6040536.0,19220985.552,1.189730745147145,-0.37570444583594487,-0.01200000000000001,0.0
2024-08-12,3.18,3.178,3.191,3.172,5102200.0,16214791.6,0.5971087366436104,-0.12570710245128902,-0.0040000000000000036,0.0
2024-08-13,3.18,3.183,3.187,3.161,6958063.0,22147514.529,0.8181246066708558,0.1573316551290116,0.004999999999999893,0.0
2024-08-14,3.184,3.159,3.184,3.158,5610998.0,17725142.682,0.8168394596292884,-0.7540056550424112,-0.02400000000000002,0.0
2024-08-15,3.154,3.197,3.212,3.15,19046381.0,60891280.057000004,1.9626464070908605,1.20291231402343,0.038000000000000256,0.0
2024-08-16,3.193,3.199,3.211,3.187,16407617.0,52487966.783,0.750703784798249,0.06255864873319084,0.0019999999999997797,0.0
2024-08-19,3.198,3.208,3.233,3.196,7478253.0,23990235.624,1.1566114410753336,0.28133791809941133,0.009000000000000341,0.0
2024-08-20,3.213,3.192,3.215,3.177,15944748.0,50895635.616000004,1.1845386533665776,-0.4987531172069848,-0.016000000000000014,0.0
2024-08-21,3.18,3.177,3.195,3.163,10553698.0,33529098.546,1.0025062656641612,-0.46992481203007586,-0.015000000000000124,0.0
2024-08-22,3.179,3.168,3.184,3.16,12504794.0,39615187.392000005,0.7554296506137872,-0.28328611898016387,-0.008999999999999897,0.0
2024-08-23,3.16,3.182,3.194,3.16,8203428.0,26103307.895999998,1.073232323232317,0.4419191919191823,0.01399999999999979,0.0
2024-08-26,3.184,3.183,3.196,3.167,14006799.0,44583641.217,0.9113764927718528,0.03142677561280838,0.0009999999999998899,0.0
2024-08-27,3.176,3.166,3.179,3.156,12142201.0,38442208.366,0.7225887527489692,-0.534087338988376,-0.016999999999999904,0.0
2024-08-28,3.159,3.146,3.166,3.134,19955803.0,62780956.238,1.0107391029690471,-0.6317119393556503,-0.020000000000000018,0.0
2024-08-29,3.138,3.136,3.151,3.129,15082477.0,47298647.872,0.6993006993006928,-0.31786395422758185,-0.009999999999999787,0.0
2024-08-30,3.131,3.181,3.212,3.131,17858998.0,56809472.638000004,2.5829081632653192,1.4349489795918435,0.04499999999999993,0.0
2024-09-02,3.17,3.121,3.172,3.119,11333065.0,35370495.865,1.6661427224143333,-1.886199308393588,-0.06000000000000005,0.0
2024-09-03,3.119,3.133,3.141,3.117,12935523.0,40526993.559,0.7689842999038776,0.3844921499519316,0.01200000000000001,0.0
2024-09-04,3.12,3.112,3.132,3.11,6803058.0,21171116.496,0.702202361953407,-0.670284072773697,-0.020999999999999908,0.0
2024-09-05,3.115,3.119,3.129,3.109,16005558.0,49921335.402,0.6426735218509003,0.22493573264781297,0.007000000000000117,0.0
2024-09-06,3.124,3.091,3.134,3.089,7933157.0,24521388.287,1.442770118627763,-0.8977236293683855,-0.028000000000000025,0.0
2024-09-09,3.081,3.05,3.085,3.039,10188971.0,31076361.549999997,1.4881915237787064,-1.3264315755419087,-0.04100000000000037,0.0
2024-09-10,3.052,3.05,3.064,3.028,8666554.0,26432989.7,1.18032786885246,0.0,0.0,0.0
2024-09-11,3.042,3.043,3.056,3.03,7808902.0,23762488.786000002,0.8524590163934507,-0.2295081967212953,-0.006999999999999673,0.0
2024-09-12,3.048,3.032,3.061,3.03,6423793.0,19476940.376000002,1.0187315149523541,-0.36148537627341826,-0.01100000000000012,0.0
2024-09-13,3.034,3.017,3.046,3.016,8504681.0,25658622.577,0.989445910290231,-0.49472295514512155,-0.015000000000000124,0.0
2024-09-18,3.016,3.027,3.04,3.004,12254391.0,37094041.557000004,1.193238316208155,0.3314550878356082,0.010000000000000231,0.0
2024-09-19,3.032,3.054,3.075,3.005,16348870.0,49929448.98,2.3125206475057904,0.8919722497522153,0.02699999999999969,0.0
2024-09-20,3.047,3.063,3.068,3.028,23065620.0,70649994.06,1.3097576948264582,0.29469548133596035,0.009000000000000341,0.0
2024-09-23,3.058,3.072,3.089,3.052,8973165.0,27565562.88,1.2079660463597752,0.2938295788442735,0.008999999999999897,0.0
2024-09-24,3.103,3.216,3.218,3.082,39185162.0,126019480.99200001,4.4270833333333375,4.6875,0.14400000000000013,0.0
2024-09-25,3.278,3.263,3.333,3.256,32373469.0,105634629.347,2.3942786069651865,1.4614427860696333,0.04699999999999971,0.0
2024-09-26,3.257,3.429,3.432,3.256,44429621.0,152349170.40899998,5.393809377873128,5.087342935948502,0.16599999999999993,0.0
2024-09-27,3.489,3.658,3.722,3.459,25594612.0,93625090.696,7.6698745990084545,6.678331875182275,0.2290000000000001,0.0
2024-09-30,3.796,4.022,4.029,3.665,63702341.0,256210815.502,9.950792782941495,9.950792782941509,0.3640000000000003,0.0
2024-10-08,4.445,4.201,4.445,3.997,86298224.0,362538839.024,11.138736946792651,4.450522128294376,0.17899999999999938,0.0
2024-10-09,4.074,3.811,4.074,3.794,54091966.0,206144482.426,6.6650797429183495,-9.283503927636271,-0.3899999999999997,0.0
2024-10-10,3.859,3.875,3.974,3.788,37790001.0,146436253.875,4.88060876410392,1.6793492521647968,0.06400000000000006,0.0
2024-10-11,3.846,3.766,3.849,3.712,40900777.0,154032326.182,3.535483870967742,-2.8129032258064512,-0.10899999999999999,0.0
2024-10-14,3.776,3.829,3.849,3.735,31049317.0,118887834.79300001,3.0270844397238537,1.6728624535315983,0.06300000000000017,0.0
2024-10-15,3.803,3.72,3.835,3.716,26138707.0,97235990.04,3.1078610603290615,-2.846696265343429,-0.10899999999999999,0.0
2024-10-16,3.68,3.695,3.749,3.671,21611196.0,79853369.22,2.096774193548395,-0.6720430107526987,-0.025000000000000355,0.0
2024-10-17,3.719,3.652,3.749,3.651,29354356.0,107202108.112,2.6522327469553537,-1.1637347767253003,-0.042999999999999705,0.0
2024-10-18,3.647,3.805,3.907,3.635,36209179.0,137775926.095,7.44797371303396,4.189485213581601,0.15300000000000002,0.0
2024-10-21,3.806,3.805,3.849,3.769,25293364.0,96241250.02000001,2.102496714848885,0.0,0.0,0.0
2024-10-22,3.791,3.829,3.835,3.79,16669245.0,63826539.105000004,1.182654402102495,0.6307490144546568,0.02400000000000002,0.0
2024-10-23,3.829,3.844,3.886,3.81,22666292.0,87129226.448,1.9848524418908349,0.39174719247845324,0.01499999999999968,0.0
2024-10-24,3.827,3.8,3.831,3.782,15982487.0,60733450.599999994,1.2747138397502584,-1.144640998959423,-0.04400000000000004,0.0
2024-10-25,3.801,3.829,3.867,3.792,16852658.0,64528827.482,1.9736842105263206,0.7631578947368434,0.02900000000000036,0.0
2024-10-28,3.824,3.835,3.836,3.789,13963081.0,53548415.635,1.2274745364324813,0.15669887699136797,0.005999999999999783,0.0
2024-10-29,3.839,3.802,3.868,3.792,17946282.0,68231764.164,1.9817470664928312,-0.8604954367666173,-0.03299999999999992,0.0
2024-10-30,3.79,3.76,3.8,3.734,18128591.0,68163502.16,1.73592845870594,-1.104681746449243,-0.04200000000000026,0.0
2024-10-31,3.758,3.76,3.796,3.727,17636493.0,66313213.68,1.8351063829787222,0.0,0.0,0.0
2024-11-01,3.753,3.768,3.807,3.75,18177560.0,68493046.08,1.515957446808509,0.21276595744681437,0.008000000000000007,0.0
2024-11-04,3.771,3.821,3.823,3.76,12493144.0,47736303.224,1.671974522292998,1.4065817409766534,0.05300000000000038,0.0
2024-11-05,3.813,3.926,3.928,3.799,27630144.0,108475945.34400001,3.376079560324522,2.7479717351478694,0.10499999999999998,0.0
2024-11-06,3.926,3.9,3.969,3.874,21734248.0,84763567.2,2.419765664798771,-0.6622516556291425,-0.026000000000000245,0.0
2024-11-07,3.869,4.037,4.039,3.865,27887189.0,112580581.993,4.461538461538448,3.5128205128205137,0.137,0.0
2024-11-08,4.071,3.983,4.079,3.967,28080232.0,111843564.05600001,2.774337379242003,-1.3376269507059613,-0.053999999999999826,0.0
2024-11-11,3.941,4.004,4.008,3.919,23043651.0,92266778.60399999,2.234496610595028,0.5272407732864526,0.020999999999999464,0.0
2024-11-12,3.999,3.958,4.057,3.934,23041668.0,91198921.944,3.071928071928078,-1.1488511488511377,-0.045999999999999375,0.0
2024-11-13,3.939,3.984,3.995,3.935,15727943.0,62660124.912,1.5159171298635687,0.656897422940883,0.0259999999999998,0.0
2024-11-14,3.977,3.913,3.992,3.906,14438853.0,56499231.789,2.1586345381526066,-1.7821285140562249,-0.07100000000000017,0.0
2024-11-15,3.903,3.844,3.923,3.839,16769935.0,64463630.14,2.146690518783544,-1.7633529261436243,-0.06899999999999995,0.0
2024-11-18,3.86,3.827,3.907,3.802,16100926.0,61618243.802,2.7315296566077,-0.44224765868886573,-0.016999999999999904,0.0
2024-11-19,3.829,3.847,3.85,3.77,16705449.0,64265862.303,2.0904102430101927,0.5226025607525386,0.020000000000000018,0.0
2024-11-20,3.835,3.857,3.874,3.827,15485304.0,59726817.528000005,1.221731219131795,0.2599428125812375,0.010000000000000231,0.0
2024-11-21,3.849,3.862,3.871,3.837,10454707.0,40376078.434,0.8815141301529636,0.12963443090483473,0.004999999999999893,0.0
2024-11-22,3.86,3.742,3.863,3.735,17571913.0,65754098.446,3.314344899016057,-3.107198342827555,-0.1200000000000001,0.0
2024-11-25,3.744,3.72,3.761,3.683,13590858.0,50557991.760000005,2.0844468198824235,-0.5879208979155504,-0.021999999999999797,0.0
2024-11-26,3.703,3.712,3.745,3.702,7847079.0,29128357.248,1.1559139784946275,-0.21505376344086446,-0.008000000000000007,0.0
2024-11-27,3.705,3.776,3.781,3.69,14519874.0,54827044.224,2.45150862068966,1.724137931034475,0.06399999999999961,0.0
2024-11-28,3.773,3.747,3.778,3.737,10724073.0,40183101.530999996,1.0858050847457608,-0.768008474576265,-0.028999999999999915,0.0
2024-11-29,3.749,3.79,3.836,3.746,15297716.0,57978343.64,2.40192153722978,1.1475847344542434,0.04300000000000015,0.0
2024-12-02,3.786,3.82,3.832,3.776,9816348.0,37498449.36,1.477572559366756,0.79155672823219,0.029999999999999805,0.0
2024-12-03,3.819,3.824,3.841,3.794,15244237.0,58293962.287999995,1.2303664921466009,0.10471204188482464,0.0040000000000000036,0.0
2024-12-04,3.819,3.803,3.83,3.792,10069479.0,38294228.637,0.9937238493723917,-0.5491631799163121,-0.020999999999999908,0.0
2024-12-05,3.795,3.796,3.811,3.783,7595229.0,28831489.283999998,0.7362608466999744,-0.18406521167499967,-0.007000000000000117,0.0
2024-12-06,3.796,3.846,3.874,3.795,17762294.0,68313782.724,2.081138040042154,1.3171759747102385,0.050000000000000266,0.0
2024-12-09,3.843,3.843,3.869,3.819,12464187.0,47899870.641,1.30005200208009,-0.07800312012480326,-0.0030000000000001137,0.0
2024-12-10,3.968,3.874,3.987,3.862,24827953.0,96183489.922,3.2526671870934165,0.8066614623991608,0.03100000000000014,0.0
2024-12-11,3.867,3.864,3.883,3.854,12587160.0,48636786.24,0.7485802787816189,-0.25813113061435855,-0.010000000000000231,0.0
2024-12-12,3.866,3.906,3.911,3.855,13601804.0,53128646.424,1.449275362318842,1.0869565217391353,0.04200000000000026,0.0
2024-12-13,3.881,3.809,3.881,3.801,23465697.0,89380839.87300001,2.048131080389135,-2.4833589349718355,-0.09699999999999998,0.0
2024-12-16,3.807,3.785,3.81,3.775,9893231.0,37445879.335,0.9188763454975096,-0.6300866369125746,-0.02400000000000002,0.0
2024-12-17,3.782,3.796,3.832,3.78,13646692.0,51802842.831999995,1.3738441215323658,0.2906208718626013,0.010999999999999677,0.0
2024-12-18,3.809,3.813,3.828,3.804,10236096.0,39030234.048,0.6322444678609068,0.4478398314014864,0.017000000000000348,0.0
2024-12-19,3.789,3.819,3.827,3.77,9903622.0,37821932.418,1.4948859166011,0.15735641227379027,0.005999999999999783,0.0
2024-12-20,3.813,3.807,3.834,3.801,12230620.0,46561970.339999996,0.864100549882166,-0.314218381775333,-0.01200000000000001,0.0
2024-12-23,3.806,3.811,3.842,3.804,14247022.0,54295400.842,0.9981612818492318,0.10506960861571546,0.0040000000000000036,0.0
2024-12-24,3.813,3.858,3.865,3.811,14563434.0,56185728.372,1.4169509315140454,1.233272107058525,0.04700000000000015,0.0
2024-12-25,3.861,3.861,3.883,3.843,14181375.0,54754288.875,1.0368066355624685,0.07776049766718973,0.0030000000000001137,0.0
2024-12-26,3.861,3.862,3.868,3.845,9470234.0,36574043.708000004,0.5957005957005876,0.025900025900016388,0.0009999999999998899,0.0
2024-12-27,3.865,3.856,3.888,3.85,10869639.0,41913327.984,0.983946141895386,-0.15535991714138442,-0.006000000000000227,0.0
2024-12-30,3.855,3.875,3.882,3.854,13119335.0,50837423.125,0.7261410788381749,0.4927385892116165,0.019000000000000128,0.0
2024-12-31,3.876,3.811,3.883,3.809,18436188.0,70260312.468,1.9096774193548347,-1.6516129032258076,-0.06400000000000006,0.0
2025-01-02,3.809,3.698,3.81,3.67,21729803.0,80356811.494,3.6735764891104727,-2.965101023353456,-0.11299999999999999,0.0
2025-01-03,3.698,3.658,3.71,3.642,15930226.0,58272766.708,1.838831800973501,-1.0816657652785278,-0.040000000000000036,0.0
2025-01-06,3.654,3.642,3.662,3.617,12986739.0,47297703.438,1.230180426462546,-0.4373974849644635,-0.016000000000000014,0.0
2025-01-07,3.634,3.669,3.671,3.625,9689740.0,35551656.06,1.2630422844590836,0.7413509060955503,0.027000000000000135,0.0
2025-01-08,3.659,3.663,3.688,3.604,14097968.0,51640856.783999994,2.2894521668029455,-0.16353229762878785,-0.006000000000000227,0.0
2025-01-09,3.652,3.655,3.669,3.646,8060658.0,29461704.99,0.6279006279006316,-0.2184002184002165,-0.008000000000000007,0.0
2025-01-10,3.654,3.612,3.664,3.611,8265725.0,29855798.7,1.4500683994528025,-1.17647058823529,-0.042999999999999705,0.0
2025-01-13,3.59,3.597,3.615,3.582,9493947.0,34149727.359,0.9136212624584817,-0.41528239202658357,-0.015000000000000124,0.0
2025-01-14,3.604,3.695,3.707,3.598,16445462.0,60765982.089999996,3.03030303030303,2.72449263274952,0.09799999999999986,0.0
2025-01-15,3.685,3.672,3.693,3.666,7420496.0,27248061.312000003,0.73071718538566,-0.6224627875507371,-0.022999999999999687,0.0
2025-01-16,3.685,3.674,3.722,3.65,11090052.0,40744851.048,1.960784313725492,0.05446623093681158,0.0019999999999997797,0.0
2025-01-17,3.664,3.687,3.711,3.657,8476993.0,31254673.191,1.4697876973326027,0.3538377789874758,0.0129999999999999,0.0
2025-01-20,3.71,3.706,3.738,3.697,9202943.0,34106106.758,1.1120151885001337,0.5153241117439755,0.019000000000000128,0.0
2025-01-21,3.726,3.711,3.73,3.694,7439264.0,27607108.704,0.9713977334052895,0.1349163518618468,0.004999999999999893,0.0
2025-01-22,3.705,3.675,3.705,3.657,10996807.0,40413265.725,1.2934518997574789,-0.9700889248181133,-0.03600000000000003,0.0
2025-01-23,3.704,3.686,3.747,3.683,10385928.0,38282530.608,1.7414965986394575,0.29931972789116745,0.01100000000000012,0.0
2025-01-24,3.678,3.718,3.732,3.672,11436475.0,42520814.05,1.6277807921866536,0.8681497558328921,0.03200000000000003,0.0
2025-01-27,3.725,3.696,3.734,3.693,13053850.0,48247029.6,1.102743410435716,-0.5917159763313529,-0.021999999999999797,0.0
2025-02-05,3.719,3.676,3.723,3.668,7515497.0,27626966.972000003,1.4880952380952304,-0.5411255411255422,-0.020000000000000018,0.0
2025-02-06,3.673,3.721,3.726,3.67,13886365.0,51671164.165,1.5233949945593048,1.2241566920565772,0.04499999999999993,0.0
2025-02-07,3.722,3.777,3.803,3.715,19306314.0,72919947.978,2.3649556570814316,1.5049717817790853,0.05600000000000005,0.0
2025-02-10,3.778,3.781,3.789,3.763,12672646.0,47915274.526,0.6883770187979943,0.1059041567381458,0.0040000000000000036,0.0
2025-02-11,3.786,3.765,3.787,3.752,9990359.0,37613701.635,0.9256810367627649,-0.4231684739486874,-0.016000000000000014,0.0
2025-02-12,3.763,3.803,3.808,3.749,9789537.0,37229609.211,1.567065073041161,1.00929614873837,0.03799999999999981,0.0
2025-02-13,3.798,3.793,3.823,3.787,11758227.0,44598955.011,0.9466210886142529,-0.26295030239283923,-0.009999999999999787,0.0
2025-02-14,3.789,3.823,3.829,3.786,12924287.0,49409549.201,1.133667281834963,0.7909306617453149,0.029999999999999805,0.0
2025-02-17,3.833,3.83,3.842,3.801,13341020.0,51096106.6,1.07245618624117,0.18310227569970916,0.007000000000000117,0.0
2025-02-18,3.824,3.801,3.847,3.785,12465911.0,47382927.711,1.6187989556135727,-0.7571801566579661,-0.028999999999999915,0.0
2025-02-19,3.794,3.822,3.83,3.789,10190769.0,38949119.118,1.0786635096027342,0.5524861878452914,0.020999999999999908,0.0
2025-02-20,3.818,3.81,3.822,3.797,10186035.0,38808793.35,0.6541077969649375,-0.31397174254317317,-0.01200000000000001,0.0
2025-02-21,3.821,3.864,3.869,3.809,14372665.0,55535977.559999995,1.5748031496063006,1.4173228346456623,0.053999999999999826,0.0
2025-02-24,3.859,3.851,3.878,3.83,15385782.0,59250646.482,1.2422360248447217,-0.33643892339544346,-0.0129999999999999,0.0
2025-02-25,3.824,3.81,3.84,3.797,8924900.0,34003869.0,1.1165930927031864,-1.064658530251883,-0.040999999999999925,0.0
2025-02-26,3.817,3.843,3.844,3.808,13456581.0,51713640.783,0.9448818897637804,0.8661417322834541,0.03299999999999992,0.0
2025-02-27,3.845,3.856,3.858,3.817,11285856.0,43518260.736,1.0668748373666386,0.3382773874577083,0.0129999999999999,0.0
2025-02-28,3.838,3.783,3.854,3.771,13293340.0,50288705.22,2.1524896265560214,-1.8931535269709587,-0.07299999999999995,0.0
2025-03-03,3.784,3.77,3.816,3.755,11457686.0,43195476.22,1.6124768702088275,-0.3436426116838476,-0.0129999999999999,0.0
2025-03-04,3.749,3.766,3.773,3.741,10121848.0,38118879.568,0.8488063660477462,-0.10610079575597009,-0.0040000000000000036,0.0
2025-03-05,3.769,3.783,3.788,3.757,11919016.0,45089637.528,0.8231545406266515,0.4514073287307463,0.016999999999999904,0.0
2025-03-06,3.804,3.838,3.851,3.8,13710079.0,52619283.202,1.3481363996827957,1.4538725878932013,0.05500000000000016,0.0
2025-03-07,3.829,3.828,3.85,3.819,11559971.0,44251568.988,0.8077123501823902,-0.2605523710265789,-0.010000000000000231,0.0
2025-03-10,3.826,3.812,3.831,3.788,14427837.0,54998914.644,1.1233019853709547,-0.4179728317659337,-0.016000000000000014,0.0
2025-03-11,3.783,3.824,3.825,3.779,10029170.0,38351546.08,1.2067156348373627,0.31479538300105414,0.01200000000000001,0.0
2025-03-12,3.827,3.814,3.839,3.807,6092317.0,23236097.038,0.8368200836820092,-0.26150627615062483,-0.009999999999999787,0.0
2025-03-13,3.813,3.794,3.822,3.782,6410438.0,24321201.772,1.0487676979549039,-0.5243838489774499,-0.020000000000000018,0.0
2025-03-14,3.801,3.895,3.902,3.799,19037183.0,74149827.785,2.7148128624143437,2.662098049551931,0.10099999999999998,0.0
2025-03-17,3.907,3.883,3.912,3.877,11330420.0,43996020.86,0.8985879332477572,-0.3080872913992283,-0.01200000000000001,0.0
2025-03-18,3.897,3.892,3.904,3.88,8114043.0,31579855.356,0.6180788050476441,0.23177955189286337,0.008999999999999897,0.0
2025-03-19,3.887,3.898,3.91,3.873,8798313.0,34295824.074,0.9506680369989702,0.15416238437822027,0.006000000000000227,0.0
2025-03-20,3.898,3.865,3.898,3.857,8751426.0,33824261.49,1.051821446895842,-0.8465879938429954,-0.03299999999999992,0.0
2025-03-21,3.852,3.799,3.868,3.789,10149157.0,38556647.442999996,2.0439844760672634,-1.707632600258735,-0.06600000000000028,0.0
2025-03-24,3.798,3.816,3.82,3.793,7912221.0,30193035.336,0.7107133456172596,0.4474861805738417,0.016999999999999904,0.0
2025-03-25,3.817,3.818,3.828,3.806,6115316.0,23348276.488,0.5765199161425524,0.05241090146750338,0.002000000000000224,0.0
2025-03-26,3.814,3.802,3.829,3.799,7742554.0,29437190.308000002,0.7857517024620284,-0.41906757464641453,-0.016000000000000014,0.0
2025-03-27,3.8,3.816,3.839,3.784,8015252.0,30586201.632,1.4466070489216243,0.36822724881639957,0.01399999999999979,0.0
2025-03-28,3.816,3.797,3.818,3.789,7043048.0,26742453.256,0.7599580712788238,-0.4979035639412932,-0.018999999999999684,0.0
2025-03-31,3.793,3.773,3.813,3.758,9021729.0,34038983.517000005,1.448511983144592,-0.632077956281274,-0.02400000000000002,0.0
2025-04-01,3.777,3.771,3.792,3.768,6150155.0,23192234.505,0.6360985952822693,-0.05300821627353125,-0.002000000000000224,0.0
2025-04-02,3.772,3.768,3.785,3.76,6291176.0,23705151.167999998,0.662954123574658,-0.07955449482895949,-0.0030000000000001137,0.0
2025-04-03,3.737,3.748,3.769,3.732,11143308.0,41765118.384,0.9819532908704863,-0.5307855626326852,-0.019999999999999574,0.0
2025-04-07,3.589,3.484,3.629,3.393,65609880.0,228584821.92,6.296691568836718,-7.043756670224122,-0.26400000000000023,0.0
2025-04-08,3.487,3.519,3.528,3.46,58535333.0,205985836.82700002,1.9517795637198638,1.0045924225028813,0.03500000000000014,0.0
2025-04-09,3.484,3.555,3.563,3.467,16982014.0,60371059.77,2.728047740835467,1.0230179028132946,0.03600000000000003,0.0
2025-04-10,3.606,3.618,3.636,3.587,14296317.0,51724074.905999996,1.3783403656821358,1.7721518987341645,0.06299999999999972,0.0
2025-04-11,3.599,3.629,3.64,3.589,8619842.0,31281406.618,1.4096185737976825,0.3040353786622374,0.01100000000000012,0.0
2025-04-14,3.648,3.637,3.654,3.631,9415710.0,34244937.27,0.6337834114081051,0.22044640396803317,0.008000000000000007,0.0
2025-04-15,3.633,3.64,3.646,3.614,9817935.0,35737283.4,0.8798460269452854,0.0824855650261247,0.0030000000000001137,0.0
2025-04-16,3.63,3.649,3.658,3.6,21771337.0,79443608.713,1.5934065934065889,0.24725274725274637,0.008999999999999897,0.0
2025-04-17,3.631,3.652,3.66,3.63,13873406.0,50665678.712000005,0.8221430528912098,0.08221430528911888,0.0030000000000001137,0.0
2025-04-18,3.646,3.662,3.668,3.636,13780507.0,50464216.633999996,0.876232201533407,0.27382256297918683,0.009999999999999787,0.0
2025-04-21,3.654,3.664,3.675,3.646,7126315.0,26110818.16,0.7919169852539573,0.05461496450027692,0.002000000000000224,0.0
2025-04-22,3.664,3.667,3.682,3.662,7520436.0,27577438.812,0.54585152838428,0.08187772925762893,0.0029999999999996696,0.0
2025-04-23,3.681,3.671,3.696,3.662,6155041.0,22595155.511,0.9271884374147874,0.10908099263702287,0.0040000000000000036,0.0
2025-04-24,3.671,3.671,3.692,3.66,4873615.0,17891040.665,0.871697085262872,0.0,0.0,0.0
2025-04-25,3.676,3.671,3.688,3.664,5771935.0,21188773.384999998,0.653772813947154,0.0,0.0,0.0
2025-04-28,3.672,3.665,3.675,3.653,6247090.0,22895584.85,0.5992917461182184,-0.16344320348677943,-0.005999999999999783,0.0
2025-04-29,3.663,3.658,3.669,3.651,4947350.0,18097406.3,0.49113233287858765,-0.19099590723056226,-0.007000000000000117,0.0
2025-04-30,3.659,3.655,3.675,3.653,5004537.0,18291582.735,0.6014215418261291,-0.08201202843084454,-0.0030000000000001137,0.0
2025-05-06,3.675,3.692,3.695,3.669,7178253.0,26502110.076,0.7113543091655213,1.012311901504792,0.037000000000000366,0.0
2025-05-07,3.739,3.716,3.751,3.699,10470812.0,38909537.392000005,1.4084507042253533,0.650054171180936,0.02400000000000002,0.0
2025-05-08,3.707,3.739,3.755,3.707,7820057.0,29239193.123,1.2917115177610345,0.6189451022604819,0.022999999999999687,0.0
2025-05-09,3.735,3.734,3.739,3.721,6933748.0,25890615.032,0.4814121422840277,-0.13372559507889292,-0.004999999999999893,0.0
2025-05-12,3.752,3.779,3.781,3.746,8365002.0,31611342.558,0.9373326191751512,1.2051419389394802,0.04499999999999993,0.0
2025-05-13,3.8,3.783,3.801,3.777,7934009.0,30014356.047,0.6350886477904214,0.1058481079650786,0.0040000000000000036,0.0
2025-05-14,3.784,3.834,3.855,3.781,12147902.0,46575056.268,1.9561194818926735,1.3481363996827866,0.051000000000000156,0.0
2025-05-15,3.827,3.8,3.83,3.793,8177224.0,31073451.2,0.9650495565988503,-0.8868022952530086,-0.03400000000000025,0.0
2025-05-16,3.791,3.778,3.798,3.766,7302837.0,27590118.186,0.8421052631578956,-0.5789473684210455,-0.021999999999999797,0.0
2025-05-19,3.773,3.772,3.777,3.754,5562981.0,20983564.332,0.6087877183695112,-0.1588141874007465,-0.006000000000000227,0.0
2025-05-20,3.773,3.792,3.805,3.769,5499875.0,20855526.0,0.9544008483563106,0.5302226935312904,0.020000000000000018,0.0
2025-05-21,3.793,3.808,3.82,3.792,5606031.0,21347766.048,0.7383966244725746,0.42194092827003704,0.016000000000000014,0.0
2025-05-22,3.807,3.806,3.816,3.792,4919320.0,18722931.92,0.6302521008403368,-0.052521008403350056,-0.0019999999999997797,0.0
2025-05-23,3.801,3.777,3.828,3.776,8450891.0,31919015.307,1.36626379400946,-0.7619548081975847,-0.028999999999999915,0.0
2025-05-26,3.771,3.756,3.782,3.745,7404857.0,27812642.891999997,0.9796134498279035,-0.5559968228753043,-0.02100000000000035,0.0
2025-05-27,3.754,3.735,3.758,3.728,5782884.0,21599071.74,0.7987220447284292,-0.5591054313099031,-0.020999999999999908,0.0
2025-05-28,3.736,3.731,3.745,3.727,5399202.0,20144422.662,0.4819277108433799,-0.10709504685407767,-0.0040000000000000036,0.0
2025-05-29,3.734,3.755,3.768,3.728,8910394.0,33458529.47,1.072098633074232,0.6432591798445353,0.02400000000000002,0.0
2025-05-30,3.748,3.748,3.753,3.721,7370307.0,27623910.636,0.8521970705725708,-0.18641810918773594,-0.006999999999999673,0.0
2025-06-03,3.735,3.746,3.761,3.731,5967868.0,22355633.528,0.8004268943436565,-0.05336179295625243,-0.002000000000000224,0.0
2025-06-04,3.748,3.763,3.774,3.747,4645434.0,17480768.142,0.72076882007475,0.45381740523224856,0.016999999999999904,0.0
2025-06-05,3.767,3.773,3.783,3.756,5319657.0,20071065.861,0.7175126229072584,0.26574541589157175,0.010000000000000231,0.0
2025-06-06,3.776,3.775,3.788,3.767,4888808.0,18455250.2,0.5565862708719828,0.05300821627352015,0.0019999999999997797,0.0
2025-06-09,3.778,3.784,3.799,3.773,5810982.0,21988755.888,0.6887417218542994,0.23841059602649484,0.008999999999999897,0.0
2025-06-10,3.786,3.761,3.794,3.747,7710518.0,28999258.198000003,1.2420718816067695,-0.6078224101479845,-0.022999999999999687,0.0
2025-06-11,3.763,3.793,3.813,3.763,11035095.0,41856115.335,1.3294336612603102,0.850837543206584,0.03200000000000003,0.0
2025-06-12,3.787,3.795,3.802,3.769,6900872.0,26188809.24,0.8700237279198503,0.05272871078301211,0.0019999999999997797,0.0
2025-06-13,3.787,3.769,3.791,3.756,6980168.0,26308253.192,0.9222661396574479,-0.6851119894598079,-0.0259999999999998,0.0
2025-06-16,3.763,3.779,3.783,3.76,6493267.0,24538055.993,0.6102414433536781,0.26532236667551334,0.009999999999999787,0.0
2025-06-17,3.78,3.778,3.786,3.763,4828913.0,18243633.314,0.6086266207991567,-0.02646202699126965,-0.0009999999999998899,0.0
2025-06-18,3.78,3.781,3.787,3.759,4808034.0,18179176.554,0.7411328745367927,0.0794070937003788,0.0030000000000001137,0.0
2025-06-19,3.775,3.75,3.776,3.74,6007886.0,22529572.5,0.9521290663845433,-0.8198889182755909,-0.03100000000000014,0.0
2025-06-20,3.749,3.755,3.765,3.748,4230441.0,15885305.955,0.45333333333333076,0.13333333333334085,0.004999999999999893,0.0
2025-06-23,3.746,3.768,3.779,3.739,7492447.0,28231540.296,1.0652463382157134,0.34620505992011275,0.0129999999999999,0.0
2025-06-24,3.773,3.813,3.827,3.773,12245549.0,46692278.337000005,1.4331210191082757,1.194267515923575,0.04500000000000037,0.0
2025-06-25,3.816,3.878,3.88,3.812,17241161.0,66861222.358,1.7833726724364032,1.7046944662995056,0.06499999999999995,0.0
2025-06-26,3.872,3.863,3.881,3.862,9379679.0,36233699.977,0.48994326972665503,-0.3867973182052675,-0.015000000000000124,0.0
2025-06-27,3.867,3.84,3.89,3.835,10696914.0,41076149.76,1.4237639140564369,-0.5953921822417829,-0.02300000000000013,0.0
2025-06-30,3.838,3.859,3.862,3.833,10819590.0,41752797.81,0.7552083333333311,0.49479166666666075,0.019000000000000128,0.0
2025-07-01,3.857,3.865,3.869,3.846,6406861.0,24762517.765,0.5960093288416722,0.15548069448043655,0.006000000000000227,0.0
2025-07-02,3.862,3.869,3.876,3.852,5188835.0,20075602.615000002,0.620957309184994,0.10349288486417585,0.0040000000000000036,0.0
2025-07-03,3.871,3.892,3.897,3.868,6863819.0,26713983.548,0.7495476867407577,0.5944688550012733,0.022999999999999687,0.0
2025-07-04,3.888,3.909,3.942,3.881,10525621.0,41144652.489,1.567317574511829,0.43679342240492414,0.016999999999999904,0.0
2025-07-07,3.903,3.891,3.909,3.882,4022514.0,15651601.974,0.6907137375287719,-0.46047582501917983,-0.017999999999999794,0.0
2025-07-08,3.893,3.925,3.933,3.89,6122487.0,24030761.474999998,1.1051143664867566,0.8738113595476715,0.03399999999999981,0.0
2025-07-09,3.925,3.922,3.946,3.917,6476608.0,25401256.576,0.7388535031847225,-0.07643312101910382,-0.0029999999999996696,0.0
2025-07-10,3.922,3.942,3.967,3.921,6323877.0,24928723.134,1.1728709841917455,0.5099439061703182,0.020000000000000018,0.0
2025-07-11,3.943,3.956,4.007,3.942,12648551.0,50037667.756,1.6489091831557459,0.3551496702181689,0.01399999999999979,0.0
2025-07-14,3.955,3.955,3.971,3.953,8205479.0,32452669.445,0.455005055611735,-0.025278058645095136,-0.0009999999999998899,0.0
2025-07-15,3.959,3.955,3.981,3.93,8074813.0,31935885.415,1.2895069532237602,0.0,0.0,0.0
2025-07-16,3.956,3.946,3.97,3.933,4791819.0,18908517.774,0.9355246523388209,-0.22756005056889794,-0.008999999999999897,0.0
2025-07-17,3.946,3.979,3.98,3.945,5978225.0,23787357.275000002,0.8869741510390305,0.8362899138367963,0.03299999999999992,0.0
2025-07-18,3.985,4.009,4.013,3.982,7131296.0,28589365.664,0.7790902236742823,0.7539582809751311,0.03000000000000025,0.0
2025-07-21,4.014,4.034,4.037,4.011,7674613.0,30959388.842,0.6485407832377101,0.6235969069593228,0.024999999999999467,0.0
2025-07-22,4.036,4.078,4.08,4.019,10821091.0,44128409.098000005,1.5121467526028742,1.0907288051561936,0.04400000000000048,0.0
2025-07-23,4.081,4.076,4.111,4.065,9947315.0,40545255.94,1.1280039234918924,-0.04904364884749102,-0.002000000000000668,0.0
2025-07-24,4.072,4.102,4.105,4.067,8852360.0,36312380.720000006,0.9322865554465225,0.6378802747792012,0.02600000000000069,0.0
2025-07-25,4.102,4.08,4.102,4.07,8200860.0,33459508.8,0.7801072647489037,-0.5363237445148772,-0.02200000000000024,0.0
2025-07-28,4.08,4.091,4.1,4.063,6027713.0,24659373.883,0.9068627450980372,0.26960784313725394,0.01100000000000012,0.0
2025-07-29,4.085,4.112,4.113,4.069,8059786.0,33141840.032,1.0755316548521263,0.5133219261794109,0.020999999999999908,0.0
2025-07-30,4.104,4.109,4.142,4.084,9502522.0,39045862.898,1.410505836575893,-0.07295719844357951,-0.0030000000000001137,0.0
2025-07-31,4.098,4.032,4.098,4.019,11229126.0,45275836.032,1.9226089072767034,-1.873935264054516,-0.07699999999999996,0.0
2025-08-01,4.025,4.01,4.039,3.995,6115671.0,24523840.709999997,1.0912698412698312,-0.5456349206349298,-0.02200000000000024,0.0
2025-08-04,3.999,4.029,4.031,3.994,4355672.0,17549002.487999998,0.9226932668329046,0.4738154613466383,0.019000000000000128,0.0
2025-08-05,4.031,4.06,4.062,4.028,5480681.0,22251564.86,0.8438818565401016,0.769421692727712,0.030999999999999694,0.0
2025-08-06,4.058,4.071,4.076,4.053,4089449.0,16648146.878999999,0.5665024630541795,0.27093596059113434,0.01100000000000012,0.0
2025-08-07,4.073,4.07,4.087,4.048,5339656.0,21732399.92,0.9579955784819383,-0.024563989191828117,-0.0009999999999994458,0.0
2025-08-08,4.065,4.06,4.078,4.052,4230624.0,17176333.439999998,0.6388206388206557,-0.24570024570026439,-0.010000000000000675,0.0
2025-08-11,4.06,4.079,4.095,4.06,6881519.0,28069716.001,0.862068965517245,0.4679802955664947,0.019000000000000128,0.0
2025-08-12,4.077,4.105,4.114,4.077,4824872.0,19806099.560000002,0.9070850698700642,0.6374111301789886,0.02600000000000069,0.0
2025-08-13,4.111,4.14,4.149,4.106,7588408.0,31416009.119999997,1.047503045066995,0.8526187576126443,0.034999999999999254,0.0
2025-08-14,4.142,4.133,4.18,4.125,8879344.0,36698328.752,1.3285024154589304,-0.16908212560385882,-0.006999999999999673,0.0
2025-08-15,4.119,4.172,4.179,4.117,10718339.0,44716910.308,1.500120977498192,0.9436244858456178,0.0389999999999997,0.0
2025-08-18,4.175,4.204,4.237,4.162,10092475.0,42428764.9,1.7976989453499563,0.7670182166826578,0.03200000000000003,0.0
2025-08-19,4.203,4.182,4.224,4.174,7743324.0,32382580.968000002,1.1893434823977123,-0.5233111322549777,-0.021999999999999353,0.0
2025-08-20,4.172,4.241,4.242,4.144,13784166.0,58458648.006,2.3433763749402163,1.4108082257292986,0.058999999999999275,0.0
2025-08-21,4.245,4.255,4.271,4.235,9130025.0,38848256.375,0.8488564017920206,0.3301108229191385,0.014000000000000234,0.0
2025-08-22,4.252,4.356,4.361,4.251,13602634.0,59253073.703999996,2.5851938895417024,2.373678025851933,0.10099999999999998,0.0
2025-08-25,4.378,4.442,4.449,4.374,14560918.0,64679597.756000005,1.7217630853994532,1.9742883379247012,0.0860000000000003,0.0
2025-08-26,4.431,4.418,4.449,4.404,11142941.0,49229513.338,1.0130571814497957,-0.5402971634398956,-0.02400000000000002,0.0
2025-08-27,4.418,4.352,4.462,4.35,14126904.0,61480286.208000004,2.5350837483024016,-1.493888637392482,-0.06599999999999984,0.0
2025-08-28,4.346,4.436,4.438,4.329,12764157.0,56621800.452,2.5045955882352935,1.930147058823528,0.08399999999999963,0.0
2025-08-29,4.427,4.478,4.49,4.417,13550574.0,60679470.371999994,1.6456266907123624,0.9467989179440917,0.041999999999999815,0.0
2025-09-01,4.484,4.493,4.501,4.457,11939867.0,53645822.431,0.982581509602512,0.33497096918269076,0.015000000000000568,0.0
2025-09-02,4.49,4.467,4.52,4.427,10344122.0,46207192.974,2.0698864900957035,-0.5786779434676315,-0.02600000000000069,0.0
2025-09-03,4.469,4.426,4.486,4.397,9188625.0,40668854.25,1.9923886277143392,-0.9178419520931125,-0.04099999999999948,0.0
2025-09-04,4.423,4.333,4.432,4.293,14208228.0,61564251.924,3.140533212833263,-2.1012200632625433,-0.09299999999999997,0.0
2025-09-05,4.327,4.431,4.44,4.319,10603325.0,46983333.075,2.7925225017309123,2.2617124394184174,0.09799999999999986,0.0
2025-09-08,4.431,4.432,4.45,4.401,10340220.0,45827855.04000001,1.105845181674574,0.022568269013767406,0.001000000000000334,0.0
2025-09-09,4.422,4.405,4.441,4.379,6803545.0,29969615.725,1.3989169675090314,-0.6092057761732828,-0.027000000000000135,0.0
2025-09-10,4.403,4.415,4.439,4.384,6086583.0,26872263.945,1.248581157775249,0.2270147559591429,0.009999999999999787,0.0
2025-09-11,4.404,4.537,4.539,4.394,9783418.0,44387367.466,3.2842582106455165,2.763306908267271,0.12199999999999989,0.0
2025-09-12,4.539,4.498,4.541,4.492,9158580.0,41195292.84,1.0800088163985095,-0.8595988538681931,-0.0389999999999997,0.0
2025-09-15,4.499,4.506,4.539,4.491,7211915.0,32496888.990000002,1.067140951534016,0.17785682525566227,0.008000000000000007,0.0
2025-09-16,4.509,4.497,4.529,4.468,7889034.0,35476985.898,1.3537505548157998,-0.1997336884154488,-0.009000000000000341,0.0
2025-09-17,4.492,4.53,4.536,4.476,7154079.0,32407977.87,1.3342228152101314,0.7338225483655814,0.03300000000000036,0.0
2025-09-18,4.532,4.471,4.553,4.431,11873727.0,53087433.417,2.6931567328918296,-1.3024282560706424,-0.05900000000000016,0.0
2025-09-19,4.467,4.481,4.51,4.464,7316138.0,32783614.378,1.0288526056810416,0.2236636099306688,0.009999999999999787,0.0
2025-09-22,4.481,4.496,4.498,4.459,6292766.0,28292275.936000004,0.8703414416425036,0.33474670832405184,0.015000000000000568,0.0
2025-09-23,4.504,4.499,4.533,4.435,10550001.0,47464454.499,2.17971530249112,0.06672597864767482,0.0029999999999992255,0.0
2025-09-24,4.474,4.54,4.541,4.473,10044859.0,45603659.86,1.5114469882196158,0.9113136252500542,0.04100000000000037,0.0
2025-09-25,4.54,4.572,4.595,4.534,7713362.0,35265491.064,1.3436123348017608,0.7048458149779835,0.03200000000000003,0.0
2025-09-26,4.554,4.528,4.576,4.527,7153059.0,32389051.152,1.0717410323709424,-0.9623797025371972,-0.04400000000000048,0.0
2025-09-29,4.525,4.605,4.632,4.517,11954365.0,55049850.825,2.539752650176664,1.7005300353357011,0.07700000000000085,0.0
2025-09-30,4.611,4.618,4.627,4.597,7403809.0,34190789.962000005,0.6514657980455887,0.2823018458197657,0.0129999999999999,0.0
2025-10-09,4.631,4.693,4.713,4.627,8970906.0,42100461.857999995,1.8622780424426222,1.6240796881766828,0.07499999999999929,0.0
2025-10-10,4.664,4.596,4.671,4.581,11746426.0,53986573.896,1.9177498401875104,-2.0669081610909745,-0.09699999999999953,0.0
2025-10-13,4.475,4.569,4.581,4.473,9658362.0,44129055.978,2.3498694516971397,-0.5874673629242877,-0.027000000000000135,0.0
2025-10-14,4.602,4.522,4.617,4.497,11619095.0,52541547.59,2.626395272488512,-1.0286714817246634,-0.04699999999999971,0.0
2025-10-15,4.525,4.583,4.592,4.504,9974013.0,45710901.579,1.946041574524548,1.3489606368863427,0.06099999999999994,0.0
2025-10-16,4.566,4.598,4.624,4.566,8124633.0,37357062.534,1.2655465852061931,0.3272965306567732,0.01499999999999968,0.0
2025-10-17,4.592,4.501,4.601,4.489,8400582.0,37811019.582,2.435841670291433,-2.1096128751631027,-0.09699999999999953,0.0
2025-10-20,4.528,4.517,4.555,4.501,7644178.0,34528752.026,1.199733392579413,0.35547656076426737,0.016000000000000014,0.0
2025-10-21,4.533,4.587,4.6,4.529,9598685.0,44029168.095,1.5718397166260734,1.5497011290679596,0.0699999999999994,0.0
2025-10-22,4.567,4.572,4.585,4.545,5544842.0,25351017.624,0.8720296490080671,-0.3270111183780178,-0.01499999999999968,0.0
2025-10-23,4.564,4.59,4.596,4.519,6993428.0,32099834.52,1.684164479440069,0.3937007874015741,0.017999999999999794,0.0
2025-10-24,4.605,4.647,4.649,4.604,8653036.0,40210658.292,0.9803921568627435,1.241830065359495,0.057000000000000384,0.0
2025-10-27,4.685,4.703,4.708,4.673,7585249.0,35673426.047000006,0.7531740908112791,1.2050785452980328,0.05600000000000005,0.0
2025-10-28,4.692,4.679,4.727,4.669,7259491.0,33967158.389,1.2332553689134746,-0.5103125664469466,-0.02400000000000002,0.0
2025-10-29,4.687,4.739,4.741,4.687,6792784.0,32191003.376,1.154092754862137,1.2823252831801524,0.05999999999999961,0.0
2025-10-30,4.735,4.7,4.751,4.693,8164619.0,38373709.300000004,1.223886895969629,-0.822958430048526,-0.0389999999999997,0.0
2025-10-31,4.696,4.633,4.703,4.632,14325686.0,66370903.238,1.5106382978723536,-1.4255319148936185,-0.06700000000000017,0.0
2025-11-03,4.629,4.64,4.644,4.582,7759881.0,36005847.839999996,1.3382257716382533,0.15109000647528514,0.006999999999999673,0.0
2025-11-04,4.637,4.606,4.65,4.583,12015243.0,55342209.258,1.443965517241383,-0.7327586206896552,-0.03399999999999981,0.0
2025-11-05,4.569,4.612,4.628,4.545,7633533.0,35205854.196,1.801997394702566,0.13026487190621605,0.006000000000000227,0.0
2025-11-06,4.619,4.682,4.69,4.619,7326649.0,34303370.618,1.5394622723330575,1.5177797051170838,0.07000000000000028,0.0
2025-11-07,4.667,4.672,4.689,4.651,5392556.0,25194021.632,0.8116189662537431,-0.21358393848783797,-0.010000000000000675,0.0
2025-11-10,4.674,4.684,4.688,4.64,4483488.0,21000657.792,1.0273972602739736,0.25684931506850806,0.012000000000000455,0.0
2025-11-11,4.691,4.64,4.701,4.634,5651936.0,26224983.04,1.4304013663535287,-0.9393680614859234,-0.04400000000000048,0.0
2025-11-12,4.631,4.642,4.66,4.608,5236907.0,24309722.294000003,1.1206896551724244,0.04310344827587187,0.002000000000000668,0.0
2025-11-13,4.634,4.689,4.692,4.629,6459561.0,30288881.529,1.3571736320551617,1.0124946143903468,0.04699999999999971,0.0
2025-11-14,4.662,4.618,4.673,4.616,5936317.0,27413911.906000003,1.215611004478575,-1.5141821283855772,-0.07099999999999973,0.0
2025-11-17,4.607,4.587,4.617,4.568,7524669.0,34515656.703,1.061065396275452,-0.6712862711130474,-0.031000000000000583,0.0
2025-11-18,4.577,4.56,4.594,4.541,8568239.0,39071169.839999996,1.1554392849356865,-0.5886200130804431,-0.027000000000000135,0.0
2025-11-19,4.555,4.574,4.594,4.555,8569615.0,39197419.01,0.8552631578947499,0.3070175438596445,0.014000000000000234,0.0
2025-11-20,4.601,4.553,4.606,4.55,5619395.0,25585105.435,1.2243113248797561,-0.4591167468299018,-0.020999999999999908,0.0
2025-11-21,4.522,4.441,4.531,4.439,14964004.0,66455141.764,2.0206457280913606,-2.459916538546014,-0.1120000000000001,0.0
2025-11-24,4.456,4.434,4.462,4.41,11557477.0,51245853.018,1.1709074532762802,-0.1576221571717995,-0.006999999999999673,0.0
2025-11-25,4.457,4.474,4.5,4.456,8959406.0,40084382.444,0.9923319801533513,0.9021199819575942,0.040000000000000036,0.0
2025-11-26,4.477,4.503,4.523,4.471,9140793.0,41160990.879,1.1622708985248011,0.6481895395619164,0.028999999999999915,0.0
2025-11-27,4.506,4.499,4.551,4.495,4793694.0,21566829.305999998,1.243615367532757,-0.08882966910949142,-0.004000000000000448,0.0
2025-11-28,4.498,4.512,4.519,4.48,5192341.0,23427842.591999996,0.8668593020671195,0.2889531006890378,0.0129999999999999,0.0
2025-12-01,4.523,4.564,4.565,4.516,5783014.0,26393675.896,1.085992907801427,1.152482269503552,0.05200000000000049,0.0
2025-12-02,4.563,4.543,4.563,4.528,3834449.0,17419901.807,0.7668711656441749,-0.4601226993865004,-0.020999999999999908,0.0
2025-12-03,4.542,4.522,4.561,4.512,3950348.0,17863473.656,1.0785824345146462,-0.46224961479198745,-0.020999999999999908,0.0
2025-12-04,4.525,4.534,4.548,4.505,4026188.0,18254736.392,0.9509066784608613,0.26536930561698036,0.011999999999999567,0.0
2025-12-05,4.533,4.575,4.587,4.52,6872031.0,31439541.825000003,1.4777238641376307,0.9042787825319865,0.04100000000000037,0.0
2025-12-08,4.588,4.609,4.631,4.586,8263438.0,38086185.742,0.9836065573770475,0.7431693989071064,0.03399999999999981,0.0
2025-12-09,4.604,4.585,4.616,4.571,7001055.0,32099837.175,0.9763506183553902,-0.520720329789548,-0.02400000000000002,0.0
2025-12-10,4.577,4.579,4.586,4.535,6207764.0,28425351.356,1.1123227917121081,-0.1308615049073092,-0.006000000000000227,0.0
2025-12-11,4.585,4.545,4.599,4.539,6199443.0,28176468.435,1.310329766324536,-0.7425202009172294,-0.03399999999999981,0.0
2025-12-12,4.555,4.571,4.579,4.525,8671539.0,39637604.769,1.1881188118811745,0.5720572057205775,0.0259999999999998,0.0
2025-12-15,4.551,4.544,4.589,4.427,6917855.0,31434733.119999997,3.544082257711678,-0.5906803762852797,-0.027000000000000135,0.0
2025-12-16,4.537,4.497,4.544,4.478,7693550.0,34597894.35,1.452464788732391,-1.034330985915488,-0.04699999999999971,0.0
2025-12-17,4.496,4.576,4.592,4.493,10856133.0,49677664.607999995,2.201467645096716,1.7567267066933345,0.07899999999999974,0.0
2025-12-18,4.56,4.545,4.569,4.538,6780189.0,30815959.005,0.6774475524475458,-0.677447552447541,-0.030999999999999694,0.0
2025-12-19,4.557,4.565,4.591,4.543,8317889.0,37971163.285000004,1.056105610561057,0.44004400440045277,0.020000000000000462,0.0
2025-12-22,4.579,4.607,4.612,4.579,8371220.0,38566210.54,0.7228915662650681,0.9200438116100829,0.041999999999999815,0.0
2025-12-23,4.612,4.617,4.64,4.603,8083405.0,37321080.885,0.8031256783156049,0.21706099413933977,0.009999999999999787,0.0
2025-12-24,4.617,4.634,4.642,4.603,5334294.0,24719118.396,0.8447043534762961,0.36820446177172617,0.017000000000000348,0.0
2025-12-25,4.627,4.643,4.654,4.621,4272443.0,19836952.849,0.7121277514026645,0.19421665947345623,0.008999999999999453,0.0
2025-12-26,4.643,4.661,4.678,4.632,8160801.0,38037493.460999995,0.9907387465001133,0.3876803790652472,0.017999999999999794,0.0
2025-12-29,4.657,4.64,4.671,4.626,8529050.0,39574792.0,0.9654580562111121,-0.45054709289851225,-0.020999999999999908,0.0
2025-12-30,4.623,4.65,4.667,4.619,4772242.0,22190925.3,1.0344827586206906,0.21551724137931494,0.010000000000000675,0.0
2025-12-31,4.654,4.63,4.666,4.619,6668292.0,30874191.96,1.0107526881720559,-0.43010752688172893,-0.020000000000000462,0.0
2026-01-05,4.66,4.721,4.725,4.657,10171325.0,48018825.325,1.4686825053995598,1.9654427645788397,0.09100000000000019,0.0
2026-01-06,4.727,4.796,4.797,4.725,10523015.0,50468379.940000005,1.5251006142766377,1.5886464732048244,0.07500000000000018,0.0
2026-01-07,4.797,4.778,4.804,4.753,9334026.0,44597976.22799999,1.0633861551292776,-0.3753127606338724,-0.018000000000000682,0.0
2026-01-08,4.765,4.74,4.771,4.72,6827198.0,32360918.520000003,1.0673922143156167,-0.7953118459606445,-0.03799999999999937,0.0
2026-01-09,4.734,4.762,4.78,4.721,11348553.0,54041809.38599999,1.244725738396628,0.4641350210970341,0.021999999999999353,0.0
2026-01-12,4.77,4.79,4.806,4.738,13330753.0,63854306.87,1.4279714405711808,0.5879882402352044,0.02800000000000047,0.0
2026-01-13,4.799,4.773,4.842,4.753,12717832.0,60702212.13599999,1.8580375782880902,-0.35490605427975774,-0.017000000000000348,0.0
2026-01-14,4.773,4.743,4.826,4.718,21367223.0,101344738.68900001,2.2627278441231855,-0.628535512256434,-0.02999999999999936,0.0
2026-01-15,4.726,4.752,4.771,4.72,52171489.0,247918915.728,1.0752688172043043,0.1897533206830948,0.008999999999999453,0.0
2026-01-16,4.782,4.736,4.796,4.715,53201665.0,251963085.44,1.704545454545463,-0.33670033670033517,-0.016000000000000014,0.0
2026-01-19,4.737,4.738,4.769,4.718,29134399.0,138038782.462,1.0768581081081114,0.04222972972973693,0.002000000000000668,0.0
2026-01-20,4.735,4.724,4.751,4.688,28867656.0,136370806.944,1.329674968341085,-0.2954833262980183,-0.014000000000000234,0.0
2026-01-21,4.709,4.73,4.764,4.709,49039740.0,231957970.20000002,1.164267569856067,0.12701100762066986,0.006000000000000227,0.0
2026-01-22,4.741,4.727,4.76,4.703,43163442.0,204033590.33400002,1.2050739957716594,-0.06342494714588476,-0.0030000000000001137,0.0
2026-01-23,4.732,4.704,4.742,4.687,67693781.0,318431545.824,1.163528665115289,-0.4865665326845847,-0.023000000000000576,0.0
2026-01-26,4.712,4.712,4.76,4.694,59398529.0,279885868.648,1.4030612244897924,0.1700680272108901,0.008000000000000007,0.0
2026-01-27,4.712,4.71,4.742,4.679,43391350.0,204373258.5,1.3370118845500791,-0.04244482173174635,-0.0019999999999997797,0.0
2026-01-28,4.725,4.725,4.743,4.704,84977823.0,401520213.67499995,0.8280254777070188,0.31847133757960666,0.01499999999999968,0.0
2026-01-29,4.724,4.768,4.779,4.704,35456647.0,169057292.896,1.587301587301591,0.9100529100529053,0.04300000000000015,0.0
2026-01-30,4.736,4.711,4.758,4.642,16702748.0,78686645.82800001,2.4328859060402617,-1.1954697986577112,-0.056999999999999496,0.0
2026-02-02,4.68,4.6,4.719,4.591,26511344.0,121952182.39999999,2.7170452133305054,-2.3561876459350595,-0.11100000000000065,0.0
2026-02-03,4.64,4.664,4.668,4.585,10529446.0,49109336.143999994,1.8043478260869605,1.3913043478260834,0.06400000000000006,0.0
2026-02-04,4.652,4.707,4.709,4.643,10525059.0,49541452.713,1.415094339622638,0.9219554030874821,0.04300000000000015,0.0
2026-02-05,4.68,4.679,4.695,4.645,9339829.0,43701059.891,1.0622477161674253,-0.594858721053737,-0.02799999999999958,0.0
2026-02-06,4.643,4.649,4.691,4.61,8816737.0,40989010.313,1.7311391322932146,-0.6411626415900873,-0.03000000000000025,0.0
2026-02-09,4.695,4.727,4.73,4.686,7011195.0,33141918.765,0.9464400946440198,1.6777801677780202,0.07800000000000029,0.0
2026-02-10,4.733,4.733,4.739,4.72,6804617.0,32206252.260999996,0.40194626613074097,0.12693039983073806,0.005999999999999339,0.0
2026-02-11,4.727,4.723,4.732,4.714,3720787.0,17573277.001,0.38030847242763144,-0.21128248468201827,-0.009999999999999787,0.0
2026-02-12,4.729,4.727,4.735,4.716,3980124.0,18814046.148000002,0.40228668219352376,0.08469193309337264,0.004000000000000448,0.0
2026-02-13,4.714,4.671,4.714,4.667,13673572.0,63869254.81200001,0.9942881320076283,-1.184683731753755,-0.05600000000000005,0.0
2026-02-24,4.725,4.716,4.736,4.705,6242456.0,29439422.496,0.6636694497966109,0.9633911368015502,0.04499999999999993,0.0
2026-02-25,4.717,4.75,4.778,4.716,8734031.0,41486647.25,1.3146734520780192,0.7209499575911771,0.03399999999999981,0.0
2026-02-26,4.751,4.735,4.754,4.712,7663721.0,36287718.935,0.8842105263157856,-0.3157894736842026,-0.01499999999999968,0.0
2026-02-27,4.72,4.725,4.732,4.7,6062453.0,28645090.424999997,0.6758183738120386,-0.21119324181627652,-0.010000000000000675,0.0
2026-03-02,4.694,4.739,4.743,4.674,12423675.0,58875795.824999996,1.4603174603174593,0.2962962962963056,0.014000000000000234,0.0
2026-03-03,4.741,4.678,4.751,4.665,9665579.0,45215578.562,1.8147288457480544,-1.2871913905887267,-0.06099999999999994,0.0
2026-03-04,4.64,4.61,4.65,4.587,8292240.0,38227226.400000006,1.3467293715263065,-1.4536126549807515,-0.06799999999999962,0.0
2026-03-05,4.647,4.654,4.678,4.639,5684210.0,26454313.34,0.8459869848156116,0.9544468546637708,0.043999999999999595,0.0
2026-03-06,4.64,4.667,4.682,4.624,5043759.0,23539223.253,1.2462397937258427,0.27932960893854997,0.0129999999999999,0.0
2026-03-09,4.623,4.629,4.638,4.56,8380983.0,38795570.307,1.6713091922005634,-0.8142275551746403,-0.038000000000000256,0.0
2026-03-10,4.642,4.683,4.689,4.641,5460125.0,25569765.375,1.0369410239792622,1.166558651976679,0.05400000000000027,0.0
2026-03-11,4.686,4.711,4.719,4.682,5937122.0,27969781.742000002,0.7900918214819543,0.5979073243647326,0.02800000000000047,0.0
2026-03-12,4.711,4.694,4.711,4.665,3433836.0,16118426.184,0.9764381235406551,-0.36085756739546726,-0.017000000000000348,0.0
2026-03-13,4.672,4.677,4.716,4.67,3251129.0,15205530.332999999,0.9799744354495157,-0.36216446527482793,-0.017000000000000348,0.0
2026-03-16,4.675,4.68,4.686,4.632,4038627.0,18900774.36,1.1545862732520906,0.06414368184735064,0.0030000000000001137,0.0
2026-03-17,4.686,4.646,4.731,4.645,7233377.0,33606269.541999996,1.8376068376068442,-0.7264957264957239,-0.03399999999999981,0.0
2026-03-18,4.652,4.662,4.67,4.616,7702627.0,35909647.074,1.1622901420576899,0.34438226431339203,0.016000000000000014,0.0
2026-03-19,4.621,4.599,4.641,4.581,7722418.0,35515400.382,1.2870012870012786,-1.3513513513513487,-0.06299999999999972,0.0
2026-03-20,4.598,4.576,4.635,4.573,7612736.0,34835879.936,1.3481191563383212,-0.5001087192868181,-0.023000000000000576,0.0
2026-03-23,4.528,4.43,4.537,4.406,15234981.0,67490965.83,2.862762237762243,-3.1905594405594373,-0.1459999999999999,0.0
2026-03-24,4.463,4.479,4.48,4.405,8504351.0,38090988.129,1.693002257336347,1.1060948081264232,0.04900000000000038,0.0
2026-03-25,4.51,4.544,4.549,4.504,8677126.0,39428860.544,1.0046885465505875,1.4512167894619177,0.0649999999999995,0.0
2026-03-26,4.536,4.488,4.547,4.477,4742424.0,21283998.912,1.5404929577464657,-1.2323943661971648,-0.05599999999999916,0.0
2026-03-27,4.45,4.508,4.53,4.445,5626908.0,25366101.264,1.893939393939393,0.4456327985739694,0.019999999999999574,0.0
2026-03-30,4.462,4.5,4.505,4.453,5439943.0,24479743.5,1.153504880212946,-0.17746228926353025,-0.008000000000000007,0.0
2026-03-31,4.501,4.463,4.529,4.462,5305656.0,23679142.728,1.4888888888888927,-0.8222222222222242,-0.03699999999999992,0.0
2026-04-01,4.52,4.534,4.542,4.501,5012281.0,22725682.053999998,0.9186645753977029,1.5908581671521427,0.07099999999999973,0.0
2026-04-02,4.521,4.489,4.526,4.47,4663511.0,20934500.879,1.235112483458316,-0.9925011027789976,-0.04499999999999993,0.0
2026-04-03,4.495,4.454,4.506,4.446,4261096.0,18978921.584,1.3366005791935955,-0.7796836711962629,-0.03500000000000014,0.0
2026-04-07,4.455,4.446,4.47,4.431,4285686.0,19054159.956,0.8756174225415291,-0.17961383026493527,-0.008000000000000007,0.0
2026-04-08,4.519,4.602,4.604,4.517,9968846.0,45876629.292,1.956815114709846,3.5087719298245723,0.15600000000000058,0.0
2026-04-09,4.573,4.572,4.586,4.56,7049553.0,32230556.316,0.5649717514124443,-0.6518904823989646,-0.03000000000000025,0.0
2026-04-10,4.588,4.642,4.664,4.588,9063873.0,42074498.466000006,1.6622922134733078,1.531058617672798,0.07000000000000028,0.0
2026-04-13,4.629,4.652,4.66,4.623,3928926.0,18277363.752,0.7970702283498474,0.21542438604049696,0.009999999999999787,0.0
2026-04-14,4.679,4.712,4.712,4.663,4276571.0,20151202.551999997,1.053310404127246,1.2897678417884695,0.05999999999999961,0.0
2026-04-15,4.732,4.694,4.746,4.684,6759806.0,31730529.364,1.3157894736842166,-0.38200339558573937,-0.017999999999999794,0.0
2026-04-16,4.704,4.746,4.747,4.7,8532344.0,40494504.624000005,1.0012782275244931,1.107797187899462,0.05200000000000049,0.0
2026-04-17,4.737,4.739,4.75,4.722,7361501.0,34886153.239,0.5899705014749174,-0.1474926253687392,-0.007000000000000561,0.0
2026-04-20,4.735,4.765,4.777,4.728,7624578.0,36331114.169999994,1.033973412112268,0.5486389533656766,0.0259999999999998,0.0
2026-04-21,4.764,4.776,4.786,4.73,6361081.0,30380522.856,1.1752360965372333,0.23084994753410637,0.01100000000000012,0.0
2026-04-22,4.76,4.811,4.813,4.756,10125926.0,48715829.986,1.1934673366834065,0.7328308207705136,0.03500000000000014,0.0
2026-04-23,4.82,4.801,4.834,4.772,10085181.0,48418953.981,1.2887133652047265,-0.2078569943878561,-0.009999999999999787,0.0
2026-04-24,4.785,4.782,4.798,4.75,7193226.0,34398006.732,0.999791710060405,-0.3957508852322489,-0.019000000000000128,0.0
2026-04-27,4.786,4.782,4.81,4.773,9280360.0,44378681.52,0.7737348389795049,0.0,0.0,0.0
2026-04-28,4.766,4.77,4.79,4.757,8644202.0,41232843.54,0.6900878293601079,-0.25094102885823144,-0.012000000000000455,0.0
2026-04-29,4.755,4.821,4.828,4.755,12796798.0,61693363.158,1.5303983228511615,1.0691823899371178,0.051000000000000156,0.0
2026-04-30,4.83,4.824,4.841,4.808,16517864.0,79682175.936,0.6845052893590617,0.062227753578092404,0.0030000000000001137,0.0
2026-05-06,4.866,4.888,4.914,4.852,18677828.0,91297223.264,1.2852404643449293,1.3266998341625147,0.06400000000000006,0.0
2026-05-07,4.905,4.912,4.914,4.879,20946226.0,102887862.112,0.71603927986907,0.49099836333879043,0.02400000000000002,0.0
2026-05-08,4.89,4.886,4.902,4.862,12535649.0,61249181.014,0.814332247557004,-0.5293159609120468,-0.0259999999999998,0.0
2026-05-11,4.911,4.966,4.98,4.9,21165218.0,105106472.588,1.6373311502251346,1.6373311502251298,0.08000000000000007,0.0
2026-05-12,4.975,4.963,4.987,4.944,10021705.0,49737721.915,0.8658880386629108,-0.0604107933950937,-0.0030000000000001137,0.0
2026-05-13,4.94,5.017,5.023,4.939,12726150.0,63847094.550000004,1.6925246826516145,1.0880515817046188,0.05400000000000027,0.0
2026-05-14,5.037,4.941,5.041,4.931,10281646.0,50801612.886,2.192545345824204,-1.5148495116603655,-0.07600000000000051,0.0
2026-05-15,4.935,4.878,4.954,4.852,10479024.0,51116679.072000004,2.06435944140861,-1.2750455373406133,-0.06299999999999972,0.0
2026-05-18,4.855,4.852,4.885,4.819,5835764.0,28315126.928000003,1.353013530135298,-0.5330053300532933,-0.0259999999999998,0.0
2026-05-19,4.843,4.869,4.874,4.789,9674999.0,47107570.131,1.7518549051937338,0.350370981038739,0.01699999999999946,0.0
2026-05-20,4.845,4.871,4.882,4.84,9597201.0,46747966.071,0.8626001232285854,0.041076196344236315,0.002000000000000668,0.0
2026-05-21,4.897,4.808,4.954,4.801,12055773.0,57964156.584,3.141038801067534,-1.293368918086646,-0.06300000000000061,0.0
2026-05-22,4.828,4.862,4.868,4.807,13250518.0,64424018.516,1.268718801996671,1.1231281198003318,0.05400000000000027,0.0
2026-05-25,4.88,4.937,4.938,4.872,16250559.0,80229009.783,1.3574660633484128,1.5425750719868514,0.07500000000000018,0.0
2026-05-26,4.912,4.972,4.975,4.91,9686752.0,48162530.944000006,1.3165890216730707,0.708932550131669,0.03500000000000014,0.0
2026-05-27,4.963,4.932,4.993,4.913,6405215.0,31590520.380000003,1.609010458567982,-0.8045052292839916,-0.040000000000000036,0.0
2026-05-28,4.917,4.932,4.948,4.866,4396498.0,21683528.136,1.66261151662613,0.0,0.0,0.0
2026-05-29,4.946,4.923,4.978,4.9,6566854.0,32328622.242,1.5815085158150728,-0.18248175182482562,-0.009000000000000341,0.0
2026-06-01,4.923,4.868,4.94,4.861,4990927.0,24295832.636,1.6047125736339758,-1.1172049563274333,-0.054999999999999716,0.0
2026-06-02,4.867,4.936,4.956,4.856,6809437.0,33611381.032,2.0542317173377267,1.396877567789634,0.06799999999999962,0.0
2026-06-03,4.938,4.965,5.016,4.928,7604619.0,37756933.335,1.7828200972447341,0.5875202593192741,0.028999999999999915,0.0
2026-06-04,4.919,4.926,4.961,4.91,6097283.0,30035216.058000002,1.0271903323262872,-0.7854984894259731,-0.0389999999999997,0.0
2026-06-05,4.909,4.843,4.948,4.825,6182927.0,29943915.461,2.4969549330085306,-1.6849370686155107,-0.08300000000000018,0.0
2026-06-08,4.79,4.739,4.808,4.705,9232724.0,43753879.036,2.126780920916782,-2.1474292793722927,-0.10400000000000009,0.0
2026-06-09,4.764,4.826,4.828,4.741,4361645.0,21049298.77,1.8358303439544341,1.8358303439544255,0.08699999999999974,0.0
2026-06-10,4.79,4.784,4.814,4.751,3931623.0,18808884.432,1.3054289266473214,-0.8702859510982153,-0.041999999999999815,0.0
2026-06-11,4.766,4.751,4.793,4.718,4160688.0,19767428.688,1.567725752508365,-0.6897993311036688,-0.032999999999999474,0.0
2026-06-12,4.81,4.818,4.846,4.789,7808859.0,37623082.662,1.1997474215954615,1.410229425384113,0.06699999999999928,0.0
2026-06-15,4.858,4.919,4.92,4.839,16233007.0,79850161.433,1.6811955168119452,2.096305520963049,0.10099999999999998,0.0
2026-06-16,4.92,4.91,4.933,4.893,9085294.0,44608793.54,0.8131734092295191,-0.18296401707662557,-0.008999999999999453,0.0
2026-06-17,4.898,4.958,4.96,4.894,13911870.0,68975051.46000001,1.3441955193482655,0.9775967413441888,0.04800000000000004,0.0
2026-06-18,4.943,4.984,5.001,4.941,12933430.0,64460215.12,1.210165389269877,0.5244050020169366,0.0259999999999998,0.0
2026-06-22,4.983,5.091,5.095,4.954,19131578.0,97398863.598,2.829052969502408,2.1468699839486405,0.1070000000000002,0.0
2026-06-23,5.079,4.942,5.095,4.915,26173354.0,129348715.46800001,3.5356511490866174,-2.926733451188368,-0.14900000000000002,0.0
2026-06-24,4.929,4.967,4.978,4.916,25906734.0,128678747.778,1.2545528126264547,0.5058680696074402,0.024999999999999467,0.0
2026-06-25,4.973,5.048,5.055,4.966,26406087.0,133297927.176,1.791826051942813,1.6307630360378633,0.0810000000000004,0.0
2026-06-26,5.008,4.907,5.015,4.88,9582429.0,47020979.103,2.6743264659270958,-2.7931854199683026,-0.14100000000000001,0.0
2026-06-29,4.897,4.959,4.966,4.866,14848057.0,73631514.66299999,2.037905033625444,1.059710617485221,0.0519999999999996,0.0
2026-06-30,4.947,5.019,5.022,4.942,20297213.0,101871712.047,1.6132284734825586,1.2099213551119314,0.0600000000000005,0.0
2026-07-01,5.009,4.998,5.054,4.957,9626190.0,48111697.620000005,1.9326559075513134,-0.4184100418409997,-0.020999999999999908,0.0
2026-07-02,4.955,4.85,4.96,4.835,13691536.0,66403949.599999994,2.5010004001600636,-2.9611844737895243,-0.14800000000000058,0.0
2026-07-03,4.83,4.876,4.927,4.828,19983308.0,97438609.80800001,2.041237113402048,0.5360824742268289,0.02600000000000069,0.0
2026-07-06,4.9,4.877,4.914,4.831,6179918.0,30139460.086,1.7022149302706993,0.02050861361770906,0.0009999999999994458,0.0
2026-07-07,4.858,4.826,4.877,4.796,6986968.0,33719107.567999996,1.660857084273109,-1.0457248308386347,-0.051000000000000156,0.0
2026-07-08,4.836,4.798,4.872,4.793,4846848.0,23255176.704,1.6369664318275954,-0.5801906340654694,-0.02799999999999958,0.0
2026-07-09,4.813,4.916,4.925,4.777,9558592.0,46990038.272,3.08461859107961,2.4593580658607728,0.11800000000000033,0.0
2026-07-10,4.918,4.829,4.949,4.827,8242800.0,39804481.199999996,2.4816924328722516,-1.7697314890154692,-0.08700000000000063,0.0
2026-07-13,4.802,4.744,4.821,4.719,16190530.0,76807874.32,2.112238558707795,-1.7601987989231738,-0.08499999999999996,0.0
2026-07-14,4.744,4.837,4.838,4.696,18084400.0,87474242.8,2.99325463743677,1.9603709949409742,0.09299999999999997,0.0
2026-07-15,4.829,4.838,4.87,4.819,7220327.0,34931942.026,1.0543725449658914,0.020673971469920005,0.001000000000000334,0.0
2026-07-16,4.775,4.753,4.825,4.724,16578228.0,78796317.684,2.0876395204630005,-1.7569243489045094,-0.08499999999999996,0.0
2026-07-17,4.72,4.589,4.73,4.546,31647757.0,145231556.87300003,3.8712392173364223,-3.450452345886801,-0.1639999999999997,0.0
2026-07-20,4.63,4.65,4.685,4.577,40104538.0,186486101.70000002,2.353453911527558,1.3292656352146492,0.06099999999999994,0.0
2026-07-21,4.677,4.787,4.789,4.617,27388321.0,131107892.627,3.6989247311827893,2.94623655913977,0.13699999999999957,0.0
2026-07-22,4.75,4.765,4.823,4.75,12650379.0,60279055.934999995,1.5249634426572047,-0.45957802381449975,-0.02200000000000024,0.0
2026-07-23,4.774,4.787,4.795,4.755,5811786.0,27821019.582,0.8394543546694656,0.46169989506821274,0.02200000000000024,0.0
2026-07-24,4.75,4.701,4.759,4.699,10247632.0,48174118.032,1.2533946104031857,-1.7965322749112222,-0.0860000000000003,0.0
2026-07-27,4.702,4.753,4.758,4.674,9715927.0,46179801.031,1.7868538608806561,1.1061476281642335,0.05200000000000049,0.0
2026-07-28,4.69,4.627,4.7,4.609,16853987.0,77983397.84899999,1.9145802650957329,-2.6509572901325495,-0.12600000000000033,0.0
2026-07-29,4.624,4.657,4.686,4.574,15092027.0,70283569.73900001,2.4205748865355545,0.6483682731791784,0.03000000000000025,0.0
2026-07-30,4.63,4.605,4.655,4.536,15120389.0,69629391.34500001,2.5552931071505403,-1.1165986686708096,-0.0519999999999996,0.0
2026-07-31,4.68,4.653,4.703,4.644,15016263.0,69870671.739,1.2812160694896886,1.0423452768729469,0.047999999999999154,0.0
2026-08-03,4.624,4.599,4.638,4.591,9263921.0,42604772.679000005,1.010101010101004,-1.1605415860734825,-0.05399999999999938,0.0
2026-08-04,4.618,4.651,4.672,4.615,11730429.0,54558225.279,1.239399869536845,1.1306805827353772,0.0519999999999996,0.0
2026-08-05,4.62,4.714,4.737,4.613,14245658.0,67154031.812,2.666093313265957,1.3545474091593235,0.06300000000000061,0.0
2026-08-06,4.688,4.709,4.731,4.668,8783560.0,41361784.04,1.3364446330080553,-0.10606703436573106,-0.005000000000000782,0.0
2026-08-07,4.706,4.751,4.764,4.706,9435356.0,44827376.356000006,1.2316840093438062,0.891909110214506,0.0420000000000007,0.0
2026-08-10,4.755,4.759,4.772,4.72,5610852.0,26702044.668,1.0945064197011256,0.16838560303094052,0.008000000000000007,0.0
2026-08-11,4.75,4.728,4.775,4.722,5353219.0,25310019.432,1.1136793444000825,-0.6513973523849637,-0.031000000000000583,0.0
2026-08-12,4.727,4.748,4.759,4.72,9010137.0,42780130.476,0.824873096446713,0.4230118443316444,0.020000000000000462,0.0
2026-08-13,4.77,4.729,4.786,4.725,9155827.0,43297905.883,1.2847514743049693,-0.40016849199663307,-0.019000000000000128,0.0
