日期,开盘,收盘,最高,最低,成交量,成交额,振幅,涨跌幅,涨跌额,换手率
2022-01-04,6.844,6.827,6.848,6.776,2062248.0,14078967.096,,,,0.0
2022-01-05,6.823,6.686,6.823,6.675,2840590.0,18992184.74,2.167862897319475,-2.065328841365166,-0.14100000000000001,0.0
2022-01-06,6.646,6.694,6.706,6.633,2042769.0,13674295.686,1.0918336823212744,0.11965300628178355,0.008000000000000007,0.0
2022-01-07,6.696,6.658,6.722,6.649,1916156.0,12757766.648,1.0905288317896684,-0.537795040334621,-0.03599999999999959,0.0
2022-01-10,6.644,6.659,6.671,6.605,900918.0,5999212.962,0.9912886752778587,0.015019525382986565,0.0009999999999994458,0.0
2022-01-11,6.664,6.618,6.679,6.598,1557848.0,10309838.064000001,1.2163988586874968,-0.6157080642739121,-0.04099999999999948,0.0
2022-01-12,6.622,6.666,6.672,6.622,1007385.0,6715228.41,0.7555152614082777,0.7252946509519465,0.04800000000000004,0.0
2022-01-13,6.67,6.588,6.676,6.579,2088077.0,13756251.276,1.4551455145514613,-1.1701170117011772,-0.07800000000000029,0.0
2022-01-14,6.552,6.555,6.609,6.539,2243776.0,14707951.68,1.0625379477838537,-0.5009107468123886,-0.03300000000000036,0.0
2022-01-17,6.555,6.624,6.647,6.554,1752484.0,11608454.015999999,1.4187643020594962,1.0526315789473717,0.06899999999999995,0.0
2022-01-18,6.626,6.636,6.658,6.597,1375283.0,9126377.988,0.9208937198067625,0.18115942028986698,0.012000000000000455,0.0
2022-01-19,6.63,6.596,6.662,6.56,2528906.0,16680663.976,1.537070524412301,-0.6027727546714878,-0.040000000000000036,0.0
2022-01-20,6.594,6.541,6.617,6.521,2976174.0,19467154.134,1.4554275318374785,-0.8338386901152184,-0.054999999999999716,0.0
2022-01-21,6.534,6.467,6.537,6.452,4420612.0,28588097.803999998,1.2994954899862399,-1.1313254853997923,-0.07400000000000073,0.0
2022-01-24,6.425,6.459,6.487,6.409,1850726.0,11953839.234,1.2061233957012572,-0.12370496366166384,-0.008000000000000007,0.0
2022-01-25,6.445,6.234,6.453,6.228,3060112.0,19076738.208,3.483511379470515,-3.4835113794705053,-0.22499999999999964,0.0
2022-01-26,6.246,6.259,6.28,6.212,2169795.0,13580746.905000001,1.0907924286172683,0.40102662816812185,0.025000000000000355,0.0
2022-01-27,6.253,6.1,6.259,6.088,2375433.0,14490141.299999999,2.7320658252116994,-2.5403419076529876,-0.1590000000000007,0.0
2022-01-28,6.124,6.055,6.167,5.99,3787125.0,22931041.875,2.9016393442622888,-0.7377049180327888,-0.04499999999999993,0.0
2022-02-07,6.115,6.148,6.178,6.115,3284618.0,20193831.463999998,1.0404624277456602,1.5359207266721686,0.09299999999999997,0.0
2022-02-08,6.154,6.225,6.229,6.085,1571239.0,9780962.775,2.3422251138581673,1.2524398178269447,0.07699999999999996,0.0
2022-02-09,6.237,6.316,6.324,6.216,1729170.0,10921437.719999999,1.734939759036139,1.4618473895582351,0.09100000000000019,0.0
2022-02-10,6.311,6.315,6.34,6.28,1435129.0,9062839.635,0.9499683343888475,-0.015832805573134934,-0.0009999999999994458,0.0
2022-02-11,6.295,6.235,6.321,6.224,1940826.0,12101050.110000001,1.5360253365003884,-1.2668250197941378,-0.08000000000000007,0.0
2022-02-14,6.198,6.178,6.257,6.16,2468390.0,15249713.42,1.5557337610264559,-0.9141940657578229,-0.057000000000000384,0.0
2022-02-15,6.184,6.236,6.241,6.166,2155629.0,13442502.444,1.213985108449325,0.9388151505341558,0.05799999999999983,0.0
2022-02-16,6.263,6.25,6.272,6.227,1784198.0,11151237.5,0.7216164207825517,0.22450288646569394,0.014000000000000234,0.0
2022-02-17,6.245,6.252,6.286,6.208,1496085.0,9353523.42,1.2479999999999905,0.031999999999987594,0.0019999999999997797,0.0
2022-02-18,6.229,6.311,6.316,6.218,1577990.0,9958694.89,1.5674984005118342,0.9436980166346753,0.05900000000000016,0.0
2022-02-21,6.312,6.341,6.348,6.3,1627205.0,10318106.905000001,0.7605767707177951,0.4753604816986279,0.03000000000000025,0.0
2022-02-22,6.303,6.266,6.305,6.22,1641614.0,10286353.324000001,1.340482573726541,-1.182778741523427,-0.07500000000000018,0.0
2022-02-23,6.266,6.364,6.364,6.266,2241451.0,14264594.163999999,1.5639961698052964,1.5639961698052929,0.09799999999999986,0.0
2022-02-24,6.335,6.248,6.37,6.179,3293181.0,20575794.888,3.0012570710245106,-1.8227529855436742,-0.11599999999999966,0.0
2022-02-25,6.298,6.295,6.382,6.283,2399984.0,15107899.28,1.58450704225351,0.7522407170294398,0.04699999999999971,0.0
2022-02-28,6.299,6.329,6.334,6.25,1578557.0,9990687.253,1.334392374900709,0.540111199364568,0.03399999999999981,0.0
2022-03-01,6.339,6.347,6.368,6.31,1997727.0,12679573.269000001,0.9164164954969304,0.2844051192921526,0.018000000000000682,0.0
2022-03-02,6.331,6.349,6.355,6.3,1411748.0,8963188.052000001,0.866551126516474,0.03151095005513582,0.0019999999999997797,0.0
2022-03-03,6.383,6.342,6.388,6.315,1509535.0,9573470.969999999,1.149787368089455,-0.11025358324145973,-0.007000000000000561,0.0
2022-03-04,6.3,6.295,6.362,6.27,1616028.0,10172896.26,1.450646483759075,-0.7410911384421293,-0.04699999999999971,0.0
2022-03-07,6.281,6.142,6.281,6.113,2099244.0,12893556.648,2.668784749801418,-2.430500397140578,-0.15299999999999958,0.0
2022-03-08,6.142,5.901,6.149,5.898,4647118.0,27422643.318,4.086616737219153,-3.923803321393693,-0.24100000000000055,0.0
2022-03-09,5.923,5.791,5.95,5.558,6283447.0,36387441.577,6.642941874258606,-1.8640908320623484,-0.10999999999999943,0.0
2022-03-10,5.88,5.89,5.95,5.862,4029961.0,23736470.29,1.51959937834571,1.7095493006389129,0.09899999999999931,0.0
2022-03-11,5.815,5.979,5.983,5.757,2991200.0,17884384.8,3.8370118845500842,1.5110356536502723,0.08900000000000041,0.0
2022-03-14,5.919,5.812,5.984,5.811,3134721.0,18218998.452,2.893460444890451,-2.7931092155878856,-0.16699999999999982,0.0
2022-03-15,5.769,5.447,5.792,5.445,5690139.0,30994187.133,5.970406056434953,-6.280110116999316,-0.3650000000000002,0.0
2022-03-16,5.542,5.652,5.684,5.315,6039003.0,34132444.956,6.774371213512021,3.763539563062235,0.20500000000000007,0.0
2022-03-17,5.723,5.75,5.859,5.696,3481032.0,20015934.0,2.8839348903043214,1.7338995046001449,0.09799999999999986,0.0
2022-03-18,5.723,5.813,5.821,5.708,2204025.0,12811997.325,1.96521739130434,1.095652173913031,0.06299999999999972,0.0
2022-03-21,5.827,5.837,5.868,5.763,4219162.0,24627248.594,1.806296232582151,0.41286771030448755,0.02400000000000002,0.0
2022-03-22,5.825,5.839,5.893,5.793,1478598.0,8633533.722000001,1.713208840157609,0.03426417680316707,0.002000000000000668,0.0
2022-03-23,5.859,5.881,5.914,5.834,1220816.0,7179618.896000001,1.3700976194553873,0.7193012502140661,0.041999999999999815,0.0
2022-03-24,5.846,5.833,5.874,5.805,1074599.0,6268135.967,1.1732698520659743,-0.8161877231763315,-0.04800000000000004,0.0
2022-03-25,5.831,5.753,5.862,5.751,1126022.0,6478004.566000001,1.9029658837647825,-1.3715069432538973,-0.08000000000000007,0.0
2022-03-28,5.72,5.774,5.818,5.671,1108251.0,6399041.274,2.5551885972535953,0.3650269424648078,0.020999999999999908,0.0
2022-03-29,5.775,5.741,5.801,5.723,1258523.0,7225180.543,1.3508832698302786,-0.5715275372358941,-0.03300000000000036,0.0
2022-03-30,5.762,5.874,5.878,5.762,2285417.0,13424539.457999999,2.020553910468569,2.316669569761376,0.133,0.0
2022-03-31,5.854,5.819,5.867,5.809,1345813.0,7831285.847,0.9874021109976138,-0.9363295880149725,-0.054999999999999716,0.0
2022-04-01,5.771,5.862,5.872,5.771,1821422.0,10677175.764,1.7356934181130774,0.7389585839491453,0.04300000000000015,0.0
2022-04-06,5.853,5.848,5.853,5.764,1287832.0,7531241.535999999,1.5182531559194734,-0.23882633913340223,-0.014000000000000234,0.0
2022-04-07,5.826,5.707,5.851,5.705,1948883.0,11122275.281,2.4965800273597796,-2.4110807113543076,-0.14100000000000001,0.0
2022-04-08,5.719,5.727,5.73,5.606,1418051.0,8121178.0770000005,2.1727702821097,0.35044681969511604,0.020000000000000462,0.0
2022-04-11,5.688,5.532,5.705,5.504,1882350.0,10413160.2,3.509690937663707,-3.4049240440021,-0.19500000000000028,0.0
2022-04-12,5.53,5.629,5.64,5.469,2478097.0,13949208.012999998,3.09110629067244,1.7534345625451753,0.09699999999999953,0.0
2022-04-13,5.6,5.542,5.625,5.539,1432487.0,7938842.954,1.527802451589986,-1.5455675963759075,-0.08699999999999974,0.0
2022-04-14,5.574,5.62,5.661,5.56,1472801.0,8277141.62,1.82244677011909,1.4074341392998901,0.07800000000000029,0.0
2022-04-15,5.593,5.566,5.626,5.544,1132248.0,6302092.368,1.4590747330960985,-0.9608540925266973,-0.05400000000000027,0.0
2022-04-18,5.513,5.571,5.603,5.472,1599004.0,8908051.284,2.3535752784764523,0.08983111749909511,0.004999999999999893,0.0
2022-04-19,5.57,5.591,5.606,5.551,1213723.0,6785925.2930000005,0.9872554299048594,0.35900197451086413,0.020000000000000462,0.0
2022-04-20,5.592,5.453,5.603,5.443,1286941.0,7017689.273,2.8617420854945474,-2.468252548739047,-0.1379999999999999,0.0
2022-04-21,5.443,5.273,5.466,5.25,2161862.0,11399498.326,3.9611223179901005,-3.3009352649917556,-0.1800000000000006,0.0
2022-04-22,5.251,5.239,5.306,5.168,2373278.0,12433603.442,2.6171060117580107,-0.6447942347809543,-0.03399999999999981,0.0
2022-04-25,5.152,4.871,5.162,4.865,3439457.0,16753595.047000002,5.669020805497227,-7.02424126741743,-0.36799999999999944,0.0
2022-04-26,4.883,4.775,4.952,4.744,3479744.0,16615777.600000001,4.270170396222546,-1.9708478751796377,-0.09600000000000009,0.0
2022-04-27,4.773,4.949,4.952,4.684,4187703.0,20724942.147,5.612565445026173,3.6439790575916176,0.1739999999999995,0.0
2022-04-28,4.902,4.934,4.973,4.849,3433218.0,16939497.612,2.505556678116785,-0.30309153364315167,-0.01499999999999968,0.0
2022-04-29,4.948,5.152,5.153,4.945,3352142.0,17270235.584,4.215646534252113,4.418321848398854,0.21799999999999997,0.0
2022-05-05,5.132,5.191,5.237,5.128,2288593.0,11880086.263,2.1156832298136643,0.7569875776397561,0.0389999999999997,0.0
2022-05-06,5.076,5.066,5.135,5.05,3036722.0,15384033.651999999,1.6374494317087258,-2.4080138701598974,-0.125,0.0
2022-05-09,5.048,5.114,5.133,5.038,2504403.0,12807516.942,1.8752467429924942,0.9474930911962165,0.04800000000000004,0.0
2022-05-10,5.05,5.207,5.216,5.017,1917798.0,9985974.185999999,3.891278842393427,1.8185373484552292,0.09299999999999997,0.0
2022-05-11,5.207,5.244,5.379,5.2,3697787.0,19391195.028,3.437680046091788,0.7105819089686882,0.03699999999999992,0.0
2022-05-12,5.227,5.248,5.297,5.196,1450568.0,7612580.864,1.9260106788710905,0.07627765064837089,0.004000000000000448,0.0
2022-05-13,5.263,5.313,5.316,5.239,1407780.0,7479535.14,1.4672256097560965,1.2385670731707155,0.0649999999999995,0.0
2022-05-16,5.351,5.296,5.369,5.271,1914540.0,10139403.84,1.8445322793148855,-0.31996988518726566,-0.01699999999999946,0.0
2022-05-17,5.297,5.326,5.328,5.24,1352618.0,7204043.467999999,1.6616314199395785,0.566465256797577,0.02999999999999936,0.0
2022-05-18,5.324,5.307,5.36,5.292,1607922.0,8533242.054000001,1.2767555388659502,-0.3567405182125283,-0.01899999999999924,0.0
2022-05-19,5.242,5.36,5.361,5.234,1877983.0,10065988.88,2.3930657622008624,0.9986809873751668,0.052999999999999936,0.0
2022-05-20,5.37,5.449,5.454,5.357,1880095.0,10244637.655,1.8097014925373047,1.6604477611940283,0.08899999999999952,0.0
2022-05-23,5.461,5.474,5.485,5.419,1374219.0,7522474.806,1.2112314186089324,0.4587997797761201,0.025000000000000355,0.0
2022-05-24,5.464,5.274,5.475,5.269,2513978.0,13258719.972,3.763244428206056,-3.6536353671903554,-0.20000000000000018,0.0
2022-05-25,5.269,5.365,5.365,5.262,1808455.0,9702361.075000001,1.9529768676526476,1.7254455821008818,0.09100000000000019,0.0
2022-05-26,5.358,5.431,5.453,5.288,1921296.0,10434558.576,3.0754892823858344,1.2301957129543295,0.06599999999999984,0.0
2022-05-27,5.443,5.431,5.482,5.377,1333252.0,7240891.612,1.9333456085435543,0.0,0.0,0.0
2022-05-30,5.443,5.462,5.464,5.386,950528.0,5191783.936,1.4361995949180684,0.570797274903323,0.030999999999999694,0.0
2022-05-31,5.453,5.554,5.57,5.421,2541741.0,14116829.514,2.727938484071769,1.6843647015745145,0.09200000000000053,0.0
2022-06-01,5.544,5.548,5.572,5.492,1415657.0,7854065.036,1.440403312927621,-0.10803024846957054,-0.006000000000000227,0.0
2022-06-02,5.537,5.619,5.628,5.515,1507365.0,8469883.935,2.0367700072098134,1.2797404470079154,0.07099999999999973,0.0
2022-06-06,5.604,5.715,5.737,5.604,2422504.0,13844610.36,2.366969211603488,1.7084890549919907,0.09600000000000009,0.0
2022-06-07,5.713,5.711,5.73,5.679,1592199.0,9093048.489,0.8923884514435723,-0.06999125109360405,-0.0039999999999995595,0.0
2022-06-08,5.712,5.754,5.771,5.652,1698308.0,9772064.231999999,2.0836981264226893,0.752932936438433,0.04299999999999926,0.0
2022-06-09,5.74,5.68,5.757,5.619,1508090.0,8565951.2,2.398331595411886,-1.2860618700034743,-0.07399999999999984,0.0
2022-06-10,5.642,5.791,5.8,5.642,2181456.0,12632811.696,2.781690140845061,1.9542253521126929,0.11100000000000065,0.0
2022-06-13,5.757,5.772,5.797,5.711,1702158.0,9824855.976,1.4850630288378415,-0.3280953203246395,-0.019000000000000128,0.0
2022-06-14,5.724,5.835,5.84,5.609,2582859.0,15070982.265,4.002079002078999,1.0914760914760846,0.06299999999999972,0.0
2022-06-15,5.832,5.809,5.958,5.801,2147597.0,12475390.973000001,2.6906598114824343,-0.4455869751499586,-0.0259999999999998,0.0
2022-06-16,5.823,5.819,5.893,5.801,2022533.0,11769119.527,1.5837493544499852,0.17214666896194775,0.009999999999999787,0.0
2022-06-17,5.791,5.878,5.893,5.729,2289539.0,13457910.242,2.8183536690152895,1.0139199175116076,0.05900000000000016,0.0
2022-06-20,5.878,5.878,5.921,5.822,1786922.0,10503527.516,1.6842463422933003,0.0,0.0,0.0
2022-06-21,5.872,5.833,5.895,5.782,1494129.0,8715254.457,1.922422592718604,-0.7655665192242256,-0.04499999999999993,0.0
2022-06-22,5.827,5.736,5.847,5.729,1966173.0,11277968.328,2.022972741299508,-1.662952168695364,-0.09700000000000042,0.0
2022-06-23,5.736,5.871,5.877,5.713,1981573.0,11633815.083,2.8591352859135237,2.353556485355668,0.13500000000000068,0.0
2022-06-24,5.88,5.943,5.956,5.867,1789113.0,10632698.558999998,1.5159257366717833,1.2263668880940104,0.07199999999999918,0.0
2022-06-27,5.954,5.97,6.024,5.954,1997586.0,11925588.42,1.177856301531218,0.454316002019195,0.027000000000000135,0.0
2022-06-28,5.969,6.077,6.089,5.958,1298368.0,7890182.336,2.1943048576214443,1.7922948073701983,0.1070000000000002,0.0
2022-06-29,6.061,5.975,6.078,5.948,1805422.0,10787396.45,2.1392134276781287,-1.6784597663320744,-0.10200000000000031,0.0
2022-06-30,5.967,6.025,6.066,5.963,2061204.0,12418754.100000001,1.723849372384933,0.8368200836820217,0.05000000000000071,0.0
2022-07-01,6.011,6.013,6.058,5.998,1323419.0,7957718.447,0.9958506224066325,-0.19917012448134042,-0.012000000000000455,0.0
2022-07-04,6.011,6.091,6.094,5.968,2688207.0,16373868.837000001,2.095459837019796,1.2971894229170111,0.07800000000000029,0.0
2022-07-05,6.101,6.082,6.122,6.003,2240732.0,13628132.024,1.9537021835494957,-0.14775898867182002,-0.009000000000000341,0.0
2022-07-06,6.058,5.998,6.074,5.939,1344476.0,8064167.048,2.2196645840184113,-1.3811246300558966,-0.08399999999999963,0.0
2022-07-07,5.989,6.025,6.063,5.964,1633359.0,9840987.975000001,1.6505501833944534,0.4501500500166733,0.027000000000000135,0.0
2022-07-08,6.05,5.987,6.065,5.984,1127554.0,6750665.798,1.3443983402489692,-0.630705394190878,-0.038000000000000256,0.0
2022-07-11,5.957,5.902,5.968,5.862,1118653.0,6602290.006,1.7705027559712687,-1.4197427760146986,-0.08499999999999996,0.0
2022-07-12,5.895,5.826,5.934,5.819,1032621.0,6016049.9459999995,1.9484920365977672,-1.2876990850559267,-0.07600000000000051,0.0
2022-07-13,5.828,5.849,5.87,5.8,1854491.0,10846917.859000001,1.201510470305532,0.3947820116718237,0.023000000000000576,0.0
2022-07-14,5.84,5.893,5.927,5.833,1932384.0,11387538.912,1.607112326893476,0.7522653445033223,0.043999999999999595,0.0
2022-07-15,5.869,5.787,5.921,5.782,1173336.0,6790095.432,2.358730697437642,-1.7987442728661152,-0.10599999999999987,0.0
2022-07-18,5.792,5.901,5.919,5.792,1389897.0,8201782.197,2.1945740452738858,1.9699326075686807,0.11399999999999988,0.0
2022-07-19,5.901,5.924,5.94,5.873,1391444.0,8242914.256000001,1.1354007795288965,0.38976444670395516,0.023000000000000576,0.0
2022-07-20,5.954,6.005,6.021,5.946,1215665.0,7300068.325,1.2660364618501043,1.3673193787981042,0.08099999999999952,0.0
2022-07-21,5.998,5.943,6.006,5.939,958345.0,5695444.335,1.1157368859283958,-1.0324729392173215,-0.06200000000000028,0.0
2022-07-22,5.944,5.886,5.975,5.827,1942603.0,11434161.258,2.4903247518088456,-0.9591115598182598,-0.056999999999999496,0.0
2022-07-25,5.88,5.824,5.911,5.801,1419844.0,8269171.456,1.8688413183825932,-1.053346924906562,-0.06200000000000028,0.0
2022-07-26,5.824,5.899,5.924,5.815,1164205.0,6867645.295,1.871565934065934,1.2877747252747263,0.07500000000000018,0.0
2022-07-27,5.888,5.926,5.944,5.875,742822.0,4401963.172,1.1696897779284616,0.45770469571113637,0.027000000000000135,0.0
2022-07-28,5.949,5.943,6.004,5.929,1190576.0,7075593.168,1.2656091798852394,0.28687141410730366,0.01699999999999946,0.0
2022-07-29,5.956,5.892,5.97,5.881,1121999.0,6610818.108,1.497560154803963,-0.8581524482584424,-0.05099999999999927,0.0
2022-08-01,5.882,5.946,5.95,5.846,793920.0,4720648.319999999,1.7651052274270211,0.9164969450101701,0.05399999999999938,0.0
2022-08-02,5.899,5.788,5.906,5.695,2102009.0,12166428.092,3.5486041035990485,-2.6572485704675297,-0.15799999999999947,0.0
2022-08-03,5.79,5.736,5.873,5.714,1383848.0,7937752.128,2.7470628887353112,-0.8984105044920643,-0.05200000000000049,0.0
2022-08-04,5.771,5.757,5.779,5.677,1534762.0,8835624.833999999,1.7782426778242735,0.36610878661087476,0.020999999999999908,0.0
2022-08-05,5.764,5.885,5.888,5.764,932406.0,5487209.31,2.1538996004863584,2.2233802327601193,0.1280000000000001,0.0
2022-08-08,5.87,5.92,5.924,5.865,922800.0,5462976.0,1.0025488530161455,0.5947323704333041,0.03500000000000014,0.0
2022-08-09,5.923,5.938,5.943,5.886,903893.0,5367316.634,0.9628378378378294,0.3040540540540482,0.017999999999999794,0.0
2022-08-10,5.931,5.926,5.961,5.897,690192.0,4090077.792,1.0778039744021566,-0.2020882452003936,-0.011999999999999567,0.0
2022-08-11,5.954,6.051,6.053,5.943,1170696.0,7083881.496,1.8562267971650406,2.109348633142094,0.125,0.0
2022-08-12,6.046,6.039,6.072,6.031,852722.0,5149588.158,0.6775739547182345,-0.1983143282102251,-0.012000000000000455,0.0
2022-08-15,6.017,6.048,6.078,6.003,1977573.0,11960361.504,1.2419274714356712,0.14903129657228842,0.009000000000000341,0.0
2022-08-16,6.058,6.065,6.106,6.04,1097487.0,6656258.655,1.0912698412698385,0.2810846560846514,0.017000000000000348,0.0
2022-08-17,6.067,6.107,6.118,6.031,1387339.0,8472479.273,1.4344600164880565,0.6924979389942187,0.041999999999999815,0.0
2022-08-18,6.099,6.083,6.099,6.054,808473.0,4917941.259000001,0.7368593417389869,-0.3929916489274654,-0.02400000000000002,0.0
2022-08-19,6.072,5.998,6.092,5.994,1193891.0,7160958.218,1.6110471806674316,-1.3973368403748188,-0.08499999999999996,0.0
2022-08-22,5.991,6.078,6.087,5.963,887151.0,5392103.778,2.067355785261748,1.3337779259753324,0.08000000000000007,0.0
2022-08-23,6.072,6.08,6.084,6.037,1150083.0,6992504.64,0.7732806844356648,0.032905561039808795,0.0019999999999997797,0.0
2022-08-24,6.08,5.895,6.085,5.878,1578946.0,9307886.67,3.404605263157892,-3.0427631578947456,-0.1850000000000005,0.0
2022-08-25,5.894,5.929,5.932,5.845,1429686.0,8476608.294,1.4758269720101889,0.5767599660729594,0.034000000000000696,0.0
2022-08-26,5.922,5.915,5.987,5.893,981831.0,5807530.365,1.5854275594535387,-0.23612750885478873,-0.014000000000000234,0.0
2022-08-29,5.811,5.911,5.921,5.81,1980285.0,11705464.635,1.8765849535080414,-0.06762468300930413,-0.004000000000000448,0.0
2022-08-30,5.911,5.902,5.921,5.854,1835350.0,10832235.700000001,1.1334799526306913,-0.15225850109963357,-0.008999999999999453,0.0
2022-08-31,5.881,5.768,5.897,5.75,2340109.0,13497748.712,2.4906811250423626,-2.2704168078617526,-0.13400000000000034,0.0
2022-09-01,5.761,5.746,5.818,5.724,980924.0,5636389.3040000005,1.6296809986130274,-0.38141470180304005,-0.021999999999999353,0.0
2022-09-02,5.731,5.757,5.791,5.729,1716786.0,9883537.002,1.0790114862513098,0.19143752175425632,0.010999999999999233,0.0
2022-09-05,5.747,5.788,5.796,5.723,1603172.0,9279159.536,1.2680215389960119,0.5384749001215994,0.031000000000000583,0.0
2022-09-06,5.791,5.894,5.899,5.791,1648440.0,9715905.36,1.8659295093296415,1.8313752591568644,0.10599999999999987,0.0
2022-09-07,5.875,5.91,5.925,5.864,1036982.0,6128563.62,1.0349507974211054,0.271462504241593,0.016000000000000014,0.0
2022-09-08,5.916,5.888,5.919,5.881,1451574.0,8546867.712,0.6429780033840841,-0.37225042301184397,-0.02200000000000024,0.0
2022-09-09,5.886,5.926,5.938,5.867,1625090.0,9630283.34,1.2058423913043432,0.6453804347826164,0.038000000000000256,0.0
2022-09-13,5.942,5.91,5.962,5.896,1719159.0,10160229.69,1.1137360782990187,-0.26999662504219035,-0.016000000000000014,0.0
2022-09-14,5.841,5.862,5.888,5.826,2004173.0,11748462.126,1.049069373942475,-0.8121827411167515,-0.04800000000000004,0.0
2022-09-15,5.875,5.719,5.889,5.672,1847025.0,10563135.975000001,3.701808256567733,-2.43944046400546,-0.1429999999999998,0.0
2022-09-16,5.701,5.567,5.72,5.56,2057357.0,11453306.419,2.7976919041790547,-2.657807308970106,-0.15200000000000014,0.0
2022-09-19,5.561,5.53,5.572,5.488,1590733.0,8796753.49,1.50889168313274,-0.6646308604275175,-0.03699999999999992,0.0
2022-09-20,5.538,5.56,5.619,5.538,1447292.0,8046943.52,1.4647377938517092,0.5424954792043302,0.02999999999999936,0.0
2022-09-21,5.541,5.59,5.613,5.487,1214695.0,6790145.05,2.2661870503597186,0.5395683453237377,0.03000000000000025,0.0
2022-09-22,5.552,5.581,5.628,5.544,1409796.0,7868071.476000001,1.5026833631484886,-0.1610017889087545,-0.008999999999999453,0.0
2022-09-23,5.569,5.51,5.594,5.445,2056784.0,11332879.84,2.669772442214657,-1.2721734456190736,-0.07100000000000062,0.0
2022-09-26,5.469,5.417,5.542,5.411,3397843.0,18406115.531,2.3774954627949225,-1.6878402903811263,-0.09299999999999997,0.0
2022-09-27,5.425,5.526,5.536,5.424,2404239.0,13285824.714,2.067565072918575,2.0121838656082636,0.10899999999999999,0.0
2022-09-28,5.506,5.387,5.521,5.384,2039260.0,10985493.62,2.479189287006869,-2.5153818313427445,-0.13900000000000023,0.0
2022-09-29,5.421,5.402,5.477,5.358,2424138.0,13095193.476,2.2090217189530477,0.27844811583441764,0.015000000000000568,0.0
2022-09-30,5.394,5.324,5.426,5.322,1563072.0,8321795.328,1.9252128841169953,-1.4439096630877502,-0.07800000000000029,0.0
2022-10-10,5.332,5.258,5.38,5.236,1686062.0,8865313.996,2.704733283245682,-1.2396694214875992,-0.06599999999999984,0.0
2022-10-11,5.261,5.293,5.325,5.231,2682347.0,14197662.671,1.7877519969570237,0.6656523392924996,0.03500000000000014,0.0
2022-10-12,5.294,5.429,5.436,5.202,3165166.0,17183686.214,4.42093330814283,2.569431324390714,0.13600000000000012,0.0
2022-10-13,5.401,5.444,5.488,5.397,1620378.0,8821337.832,1.676183459200593,0.2762939767912975,0.01499999999999968,0.0
2022-10-14,5.501,5.592,5.62,5.477,2548665.0,14252134.68,2.6267450404114583,2.7185892725936744,0.1479999999999997,0.0
2022-10-17,5.565,5.619,5.642,5.562,1604421.0,9015241.599,1.4306151645207452,0.4828326180257525,0.027000000000000135,0.0
2022-10-18,5.646,5.646,5.685,5.603,1836065.0,10366422.99,1.4593344011389902,0.480512546716505,0.027000000000000135,0.0
2022-10-19,5.631,5.595,5.655,5.583,1306563.0,7310219.984999999,1.275239107332626,-0.9032943676939409,-0.051000000000000156,0.0
2022-10-20,5.574,5.575,5.663,5.492,2431984.0,13558310.8,3.0563002680965194,-0.3574620196604039,-0.019999999999999574,0.0
2022-10-21,5.581,5.575,5.61,5.535,2041282.0,11380147.15,1.345291479820631,0.0,0.0,0.0
2022-10-24,5.571,5.524,5.691,5.471,2871119.0,15860061.356,3.9461883408071703,-0.9147982062780335,-0.051000000000000156,0.0
2022-10-25,5.501,5.477,5.551,5.402,2620577.0,14352900.229,2.6973207820419987,-0.8508327299058593,-0.04699999999999971,0.0
2022-10-26,5.491,5.598,5.642,5.484,2589924.0,14498394.552,2.884790943947423,2.209238634288835,0.12099999999999955,0.0
2022-10-27,5.622,5.58,5.647,5.574,2116482.0,11809969.56,1.3040371561271955,-0.3215434083601254,-0.017999999999999794,0.0
2022-10-28,5.554,5.39,5.563,5.365,2384385.0,12851835.149999999,3.5483870967741846,-3.405017921146958,-0.1900000000000004,0.0
2022-10-31,5.38,5.425,5.486,5.357,1960796.0,10637318.299999999,2.393320964749528,0.6493506493506551,0.03500000000000014,0.0
2022-11-01,5.435,5.57,5.576,5.401,3657775.0,20373806.75,3.2258064516129004,2.6728110599078425,0.14500000000000046,0.0
2022-11-02,5.561,5.613,5.646,5.546,2564827.0,14396373.951000001,1.795332136445236,0.7719928186714631,0.04300000000000015,0.0
2022-11-03,5.578,5.616,5.636,5.572,2322176.0,13041340.416,1.1402102262604676,0.05344735435595105,0.0029999999999992255,0.0
2022-11-04,5.611,5.768,5.786,5.61,3368333.0,19428544.744,3.1339031339031207,2.7065527065527117,0.15200000000000014,0.0
2022-11-07,5.765,5.752,5.79,5.715,2049034.0,11786043.568,1.3002773925104052,-0.277392510402219,-0.016000000000000014,0.0
2022-11-08,5.745,5.758,5.761,5.72,1765701.0,10166906.358000001,0.7127955493741371,0.10431154381085328,0.006000000000000227,0.0
2022-11-09,5.766,5.741,5.807,5.734,1411868.0,8105534.187999999,1.267801319902751,-0.2952414032650341,-0.017000000000000348,0.0
2022-11-10,5.717,5.72,5.747,5.678,2004927.0,11468182.44,1.2018812053649182,-0.3657899320675839,-0.020999999999999908,0.0
2022-11-11,5.881,5.756,5.89,5.748,4257227.0,24504598.612,2.482517482517473,0.6293706293706292,0.036000000000000476,0.0
2022-11-14,5.763,5.746,5.821,5.73,2591967.0,14893442.382000001,1.580958999305061,-0.17373175816538522,-0.009999999999999787,0.0
2022-11-15,5.751,5.852,5.861,5.738,2977302.0,17423171.304,2.1406195614340295,1.8447615732683609,0.10599999999999987,0.0
2022-11-16,5.849,5.823,5.881,5.812,2080383.0,12114070.209,1.179084073820915,-0.495557074504438,-0.028999999999999915,0.0
2022-11-17,5.803,5.836,5.839,5.772,3296446.0,19238058.856000002,1.1506096513824517,0.22325261892495174,0.0129999999999999,0.0
2022-11-18,5.836,5.824,5.878,5.809,4650590.0,27085036.16,1.1823166552433164,-0.20562028786841324,-0.012000000000000455,0.0
2022-11-21,5.776,5.817,5.826,5.745,4139889.0,24081734.313,1.390796703296695,-0.12019230769230171,-0.006999999999999673,0.0
2022-11-22,5.796,5.751,5.815,5.719,2674969.0,15383746.719,1.650335224342446,-1.1346054667354277,-0.06599999999999984,0.0
2022-11-23,5.712,5.74,5.766,5.667,4040029.0,23189766.46,1.721439749608767,-0.19127108328986786,-0.01100000000000012,0.0
2022-11-24,5.751,5.741,5.776,5.711,1993746.0,11446095.785999998,1.1324041811846601,0.01742160278743743,0.0009999999999994458,0.0
2022-11-25,5.721,5.709,5.739,5.675,2772368.0,15827448.911999999,1.1147883643964476,-0.5573941821982231,-0.03200000000000003,0.0
2022-11-28,5.632,5.682,5.687,5.585,3588768.0,20391379.776,1.7866526537046825,-0.4729374671571085,-0.026999999999999247,0.0
2022-11-29,5.698,5.782,5.806,5.697,3804857.0,21999683.174,1.9183386131643783,1.7599436818021674,0.09999999999999964,0.0
2022-11-30,5.78,5.768,5.796,5.741,2050763.0,11828800.984,0.9512279488066518,-0.2421307506053294,-0.014000000000000234,0.0
2022-12-01,5.851,5.801,5.859,5.797,2186418.0,12683410.818,1.074895977808604,0.5721220527045823,0.03300000000000036,0.0
2022-12-02,5.805,5.786,5.838,5.782,2050409.0,11863666.474,0.9653508015859343,-0.25857610756766514,-0.015000000000000568,0.0
2022-12-05,5.827,5.829,5.844,5.797,3894765.0,22702585.185,0.8123055651572866,0.7431731766332605,0.04300000000000015,0.0
2022-12-06,5.825,5.826,5.875,5.799,2050204.0,11944488.503999999,1.3038256990907466,-0.05146680391148184,-0.0030000000000001137,0.0
2022-12-07,5.818,5.818,5.866,5.8,2514859.0,14631449.661999999,1.1328527291452084,-0.1373154823206324,-0.008000000000000007,0.0
2022-12-08,5.818,5.808,5.826,5.784,1798803.0,10447447.824,0.7218975592987249,-0.17188037126160127,-0.009999999999999787,0.0
2022-12-09,5.801,5.817,5.841,5.773,1962367.0,11415088.839,1.170798898071634,0.15495867768595684,0.009000000000000341,0.0
2022-12-12,5.806,5.794,5.815,5.766,1951527.0,11307147.438,0.8423586040914626,-0.3953928141653851,-0.023000000000000576,0.0
2022-12-13,5.792,5.76,5.795,5.747,2057601.0,11851781.76,0.8284432171211606,-0.5868139454608179,-0.03399999999999981,0.0
2022-12-14,5.76,5.734,5.779,5.716,1971501.0,11304586.734,1.0937499999999953,-0.45138888888888173,-0.0259999999999998,0.0
2022-12-15,5.729,5.733,5.747,5.709,1712487.0,9817687.970999999,0.6627136379490801,-0.017439832577614833,-0.001000000000000334,0.0
2022-12-16,5.72,5.71,5.722,5.677,2661886.0,15199369.06,0.7849293563579421,-0.4011861154718188,-0.022999999999999687,0.0
2022-12-19,5.705,5.581,5.717,5.553,6223910.0,34735641.71,2.8721541155866848,-2.2591943957968375,-0.12899999999999956,0.0
2022-12-20,5.56,5.517,5.568,5.497,4281225.0,23619518.325000003,1.2721734456190599,-1.1467478946425413,-0.06400000000000006,0.0
2022-12-21,5.521,5.487,5.531,5.448,2269947.0,12455199.189,1.504440819285831,-0.543773790103319,-0.03000000000000025,0.0
2022-12-22,5.504,5.424,5.513,5.388,2269801.0,12311400.624000002,2.27811190085657,-1.1481683980317015,-0.06299999999999972,0.0
2022-12-23,5.394,5.402,5.444,5.37,4220081.0,22796877.562,1.364306784660764,-0.4056047197640189,-0.02200000000000024,0.0
2022-12-26,5.406,5.471,5.489,5.402,3830966.0,20959214.986,1.6105146242132495,1.2773047019622341,0.06899999999999995,0.0
2022-12-27,5.495,5.511,5.516,5.457,3448078.0,19002357.858,1.078413452750871,0.7311277645768666,0.040000000000000036,0.0
2022-12-28,5.497,5.495,5.516,5.476,2282709.0,12543485.955,0.7258210851025229,-0.2903284340410095,-0.016000000000000014,0.0
2022-12-29,5.48,5.492,5.533,5.463,2755572.0,15133601.424,1.2738853503184764,-0.054595086442221774,-0.0030000000000001137,0.0
2022-12-30,5.509,5.498,5.514,5.474,1562591.0,8591125.318,0.7283321194464683,0.10924981791697874,0.006000000000000227,0.0
2023-01-03,5.483,5.581,5.601,5.461,2447005.0,13656734.905000001,2.5463805020007215,1.5096398690432888,0.08300000000000018,0.0
2023-01-04,5.588,5.579,5.596,5.545,2633742.0,14693646.617999999,0.9138147285432746,-0.03583587170759017,-0.002000000000000668,0.0
2023-01-05,5.596,5.638,5.653,5.579,2317750.0,13067474.5,1.3264025811077227,1.0575371930453548,0.05900000000000016,0.0
2023-01-06,5.638,5.651,5.682,5.626,1992726.0,11260894.626,0.9932600212841443,0.23057821922667365,0.0129999999999999,0.0
2023-01-09,5.659,5.663,5.702,5.659,2097014.0,11875390.282,0.7609272695098239,0.21235179614227384,0.012000000000000455,0.0
2023-01-10,5.662,5.678,5.684,5.641,1515062.0,8602522.036,0.7593148507858052,0.26487727352992874,0.01499999999999968,0.0
2023-01-11,5.678,5.65,5.7,5.636,2318965.0,13102152.25,1.1271574498062709,-0.4931313842902352,-0.02799999999999958,0.0
2023-01-12,5.656,5.644,5.684,5.629,1701199.0,9601567.156,0.9734513274336389,-0.10619469026549311,-0.006000000000000227,0.0
2023-01-13,5.653,5.695,5.697,5.644,2154552.0,12270173.64,0.9390503189227487,0.9036144578313365,0.051000000000000156,0.0
2023-01-16,5.702,5.754,5.809,5.702,3909891.0,22497512.814,1.8788410886742792,1.0359964881474948,0.058999999999999275,0.0
2023-01-17,5.771,5.762,5.777,5.748,3017421.0,17386379.801999997,0.503997219325685,0.13903371567605127,0.008000000000000007,0.0
2023-01-18,5.763,5.786,5.807,5.763,3612356.0,20901091.816,0.7636237417563431,0.4165220409580117,0.02400000000000002,0.0
2023-01-19,5.778,5.843,5.848,5.762,3016229.0,17623826.047,1.4863463532665107,0.9851365364673459,0.057000000000000384,0.0
2023-01-20,5.853,5.888,5.891,5.852,2778630.0,16360573.44,0.6674653431456392,0.7701523190142057,0.04499999999999993,0.0
2023-01-30,5.961,5.909,5.993,5.903,4044467.0,23898755.503,1.5285326086956648,0.3566576086956541,0.020999999999999908,0.0
2023-01-31,5.907,5.914,5.942,5.892,2636622.0,15592982.508,0.8461668641055986,0.08461668641055464,0.004999999999999893,0.0
2023-02-01,5.929,5.986,5.995,5.918,4056549.0,24282502.314,1.3019952654717613,1.2174501183632058,0.07200000000000006,0.0
2023-02-02,6.002,5.996,6.03,5.97,3382927.0,20284030.292000003,1.0023387905112011,0.16705646508521355,0.010000000000000675,0.0
2023-02-03,5.981,5.968,5.985,5.897,2583037.0,15415564.816,1.4676450967311552,-0.46697798532355783,-0.02800000000000047,0.0
2023-02-06,5.947,5.939,5.955,5.894,3046677.0,18094214.703,1.0221179624664871,-0.4859249329758675,-0.028999999999999915,0.0
2023-02-07,5.942,5.942,5.951,5.895,5627540.0,33438842.68,0.9429196834483929,0.05051355447045491,0.0030000000000001137,0.0
2023-02-08,5.947,5.896,5.952,5.886,4671379.0,27542450.584,1.1107371255469511,-0.7741501178054611,-0.04600000000000026,0.0
2023-02-09,5.891,5.987,5.993,5.879,3198432.0,19149012.384,1.9335142469470958,1.5434192672998615,0.09100000000000019,0.0
2023-02-10,5.991,5.967,5.993,5.918,4713553.0,28125770.751,1.2527142141306191,-0.3340571237681722,-0.020000000000000462,0.0
2023-02-13,5.949,6.005,6.013,5.949,5094383.0,30591769.915,1.0725657784481324,0.6368359309535832,0.038000000000000256,0.0
2023-02-14,6.015,6.022,6.035,5.992,2323794.0,13993887.468,0.7160699417152399,0.28309741881766826,0.017000000000000348,0.0
2023-02-15,6.021,6.01,6.04,5.988,2702558.0,16242373.58,0.8635004981733576,-0.19926934573232247,-0.012000000000000455,0.0
2023-02-16,6.015,5.925,6.059,5.878,3099681.0,18365609.925,3.011647254575708,-1.4143094841930104,-0.08499999999999996,0.0
2023-02-17,5.921,5.871,5.941,5.856,2571349.0,15096389.979,1.4345991561181428,-0.9113924050632827,-0.05399999999999938,0.0
2023-02-20,5.893,5.969,5.975,5.846,4922174.0,29380456.606000002,2.197240674501781,1.6692215976835234,0.09799999999999986,0.0
2023-02-21,5.986,6.006,6.024,5.963,1862749.0,11187670.494,1.0219467247445122,0.6198693248450349,0.03699999999999992,0.0
2023-02-22,5.994,6.0,6.024,5.976,2993480.0,17960880.0,0.7992007992007999,-0.09990009990010762,-0.006000000000000227,0.0
2023-02-23,6.001,5.989,6.019,5.949,3546647.0,21240868.883,1.1666666666666714,-0.18333333333333535,-0.01100000000000012,0.0
2023-02-24,5.979,5.975,6.004,5.929,1968144.0,11759660.399999999,1.2522958757722373,-0.2337618968108246,-0.014000000000000234,0.0
2023-02-27,5.952,5.942,5.972,5.909,2710886.0,16108084.612,1.0543933054393408,-0.5523012552301143,-0.032999999999999474,0.0
2023-02-28,5.944,5.983,5.989,5.915,1689644.0,10109140.052,1.2453719286435516,0.6900033658700622,0.04099999999999948,0.0
2023-03-01,5.981,6.022,6.043,5.967,1840663.0,11084472.586000001,1.2702657529667478,0.6518468995487359,0.03900000000000059,0.0
2023-03-02,6.031,6.015,6.042,5.998,2156620.0,12972069.299999999,0.7306542676851477,-0.11624045167719643,-0.007000000000000561,0.0
2023-03-03,6.019,6.012,6.029,5.968,3017922.0,18143747.064,1.0141313383208637,-0.04987531172070403,-0.0030000000000001137,0.0
2023-03-06,6.017,6.014,6.032,5.983,2651555.0,15946451.770000001,0.8150365934797135,0.03326679973387758,0.002000000000000668,0.0
2023-03-07,6.011,5.914,6.018,5.912,2590024.0,15317401.935999999,1.7625540405719964,-1.6627868307283133,-0.10000000000000053,0.0
2023-03-08,5.896,5.924,5.937,5.892,2622042.0,15532976.808,0.7609063239770026,0.1690902942171224,0.010000000000000675,0.0
2023-03-09,5.929,5.917,5.933,5.883,2525910.0,14945809.469999999,0.8440243079000644,-0.1181634031060197,-0.007000000000000561,0.0
2023-03-10,5.881,5.837,5.895,5.822,1703309.0,9942214.633,1.2337333107993833,-1.352036504985632,-0.08000000000000007,0.0
2023-03-13,5.831,5.872,5.877,5.808,1808494.0,10619476.768,1.1821140997087536,0.5996230940551683,0.03500000000000014,0.0
2023-03-14,5.853,5.821,5.871,5.757,2010919.0,11705559.499,1.941416893732983,-0.8685286103542245,-0.051000000000000156,0.0
2023-03-15,5.85,5.853,5.885,5.841,1973022.0,11548097.765999999,0.7558838687510667,0.549733722728063,0.03200000000000003,0.0
2023-03-16,5.829,5.776,5.845,5.762,2520105.0,14556126.479999999,1.418076200239197,-1.315564667691782,-0.07699999999999996,0.0
2023-03-17,5.813,5.812,5.871,5.792,4218304.0,24516782.848,1.3677285318559667,0.6232686980609525,0.036000000000000476,0.0
2023-03-20,5.821,5.793,5.835,5.781,2045072.0,11847102.096,0.9291121816930534,-0.3269098417068128,-0.019000000000000128,0.0
2023-03-21,5.81,5.858,5.861,5.807,3102533.0,18174638.314,0.9321595028482544,1.122043846021059,0.0649999999999995,0.0
2023-03-22,5.866,5.892,5.896,5.866,1527660.0,9000972.72,0.5121201775349992,0.5804028678729978,0.034000000000000696,0.0
2023-03-23,5.886,5.927,5.928,5.879,1760043.0,10431774.861,0.831636116768506,0.5940257976917662,0.034999999999999254,0.0
2023-03-24,5.931,5.935,5.942,5.909,1456442.0,8643983.27,0.5567740846971548,0.13497553568415643,0.008000000000000007,0.0
2023-03-27,5.934,5.932,5.942,5.891,1917047.0,11371922.804000001,0.8593091828138191,-0.050547598989036935,-0.0029999999999992255,0.0
2023-03-28,5.932,5.916,5.951,5.902,2382548.0,14095153.968,0.826028320970996,-0.2697235333782855,-0.016000000000000014,0.0
2023-03-29,5.926,5.89,5.93,5.875,2203848.0,12980664.719999999,0.9296822177146672,-0.43948613928330715,-0.02600000000000069,0.0
2023-03-30,5.89,5.923,5.926,5.851,4198018.0,24864860.614,1.273344651952465,0.5602716468590785,0.03300000000000036,0.0
2023-03-31,5.923,5.97,5.975,5.916,3495350.0,20867239.5,0.9961168326861265,0.793516798919458,0.04699999999999971,0.0
2023-04-03,5.981,6.034,6.051,5.977,2803988.0,16919263.592,1.2395309882747043,1.0720268006700229,0.06400000000000006,0.0
2023-04-04,6.04,6.038,6.043,6.007,1619826.0,9780509.388,0.5966191581040848,0.06629101756712164,0.004000000000000448,0.0
2023-04-06,6.025,6.037,6.051,6.017,2454720.0,14819144.64,0.5631003643590561,-0.01656177542233017,-0.001000000000000334,0.0
2023-04-07,6.037,6.086,6.098,6.033,1657223.0,10085859.178000001,1.0766937220473662,0.8116614212357209,0.04900000000000038,0.0
2023-04-10,6.093,6.043,6.097,6.03,2962016.0,17899462.688,1.1008872822872193,-0.7065395990798584,-0.04300000000000015,0.0
2023-04-11,6.041,6.042,6.058,6.018,3361130.0,20307947.46,0.6619228859837835,-0.016548072149602522,-0.001000000000000334,0.0
2023-04-12,6.056,6.064,6.069,6.034,3577088.0,21691461.632,0.5792783846408498,0.36411784177425854,0.02200000000000024,0.0
2023-04-13,6.059,6.036,6.072,6.028,2781556.0,16789472.016,0.7255936675461822,-0.4617414248021201,-0.02800000000000047,0.0
2023-04-14,6.042,6.051,6.076,6.026,2530731.0,15313453.281,0.828363154406889,0.248508946322068,0.015000000000000568,0.0
2023-04-17,6.036,6.083,6.087,6.035,1151249.0,7003047.667,0.8593620889109171,0.5288382085605781,0.03200000000000003,0.0
2023-04-18,6.081,6.07,6.083,6.043,1984948.0,12048634.360000001,0.6575702778234429,-0.2137103402926166,-0.0129999999999999,0.0
2023-04-19,6.066,6.04,6.08,6.029,1223617.0,7390646.68,0.8401976935749613,-0.49423393739703725,-0.03000000000000025,0.0
2023-04-20,6.036,6.033,6.039,6.009,1459620.0,8805887.46,0.49668874172184374,-0.11589403973509826,-0.006999999999999673,0.0
2023-04-21,6.033,5.88,6.033,5.861,2627984.0,15452545.92,2.8509862423338403,-2.5360517155644025,-0.15300000000000047,0.0
2023-04-24,5.884,5.838,5.892,5.818,1969801.0,11499698.238,1.2585034013605567,-0.7142857142857117,-0.041999999999999815,0.0
2023-04-25,5.833,5.744,5.852,5.674,2554903.0,14675362.831999999,3.0489893799246306,-1.6101404590613266,-0.0940000000000003,0.0
2023-04-26,5.735,5.77,5.798,5.73,3053471.0,17618527.669999998,1.1838440111420547,0.4526462395543218,0.0259999999999998,0.0
2023-04-27,5.768,5.796,5.826,5.756,2115923.0,12263889.708,1.2131715771230398,0.45060658578857105,0.02600000000000069,0.0
2023-04-28,5.808,5.888,5.891,5.791,2111764.0,12434066.432,1.7253278122843279,1.5873015873015817,0.09199999999999964,0.0
2023-05-04,5.871,5.889,5.89,5.861,1628460.0,9590000.94,0.492527173913042,0.016983695652172948,0.001000000000000334,0.0
2023-05-05,5.889,5.833,5.892,5.802,1694271.0,9882682.743,1.528273051451872,-0.9509254542367174,-0.05600000000000005,0.0
2023-05-08,5.834,5.872,5.895,5.83,1483337.0,8710154.864,1.1143493913937854,0.6686096348362813,0.0389999999999997,0.0
2023-05-09,5.873,5.815,5.902,5.811,2581884.0,15013655.46,1.5497275204359706,-0.9707084468664751,-0.056999999999999496,0.0
2023-05-10,5.813,5.804,5.844,5.781,1817316.0,10547702.064000001,1.083404987102332,-0.18916595012897774,-0.01100000000000012,0.0
2023-05-11,5.81,5.785,5.823,5.781,847531.0,4902966.835,0.7236388697450156,-0.32736044107511963,-0.019000000000000128,0.0
2023-05-12,5.779,5.725,5.817,5.719,1463672.0,8379522.199999999,1.6940363007778716,-1.0371650821089151,-0.0600000000000005,0.0
2023-05-15,5.72,5.793,5.802,5.681,1617161.0,9368213.673,2.1135371179039226,1.1877729257641967,0.0680000000000005,0.0
2023-05-16,5.793,5.752,5.797,5.735,995946.0,5728681.392,1.0702572069739233,-0.7077507336440636,-0.04100000000000037,0.0
2023-05-17,5.737,5.754,5.78,5.73,1538331.0,8851556.574,0.8692628650904003,0.03477051460361036,0.0019999999999997797,0.0
2023-05-18,5.765,5.764,5.79,5.734,1734112.0,9995421.568,0.973236009732361,0.1737921445950752,0.010000000000000675,0.0
2023-05-19,5.756,5.769,5.803,5.726,1729168.0,9975570.192,1.335877862595419,0.0867453157529452,0.004999999999999893,0.0
2023-05-22,5.768,5.76,5.788,5.727,1153644.0,6644989.4399999995,1.0573756283584665,-0.15600624024961762,-0.009000000000000341,0.0
2023-05-23,5.76,5.695,5.765,5.692,1387183.0,7900007.1850000005,1.2673611111111027,-1.1284722222222099,-0.0649999999999995,0.0
2023-05-24,5.691,5.649,5.71,5.642,2461380.0,13904335.62,1.194029850746262,-0.8077260755048332,-0.04600000000000026,0.0
2023-05-25,5.651,5.631,5.68,5.57,1954870.0,11007872.97,1.9472473004071418,-0.31864046733934837,-0.017999999999999794,0.0
2023-05-26,5.633,5.684,5.699,5.597,1750330.0,9948875.72,1.8114011720831011,0.941218256082399,0.052999999999999936,0.0
2023-05-29,5.701,5.677,5.717,5.654,1917946.0,10888179.442,1.1083743842364484,-0.12315270935961964,-0.007000000000000561,0.0
2023-05-30,5.674,5.71,5.718,5.615,2107215.0,12032197.65,1.814338559098111,0.5812929364100716,0.03300000000000036,0.0
2023-05-31,5.701,5.703,5.715,5.66,1713193.0,9770339.679000001,0.9632224168126045,-0.12259194395796147,-0.006999999999999673,0.0
2023-06-01,5.705,5.713,5.755,5.671,2875100.0,16425446.3,1.4729089952656431,0.1753463089601892,0.009999999999999787,0.0
2023-06-02,5.731,5.765,5.782,5.73,2435427.0,14040236.655,0.9102047960791109,0.910204796079106,0.0519999999999996,0.0
2023-06-05,5.756,5.752,5.766,5.737,1053204.0,6058029.408,0.5030355594102327,-0.2254986990459673,-0.0129999999999999,0.0
2023-06-06,5.753,5.638,5.754,5.632,1499592.0,8454699.696,2.1210013908205823,-1.9819193324061124,-0.11399999999999988,0.0
2023-06-07,5.642,5.642,5.676,5.631,1360410.0,7675433.220000001,0.7981553742461853,0.07094714437745342,0.004000000000000448,0.0
2023-06-08,5.645,5.629,5.659,5.587,1923525.0,10827522.225,1.2761432116270837,-0.23041474654379446,-0.013000000000000789,0.0
2023-06-09,5.641,5.68,5.691,5.63,2081675.0,11823914.0,1.0836738319417294,0.9060223840824388,0.051000000000000156,0.0
2023-06-12,5.686,5.698,5.725,5.666,1874926.0,10683328.348000001,1.0387323943661846,0.31690140845070935,0.018000000000000682,0.0
2023-06-13,5.698,5.716,5.724,5.689,1256949.0,7184720.484,0.6142506142506168,0.3159003159003193,0.017999999999999794,0.0
2023-06-14,5.725,5.723,5.742,5.712,1195566.0,6842224.217999999,0.5248425472358336,0.12246326102167693,0.006999999999999673,0.0
2023-06-15,5.731,5.777,5.791,5.727,1954461.0,11290921.197,1.1182946007338819,0.9435610693692142,0.05400000000000027,0.0
2023-06-16,5.778,5.82,5.842,5.777,2065270.0,12019871.4,1.1251514626968928,0.744330967630269,0.04300000000000015,0.0
2023-06-19,5.831,5.812,5.836,5.806,1192619.0,6931501.6280000005,0.5154639175257775,-0.13745704467353903,-0.008000000000000007,0.0
2023-06-20,5.814,5.809,5.827,5.791,762272.0,4428038.048,0.619408121128692,-0.05161734342739033,-0.0030000000000001137,0.0
2023-06-21,5.803,5.684,5.803,5.681,1667993.0,9480872.212,2.100189361335856,-2.1518333620244467,-0.125,0.0
2023-06-26,5.655,5.583,5.67,5.571,3443232.0,19223564.256,1.7417311752287157,-1.7769176636171724,-0.10099999999999998,0.0
2023-06-27,5.584,5.628,5.639,5.583,3172961.0,17857424.508,1.0030449579079357,0.8060182697474438,0.04499999999999993,0.0
2023-06-28,5.624,5.642,5.644,5.547,2730213.0,15403861.746000001,1.723525230987925,0.24875621890547706,0.014000000000000234,0.0
2023-06-29,5.629,5.633,5.653,5.611,2215433.0,12479534.089,0.7444168734491282,-0.15951790145338762,-0.009000000000000341,0.0
2023-06-30,5.622,5.706,5.717,5.622,1971456.0,11249127.936,1.68649032487129,1.2959346706905794,0.0730000000000004,0.0
2023-07-03,5.715,5.735,5.756,5.696,1662058.0,9531902.63,1.0515247108307133,0.5082369435681633,0.028999999999999915,0.0
2023-07-04,5.73,5.749,5.752,5.728,1734127.0,9969496.123,0.4184829991281607,0.24411508282475847,0.013999999999999346,0.0
2023-07-05,5.743,5.718,5.755,5.706,2322338.0,13279128.684,0.8523221429813791,-0.5392242129065861,-0.030999999999999694,0.0
2023-07-06,5.711,5.683,5.746,5.678,1697691.0,9647977.953,1.1892270024484173,-0.6121021336131571,-0.03500000000000014,0.0
2023-07-07,5.681,5.667,5.693,5.635,1136526.0,6440692.842,1.020587717754704,-0.28154143938060594,-0.016000000000000014,0.0
2023-07-10,5.689,5.688,5.712,5.659,1185252.0,6741713.375999999,0.9352391035821411,0.37056643726840477,0.020999999999999908,0.0
2023-07-11,5.7,5.738,5.74,5.681,1031677.0,5919762.626,1.0372714486638566,0.8790436005625901,0.05000000000000071,0.0
2023-07-12,5.74,5.677,5.745,5.669,940533.0,5339405.841,1.324503311258287,-1.063088184036265,-0.06100000000000083,0.0
2023-07-13,5.7,5.761,5.765,5.7,1780132.0,10255340.452,1.1449709353531707,1.4796547472256671,0.08400000000000052,0.0
2023-07-14,5.766,5.737,5.768,5.736,886348.0,5084978.476,0.5554591216802642,-0.41659434126020134,-0.02400000000000002,0.0
2023-07-17,5.73,5.722,5.73,5.689,1921224.0,10993243.728,0.7146592295624955,-0.2614606937423658,-0.01499999999999968,0.0
2023-07-18,5.722,5.713,5.739,5.689,1571550.0,8978265.15,0.873820342537571,-0.15728766165676866,-0.009000000000000341,0.0
2023-07-19,5.705,5.704,5.728,5.675,1204870.0,6872578.4799999995,0.9277087344652536,-0.15753544547524312,-0.009000000000000341,0.0
2023-07-20,5.716,5.638,5.731,5.633,2581532.0,14554677.416,1.7180925666199136,-1.1570827489481017,-0.06599999999999984,0.0
2023-07-21,5.636,5.641,5.681,5.625,2574504.0,14522777.064,0.9932600212841443,0.05321035828307341,0.0030000000000001137,0.0
2023-07-24,5.611,5.631,5.672,5.611,1048382.0,5903439.042,1.0813685516752338,-0.17727353306150606,-0.009999999999999787,0.0
2023-07-25,5.681,5.729,5.736,5.681,1852674.0,10613969.346,0.9767359261232412,1.7403658320014115,0.09799999999999986,0.0
2023-07-26,5.728,5.718,5.734,5.698,1043384.0,5966069.712,0.6283819165648383,-0.19200558561703884,-0.01100000000000012,0.0
2023-07-27,5.723,5.676,5.73,5.666,976425.0,5542188.3,1.1192724728926209,-0.7345225603357819,-0.041999999999999815,0.0
2023-07-28,5.651,5.768,5.773,5.651,1759335.0,10147844.28,2.149400986610287,1.6208597603946329,0.09199999999999964,0.0
2023-07-31,5.777,5.807,5.864,5.775,2269487.0,13178911.009000001,1.5429958391123357,0.6761442441054255,0.03900000000000059,0.0
2023-08-01,5.807,5.812,5.837,5.801,1705671.0,9913359.852,0.619941449974162,0.08610297916307186,0.004999999999999893,0.0
2023-08-02,5.808,5.79,5.831,5.771,1520788.0,8805362.52,1.0323468685478405,-0.37852718513421424,-0.02200000000000024,0.0
2023-08-03,5.787,5.811,5.813,5.758,2343075.0,13615608.825,0.9499136442141575,0.36269430051814044,0.020999999999999908,0.0
2023-08-04,5.841,5.852,5.891,5.824,2158315.0,12630459.38,1.1529857167441089,0.7055584236792312,0.04100000000000037,0.0
2023-08-07,5.845,5.811,5.849,5.798,3807644.0,22126219.283999998,0.8714969241285058,-0.7006151742993905,-0.04100000000000037,0.0
2023-08-08,5.801,5.79,5.81,5.767,2948608.0,17072440.32,0.73997590776113,-0.3613835828600864,-0.020999999999999908,0.0
2023-08-09,5.776,5.748,5.789,5.738,4221885.0,24267394.98,0.8808290155440287,-0.7253886010362698,-0.041999999999999815,0.0
2023-08-10,5.748,5.746,5.764,5.721,2049476.0,11776289.096,0.7480862908837882,-0.03479471120388933,-0.0019999999999997797,0.0
2023-08-11,5.747,5.625,5.756,5.623,2912579.0,16383256.875,2.3146536721197353,-2.1058127392969084,-0.12100000000000044,0.0
2023-08-14,5.581,5.632,5.643,5.555,2608458.0,14690835.455999998,1.5644444444444456,0.12444444444443814,0.006999999999999673,0.0
2023-08-15,5.621,5.599,5.646,5.548,2284840.0,12792819.16,1.740056818181816,-0.5859374999999889,-0.032999999999999474,0.0
2023-08-16,5.577,5.556,5.606,5.554,2268833.0,12605636.148,0.9287372745132989,-0.767994284693696,-0.04300000000000015,0.0
2023-08-17,5.533,5.592,5.605,5.5,3143180.0,17576662.56,1.88984881209504,0.647948164146861,0.03599999999999959,0.0
2023-08-18,5.586,5.499,5.611,5.497,3160704.0,17380711.296,2.038626609442058,-1.6630901287553623,-0.09299999999999997,0.0
2023-08-21,5.482,5.422,5.525,5.42,3261363.0,17683110.186,1.9094380796508534,-1.4002545917439546,-0.07699999999999996,0.0
2023-08-22,5.441,5.449,5.466,5.361,3272933.0,17834211.917,1.9365547768351241,0.4979712283290416,0.027000000000000135,0.0
2023-08-23,5.445,5.349,5.445,5.339,2997125.0,16031621.625,1.9453110662506858,-1.8351991191044137,-0.09999999999999964,0.0
2023-08-24,5.353,5.365,5.42,5.338,2526762.0,13556078.13,1.5329968218358543,0.29912133108991323,0.016000000000000014,0.0
2023-08-25,5.345,5.297,5.37,5.269,2740769.0,14517853.393,1.8825722273998133,-1.267474370922661,-0.0680000000000005,0.0
2023-08-28,5.6,5.36,5.6,5.339,5159482.0,27654823.520000003,4.927317349443067,1.1893524636586772,0.06300000000000061,0.0
2023-08-29,5.353,5.485,5.515,5.35,11823844.0,64853784.34,3.0783582089552244,2.332089552238803,0.125,0.0
2023-08-30,5.485,5.486,5.534,5.463,3112849.0,17077089.614,1.294439380127616,0.01823154056517229,0.0009999999999994458,0.0
2023-08-31,5.48,5.457,5.497,5.439,2234044.0,12191178.108,1.057236602260296,-0.528618301130146,-0.028999999999999915,0.0
2023-09-01,5.47,5.463,5.494,5.446,2223553.0,12147270.039,0.8796041781198468,0.10995052226498991,0.006000000000000227,0.0
2023-09-04,5.492,5.547,5.551,5.469,3100547.0,17198734.209,1.5010067728354357,1.537616694124111,0.08399999999999963,0.0
2023-09-05,5.538,5.504,5.541,5.493,3289476.0,18105275.904,0.8653326122228239,-0.7751937984496138,-0.04300000000000015,0.0
2023-09-06,5.487,5.502,5.525,5.459,2302641.0,12669130.782,1.1991279069767575,-0.03633720930231732,-0.0019999999999997797,0.0
2023-09-07,5.502,5.42,5.502,5.413,3505516.0,18999896.72,1.6175936023264181,-1.490367139222093,-0.08199999999999985,0.0
2023-09-08,5.406,5.418,5.444,5.397,3276450.0,17751806.1,0.8671586715867106,-0.03690036900368954,-0.0019999999999997797,0.0
2023-09-11,5.425,5.485,5.521,5.413,3463820.0,18999052.7,1.9933554817275683,1.236618678479151,0.06700000000000017,0.0
2023-09-12,5.485,5.487,5.506,5.474,2494673.0,13688270.751,0.5834092980856886,0.03646308113034458,0.0019999999999997797,0.0
2023-09-13,5.486,5.428,5.486,5.394,3293239.0,17875701.292,1.6766903590304287,-1.0752688172043001,-0.05900000000000016,0.0
2023-09-14,5.424,5.423,5.43,5.39,2596902.0,14082999.546,0.7369196757553433,-0.09211495946941373,-0.004999999999999893,0.0
2023-09-15,5.432,5.424,5.463,5.393,2642641.0,14333684.784000002,1.290798451041864,0.01843997787203122,0.001000000000000334,0.0
2023-09-18,5.411,5.436,5.457,5.383,5749228.0,31252803.408,1.364306784660764,0.22123893805308104,0.011999999999999567,0.0
2023-09-19,5.428,5.411,5.435,5.387,2398793.0,12979868.922999999,0.8830022075055196,-0.4598969830758026,-0.025000000000000355,0.0
2023-09-20,5.393,5.37,5.409,5.369,3142782.0,16876739.34,0.7392348918868977,-0.7577157641840637,-0.04099999999999948,0.0
2023-09-21,5.357,5.324,5.386,5.321,2832889.0,15082301.036,1.2104283054003797,-0.8566108007448836,-0.04600000000000026,0.0
2023-09-22,5.314,5.422,5.424,5.314,3769646.0,20439020.612,2.066115702479345,1.8407212622088664,0.09799999999999986,0.0
2023-09-25,5.411,5.389,5.418,5.372,3442787.0,18553179.143,0.8483954260420559,-0.6086315012910237,-0.032999999999999474,0.0
2023-09-26,5.383,5.37,5.399,5.368,2136131.0,11471023.47,0.5752458712191444,-0.35257005010206344,-0.019000000000000128,0.0
2023-09-27,5.369,5.395,5.423,5.366,4318303.0,23297244.685,1.0614525139664877,0.4655493482309092,0.024999999999999467,0.0
2023-09-28,5.401,5.403,5.419,5.394,2603361.0,14065959.483,0.46339202965708004,0.14828544949025968,0.008000000000000007,0.0
2023-10-09,5.401,5.371,5.403,5.342,2076411.0,11152403.481,1.1290024060707005,-0.5922635572829793,-0.03199999999999914,0.0
2023-10-10,5.377,5.343,5.403,5.338,1216876.0,6501768.468,1.2102029417240643,-0.5213181902811503,-0.02800000000000047,0.0
2023-10-11,5.366,5.338,5.394,5.326,3552735.0,18964499.43,1.2726932434961726,-0.09358038555118409,-0.004999999999999893,0.0
2023-10-12,5.367,5.381,5.39,5.352,2236991.0,12037248.571,0.7118771075308986,0.8055451479955122,0.04300000000000015,0.0
2023-10-13,5.357,5.351,5.357,5.334,1700873.0,9101371.423,0.4274298457535881,-0.5575171901133658,-0.03000000000000025,0.0
2023-10-16,5.351,5.294,5.353,5.272,1941047.0,10275902.818,1.5137357503270328,-1.0652214539338511,-0.057000000000000384,0.0
2023-10-17,5.301,5.305,5.306,5.268,1987758.0,10545056.19,0.7177937287495326,0.2077823951643465,0.01100000000000012,0.0
2023-10-18,5.295,5.237,5.296,5.227,1958355.0,10255905.135,1.3006597549481613,-1.2818096135720936,-0.06799999999999962,0.0
2023-10-19,5.216,5.172,5.244,5.16,2577569.0,13331186.867999999,1.6039717395455344,-1.2411686079816797,-0.06500000000000039,0.0
2023-10-20,5.152,5.134,5.182,5.115,2439789.0,12525876.726000002,1.2954369682908,-0.7347254447022333,-0.03799999999999937,0.0
2023-10-23,5.12,4.987,5.124,4.968,5057113.0,25219822.531,3.038566419945455,-2.863264511102459,-0.14700000000000024,0.0
2023-10-24,5.006,5.051,5.066,4.988,6136680.0,30996370.68,1.564066573090022,1.2833366753559172,0.06400000000000006,0.0
2023-10-25,5.093,5.078,5.128,5.077,3159519.0,16044037.482,1.0097010492971719,0.5345476143338024,0.027000000000000135,0.0
2023-10-26,5.057,5.102,5.117,5.041,2205799.0,11253986.498000002,1.496652225285538,0.4726270185112291,0.02400000000000002,0.0
2023-10-27,5.081,5.206,5.225,5.079,4017352.0,20914334.512000002,2.8616228929831418,2.0384163073304595,0.10400000000000009,0.0
2023-10-30,5.186,5.251,5.271,5.181,2907634.0,15267986.134000001,1.7287744909719527,0.8643872454859869,0.04499999999999993,0.0
2023-10-31,5.249,5.238,5.26,5.212,2122998.0,11120263.524,0.9141115977908978,-0.24757189106836552,-0.0129999999999999,0.0
2023-11-01,5.264,5.226,5.264,5.202,1217109.0,6360611.634,1.1836578846888177,-0.2290950744559095,-0.012000000000000455,0.0
2023-11-02,5.231,5.175,5.249,5.17,1449002.0,7498585.35,1.5116724071947902,-0.9758897818599288,-0.051000000000000156,0.0
2023-11-03,5.176,5.216,5.253,5.175,3517712.0,18348385.792,1.5072463768116,0.7922705314009626,0.04100000000000037,0.0
2023-11-06,5.251,5.311,5.318,5.251,4049054.0,21504525.794,1.284509202453974,1.8213190184048988,0.09499999999999975,0.0
2023-11-07,5.298,5.32,5.344,5.288,1991878.0,10596790.96,1.054415364338167,0.16945961212577743,0.009000000000000341,0.0
2023-11-08,5.311,5.316,5.344,5.289,2098415.0,11155174.139999999,1.0338345864661767,-0.07518796992481702,-0.004000000000000448,0.0
2023-11-09,5.311,5.304,5.354,5.291,2117940.0,11233553.76,1.185101580135435,-0.22573363431150906,-0.011999999999999567,0.0
2023-11-10,5.291,5.284,5.292,5.258,2025189.0,10701098.675999999,0.6410256410256374,-0.37707390648568095,-0.020000000000000462,0.0
2023-11-13,5.291,5.315,5.318,5.269,2261440.0,12019553.600000001,0.9273277819833362,0.5866767600302802,0.031000000000000583,0.0
2023-11-14,5.315,5.339,5.351,5.306,2404463.0,12837427.957,0.8466603951081829,0.4515522107243708,0.02400000000000002,0.0
2023-11-15,5.384,5.376,5.402,5.358,2185429.0,11748866.304000001,0.8241243678591587,0.6930136729724756,0.03699999999999992,0.0
2023-11-16,5.363,5.318,5.366,5.316,1720441.0,9149305.238,0.9300595238095205,-1.0788690476190577,-0.05800000000000072,0.0
2023-11-17,5.3,5.337,5.339,5.298,2069163.0,11043122.931,0.7709665287702214,0.35727717186913033,0.019000000000000128,0.0
2023-11-20,5.34,5.369,5.383,5.313,2146588.0,11525030.972,1.3115982761851281,0.5995877833989027,0.03200000000000003,0.0
2023-11-21,5.38,5.352,5.41,5.34,1705743.0,9129136.536,1.3037809647979193,-0.3166325200223419,-0.01699999999999946,0.0
2023-11-22,5.333,5.279,5.354,5.277,2521135.0,13309071.665,1.4387144992526149,-1.3639760837070303,-0.0730000000000004,0.0
2023-11-23,5.272,5.33,5.34,5.251,2265192.0,12073473.36,1.6859253646523873,0.966092062890711,0.051000000000000156,0.0
2023-11-24,5.331,5.284,5.331,5.263,3364456.0,17777785.504,1.2757973733583583,-0.8630393996247654,-0.04600000000000026,0.0
2023-11-27,5.269,5.27,5.29,5.233,1744352.0,9192735.04,1.078728236184716,-0.26495079485239215,-0.014000000000000234,0.0
2023-11-28,5.267,5.296,5.306,5.229,1780458.0,9429305.568,1.4611005692599612,0.49335863377610867,0.02600000000000069,0.0
2023-11-29,5.291,5.267,5.3,5.251,1229943.0,6478109.781,0.9252265861027092,-0.5475830815709903,-0.028999999999999915,0.0
2023-11-30,5.266,5.248,5.268,5.211,1670089.0,8764627.072,1.0822099867096922,-0.3607366622365715,-0.019000000000000128,0.0
2023-12-01,5.242,5.275,5.288,5.224,1487487.0,7846493.925000001,1.2195121951219523,0.5144817073170715,0.027000000000000135,0.0
2023-12-04,5.278,5.263,5.299,5.262,1565727.0,8240421.200999999,0.7014218009478825,-0.22748815165877234,-0.012000000000000455,0.0
2023-12-05,5.251,5.176,5.251,5.172,1815608.0,9397587.008,1.5010450313509525,-1.653049591487743,-0.08699999999999974,0.0
2023-12-06,5.169,5.188,5.225,5.153,1904332.0,9879674.416,1.3910355486862453,0.23183925811436357,0.011999999999999567,0.0
2023-12-07,5.179,5.193,5.213,5.144,2578998.0,13392736.613999998,1.3299922898997678,0.09637625289129481,0.004999999999999893,0.0
2023-12-08,5.191,5.205,5.231,5.188,2500441.0,13014795.405,0.8280377431157356,0.23108030040439598,0.012000000000000455,0.0
2023-12-11,5.18,5.267,5.288,5.142,4031145.0,21232040.715,2.804995196926031,1.1911623439001096,0.06200000000000028,0.0
2023-12-12,5.261,5.277,5.282,5.25,1814817.0,9576789.309,0.6075564837668507,0.18986140117713823,0.009999999999999787,0.0
2023-12-13,5.268,5.218,5.268,5.21,2125359.0,11090123.262,1.0991093424294074,-1.118059503505786,-0.05900000000000016,0.0
2023-12-14,5.237,5.199,5.269,5.188,2818727.0,14654561.673,1.5523188961287928,-0.3641241855116939,-0.019000000000000128,0.0
2023-12-15,5.211,5.155,5.227,5.138,3470472.0,17890283.16,1.7118676668590194,-0.8463165993460198,-0.043999999999999595,0.0
2023-12-18,5.131,5.094,5.156,5.084,1884010.0,9597146.940000001,1.3967022308438422,-1.183317167798248,-0.06099999999999994,0.0
2023-12-19,5.094,5.085,5.116,5.052,2373215.0,12067798.275,1.2563800549666284,-0.17667844522968323,-0.009000000000000341,0.0
2023-12-20,5.093,5.023,5.097,5.017,1933870.0,9713829.01,1.5732546705998047,-1.2192723697148522,-0.06200000000000028,0.0
2023-12-21,5.001,5.037,5.062,4.96,3253046.0,16385592.702,2.030658968743785,0.27871789767071053,0.014000000000000234,0.0
2023-12-22,5.032,5.021,5.072,4.994,3356885.0,16854919.585,1.5485407980941093,-0.3176493944808456,-0.016000000000000014,0.0
2023-12-25,5.019,5.014,5.048,4.989,3139644.0,15742175.016,1.1750647281418078,-0.1394144592710589,-0.006999999999999673,0.0
2023-12-26,5.011,4.967,5.013,4.941,2543510.0,12633614.17,1.4359792580773845,-0.937375349022751,-0.0470000000000006,0.0
2023-12-27,4.97,4.983,4.998,4.932,2568572.0,12799194.275999999,1.3287698812160225,0.3221260318099439,0.016000000000000014,0.0
2023-12-28,4.982,5.086,5.104,4.972,3487194.0,17735868.684,2.64900662251655,2.067027894842477,0.10300000000000065,0.0
2023-12-29,5.089,5.13,5.146,5.082,2713357.0,13919521.41,1.258356272119545,0.8651199370821816,0.043999999999999595,0.0
2024-01-02,5.135,5.108,5.141,5.103,3092572.0,15796857.775999999,0.7407407407407457,-0.42884990253412303,-0.02200000000000024,0.0
2024-01-03,5.101,5.101,5.128,5.072,2255497.0,11505290.197,1.096319498825373,-0.13703993735316722,-0.006999999999999673,0.0
2024-01-04,5.102,5.057,5.106,5.028,2747555.0,13894385.635000002,1.529111938835528,-0.8625759654969589,-0.043999999999999595,0.0
2024-01-05,5.049,4.987,5.074,4.967,2031987.0,10133519.169,2.1158789796321966,-1.384219893217331,-0.07000000000000028,0.0
2024-01-08,4.972,4.861,4.975,4.859,2922712.0,14207303.032,2.326047724082608,-2.5265690796069884,-0.12600000000000033,0.0
2024-01-09,4.863,4.873,4.92,4.849,2220795.0,10821934.035,1.4606048138243104,0.2468627854351091,0.012000000000000455,0.0
2024-01-10,4.855,4.86,4.914,4.811,2096542.0,10189194.120000001,2.1136876667350655,-0.26677611327724504,-0.0129999999999999,0.0
2024-01-11,4.851,4.923,4.946,4.846,2695309.0,13269006.207,2.0576131687242727,1.2962962962962843,0.06299999999999972,0.0
2024-01-12,4.906,4.903,4.969,4.9,2377712.0,11657921.935999999,1.4015843997562452,-0.4062563477554404,-0.020000000000000462,0.0
2024-01-15,4.886,4.89,4.944,4.865,1577415.0,7713559.35,1.6112584132163927,-0.26514378951661977,-0.0129999999999999,0.0
2024-01-16,4.877,4.885,4.908,4.821,2390412.0,11677162.62,1.7791411042944916,-0.10224948875255935,-0.004999999999999893,0.0
2024-01-17,4.865,4.752,4.873,4.749,1981661.0,9416853.071999999,2.538382804503594,-2.722620266120779,-0.133,0.0
2024-01-18,4.747,4.757,4.764,4.613,4760788.0,22647068.516,3.1776094276094238,0.10521885521885821,0.004999999999999893,0.0
2024-01-19,4.73,4.717,4.773,4.706,3196218.0,15076560.305999998,1.4084507042253371,-0.8408660920748434,-0.040000000000000036,0.0
2024-01-22,4.699,4.481,4.706,4.431,3745535.0,16783742.335,5.829976680093288,-5.003179987280049,-0.23599999999999977,0.0
2024-01-23,4.455,4.559,4.582,4.412,3309903.0,15089847.777,3.7937960276723928,1.740682883284994,0.07800000000000029,0.0
2024-01-24,4.562,4.629,4.637,4.45,3446637.0,15954482.672999999,4.101776705417842,1.5354244351831303,0.0699999999999994,0.0
2024-01-25,4.629,4.777,4.78,4.587,3445700.0,16460108.9,4.1693670339166236,3.197234823936057,0.14800000000000058,0.0
2024-01-26,4.756,4.72,4.779,4.702,2914766.0,13757695.52,1.6118903077245124,-1.193217500523347,-0.057000000000000384,0.0
2024-01-29,4.726,4.624,4.746,4.623,1966042.0,9090978.207999999,2.6059322033898353,-2.033898305084747,-0.09600000000000009,0.0
2024-01-30,4.604,4.522,4.638,4.499,1885736.0,8527298.192,3.0060553633218046,-2.2058823529411686,-0.10199999999999942,0.0
2024-01-31,4.511,4.394,4.529,4.387,3470484.0,15249306.696,3.14020344980098,-2.8306059265811645,-0.1280000000000001,0.0
2024-02-01,4.367,4.376,4.467,4.32,3482025.0,15237341.4,3.345471096950372,-0.4096495220755503,-0.017999999999999794,0.0
2024-02-02,4.375,4.248,4.422,4.115,3845023.0,16333657.704000002,7.015539305301634,-2.925045703839124,-0.1280000000000001,0.0
2024-02-05,4.231,4.146,4.291,3.962,35130238.0,145649966.748,7.744821092278724,-2.4011299435028333,-0.10200000000000031,0.0
2024-02-06,4.094,4.524,4.541,4.076,10280444.0,46508728.656,11.215629522431279,9.117221418234456,0.3780000000000001,0.0
2024-02-07,4.552,4.836,4.846,4.514,13240326.0,64030216.536000006,7.338638373121128,6.896551724137945,0.3120000000000003,0.0
2024-02-08,4.908,4.86,5.086,4.826,16205182.0,78757184.52000001,5.376344086021519,0.496277915632759,0.02400000000000002,0.0
2024-02-19,4.911,4.826,4.911,4.756,15512755.0,74864555.63,3.1893004115226207,-0.6995884773662642,-0.034000000000000696,0.0
2024-02-20,4.797,4.826,4.839,4.76,4763525.0,22988771.65,1.6369664318276138,0.0,0.0,0.0
2024-02-21,4.792,4.823,4.951,4.776,6000901.0,28942345.523000002,3.626191462909238,-0.062163282221283644,-0.0029999999999992255,0.0
2024-02-22,4.823,4.868,4.881,4.806,2948423.0,14352923.164,1.555048724860049,0.9330292349160274,0.04499999999999993,0.0
2024-02-23,4.87,4.892,4.894,4.805,3225140.0,15777384.88,1.8282662284305755,0.49301561216106293,0.02400000000000002,0.0
2024-02-26,4.881,4.882,4.952,4.852,3868468.0,18885860.776,2.044153720359764,-0.20441537203599314,-0.010000000000000675,0.0
2024-02-27,4.871,5.009,5.011,4.856,3670872.0,18387397.848,3.174928308070468,2.6013928717738777,0.12700000000000067,0.0
2024-02-28,5.01,4.87,5.083,4.868,4803429.0,23392699.23,4.292273906967456,-2.7750049910161723,-0.13900000000000023,0.0
2024-02-29,4.852,5.042,5.055,4.852,6347472.0,32003953.823999997,4.168377823408612,3.5318275154003986,0.1719999999999997,0.0
2024-03-01,5.034,5.078,5.089,5.017,3341373.0,16967492.094,1.428004760015868,0.7140023800079387,0.036000000000000476,0.0
2024-03-04,5.072,5.076,5.096,5.014,4340663.0,22033205.387999997,1.6148089799133487,-0.03938558487595056,-0.002000000000000668,0.0
2024-03-05,5.045,5.049,5.086,5.03,14374634.0,72577527.066,1.1032308904649342,-0.5319148936170026,-0.026999999999999247,0.0
2024-03-06,5.041,5.044,5.107,4.993,3197713.0,16129264.372,2.2578728461081377,-0.09902951079423516,-0.005000000000000782,0.0
2024-03-07,5.043,4.974,5.085,4.968,2502329.0,12446584.446,2.3195876288659796,-1.387787470261681,-0.0699999999999994,0.0
2024-03-08,4.981,5.045,5.064,4.964,3050536.0,15389954.12,2.0104543626859597,1.4274225975070332,0.07099999999999973,0.0
2024-03-11,5.043,5.147,5.15,5.034,3991841.0,20546005.627,2.299306243805759,2.021803766105057,0.10200000000000031,0.0
2024-03-12,5.146,5.116,5.175,5.079,4177689.0,21373056.924,1.8651641733048392,-0.6022925976296944,-0.031000000000000583,0.0
2024-03-13,5.117,5.108,5.16,5.081,3468047.0,17714784.075999998,1.54417513682564,-0.15637216575449253,-0.008000000000000007,0.0
2024-03-14,5.099,5.085,5.142,5.044,3181945.0,16180190.325,1.9185591229444157,-0.4502740798747018,-0.022999999999999687,0.0
2024-03-15,5.074,5.16,5.161,5.048,5115451.0,26395727.16,2.2222222222222134,1.4749262536873253,0.07500000000000018,0.0
2024-03-18,5.163,5.231,5.235,5.152,3232054.0,16906874.474,1.6085271317829493,1.3759689922480556,0.07099999999999973,0.0
2024-03-19,5.221,5.172,5.226,5.168,2756072.0,14254404.384,1.1087746128847225,-1.1278914165551601,-0.05900000000000016,0.0
2024-03-20,5.173,5.186,5.202,5.154,1883091.0,9765709.925999999,0.928074245939676,0.2706883217324041,0.014000000000000234,0.0
2024-03-21,5.199,5.159,5.21,5.148,2434399.0,12559064.441,1.1955264172772904,-0.5206324720401057,-0.027000000000000135,0.0
2024-03-22,5.158,5.076,5.159,5.048,2469633.0,12535857.108,2.1515797635200578,-1.6088389222717603,-0.08300000000000018,0.0
2024-03-25,5.07,4.995,5.096,4.985,2705562.0,13514282.19,2.1867612293144165,-1.5957446808510523,-0.08099999999999952,0.0
2024-03-26,4.997,4.971,5.019,4.936,4751668.0,23620541.628,1.6616616616616655,-0.480480480480483,-0.02400000000000002,0.0
2024-03-27,4.969,4.847,4.969,4.844,3402235.0,16490633.045000002,2.5145845906256286,-2.494467913900622,-0.12399999999999967,0.0
2024-03-28,4.85,4.914,4.972,4.85,3555236.0,17470429.704,2.5170208376315406,1.3822983288632074,0.06699999999999928,0.0
2024-03-29,4.906,4.982,4.986,4.899,3831434.0,19088204.188,1.7704517704517653,1.3838013838013863,0.0680000000000005,0.0
2024-04-01,4.998,5.095,5.104,4.997,4064103.0,20706604.785,2.1477318346045804,2.268165395423516,0.11299999999999955,0.0
2024-04-02,5.094,5.073,5.1,5.042,3321813.0,16851557.349,1.1383709519136376,-0.4317958783120579,-0.021999999999999353,0.0
2024-04-03,5.067,5.07,5.077,5.039,3977985.0,20168383.950000003,0.74906367041199,-0.05913660555884048,-0.0030000000000001137,0.0
2024-04-08,5.061,4.99,5.076,4.986,3293272.0,16433427.280000001,1.7751479289940801,-1.5779092702169595,-0.08000000000000007,0.0
2024-04-09,4.985,5.035,5.037,4.98,1786721.0,8996140.235,1.1422845691382664,0.9018036072144353,0.04499999999999993,0.0
2024-04-10,5.032,4.972,5.032,4.931,1975754.0,9823448.888,2.0059582919563055,-1.2512413108242249,-0.06299999999999972,0.0
2024-04-11,4.947,4.997,5.052,4.936,3038010.0,15180935.969999999,2.333065164923565,0.5028157683024892,0.024999999999999467,0.0
2024-04-12,4.997,4.968,5.036,4.958,3122913.0,15514631.784,1.5609365619371505,-0.580348208925352,-0.028999999999999915,0.0
2024-04-15,4.961,5.039,5.075,4.914,3151158.0,15878685.161999999,3.2407407407407502,1.4291465378421853,0.07099999999999973,0.0
2024-04-16,5.007,4.891,5.04,4.874,3905146.0,19100069.086,3.2943044254812537,-2.9370906925977325,-0.1479999999999997,0.0
2024-04-17,4.899,5.032,5.035,4.899,3833425.0,19289794.6,2.7806174606419978,2.8828460437538395,0.14100000000000001,0.0
2024-04-18,5.021,5.042,5.111,4.988,3403176.0,17158813.392,2.4443561208266957,0.19872813990460259,0.009999999999999787,0.0
2024-04-19,5.024,5.005,5.062,4.981,3573340.0,17884566.7,1.6065053550178583,-0.7338357794525963,-0.03699999999999992,0.0
2024-04-22,4.997,4.96,5.041,4.951,1958489.0,9714105.44,1.7982017982018133,-0.899100899100902,-0.04499999999999993,0.0
2024-04-23,4.959,4.898,4.985,4.887,1890163.0,9258018.374,1.9758064516129183,-1.2500000000000067,-0.06200000000000028,0.0
2024-04-24,4.907,4.96,4.961,4.871,1771454.0,8786411.84,1.8374846876276003,1.2658227848101333,0.06200000000000028,0.0
2024-04-25,4.941,4.952,4.996,4.921,1926664.0,9540840.128,1.5120967741935518,-0.1612903225806428,-0.008000000000000007,0.0
2024-04-26,4.958,5.072,5.086,4.957,7970795.0,40427872.24,2.6050080775444355,2.4232633279483107,0.1200000000000001,0.0
2024-04-29,5.08,5.178,5.197,5.076,5666415.0,29340696.87,2.38564668769717,2.0899053627760233,0.10599999999999987,0.0
2024-04-30,5.176,5.14,5.186,5.137,2767038.0,14222575.319999998,0.9463113171108608,-0.7338740826574042,-0.038000000000000256,0.0
2024-05-06,5.211,5.225,5.241,5.2,5129670.0,26802525.75,0.7976653696497953,1.6536964980544688,0.08499999999999996,0.0
2024-05-07,5.221,5.224,5.242,5.204,2289327.0,11959444.248,0.7272727272727322,-0.019138755980852018,-0.0009999999999994458,0.0
2024-05-08,5.221,5.153,5.221,5.149,3975570.0,20486112.209999997,1.3782542113323135,-1.359111791730483,-0.07100000000000062,0.0
2024-05-09,5.15,5.254,5.274,5.15,2970079.0,15604795.065999998,2.4063652241412705,1.960023287405388,0.10099999999999998,0.0
2024-05-10,5.258,5.234,5.277,5.193,5121579.0,26806344.486,1.5987818804720313,-0.3806623524933328,-0.019999999999999574,0.0
2024-05-13,5.197,5.205,5.231,5.159,3272228.0,17031946.740000002,1.3756209400076436,-0.5540695452808553,-0.028999999999999915,0.0
2024-05-14,5.204,5.199,5.247,5.181,2687404.0,13971813.396,1.2680115273775185,-0.11527377521614035,-0.006000000000000227,0.0
2024-05-15,5.199,5.15,5.199,5.138,2731969.0,14069640.350000001,1.173302558184265,-0.9424889401807968,-0.04899999999999949,0.0
2024-05-16,5.166,5.124,5.188,5.106,2383653.0,12213837.972,1.5922330097087347,-0.5048543689320506,-0.02600000000000069,0.0
2024-05-17,5.137,5.202,5.205,5.118,5151667.0,26798971.734,1.6978922716627585,1.5222482435597318,0.07800000000000029,0.0
2024-05-20,5.205,5.222,5.246,5.19,5322736.0,27795327.392,1.0765090349865445,0.3844675124952124,0.020000000000000462,0.0
2024-05-21,5.204,5.182,5.216,5.162,2808569.0,14554004.558,1.0340865568747657,-0.7659900421294497,-0.040000000000000036,0.0
2024-05-22,5.177,5.176,5.191,5.159,2296000.0,11884096.0,0.6175221922037828,-0.11578541103821616,-0.006000000000000227,0.0
2024-05-23,5.163,5.081,5.163,5.06,3992422.0,20285496.182,1.9899536321483895,-1.8353941267387874,-0.09499999999999975,0.0
2024-05-24,5.059,5.029,5.115,5.022,2092201.0,10521678.829,1.8303483566227112,-1.0234205864987356,-0.05200000000000049,0.0
2024-05-27,5.043,5.081,5.085,4.992,2425547.0,12324204.307000002,1.84927420958441,1.0340027838536603,0.05200000000000049,0.0
2024-05-28,5.075,5.034,5.077,5.022,2146284.0,10804393.656,1.0824640818736413,-0.9250147608738546,-0.0470000000000006,0.0
2024-05-29,5.028,5.045,5.084,5.023,3143561.0,15859265.245,1.2117600317838686,0.2185141040921712,0.01100000000000012,0.0
2024-05-30,5.045,5.034,5.073,5.016,2025748.0,10197615.432,1.1298315163528323,-0.2180376610505519,-0.01100000000000012,0.0
2024-05-31,5.045,5.033,5.084,5.03,3021095.0,15205171.135000002,1.0727056019070198,-0.019864918553824662,-0.0009999999999994458,0.0
2024-06-03,5.027,4.992,5.041,4.951,2973093.0,14841680.256,1.788197893900273,-0.8146234849990108,-0.04100000000000037,0.0
2024-06-04,4.987,5.063,5.08,4.971,2318048.0,11736277.024,2.1834935897435894,1.4222756410256387,0.07099999999999973,0.0
2024-06-05,5.063,5.005,5.071,5.002,1862866.0,9323644.33,1.3628283626308504,-1.1455658700375237,-0.05799999999999983,0.0
2024-06-06,5.022,4.967,5.038,4.942,2534543.0,12589075.080999998,1.9180819180819197,-0.7592407592407646,-0.038000000000000256,0.0
2024-06-07,4.989,4.942,5.002,4.91,2743246.0,13557121.732,1.8522246829071802,-0.5033219247030263,-0.024999999999999467,0.0
2024-06-11,4.925,4.954,4.973,4.897,1877216.0,9299728.064,1.5378389316066294,0.2428166734115722,0.011999999999999567,0.0
2024-06-12,4.943,4.969,4.986,4.941,1893932.0,9410948.108000001,0.9083568833266035,0.30278562777554807,0.015000000000000568,0.0
2024-06-13,4.977,4.942,4.981,4.927,1952078.0,9647169.476,1.0867377742000457,-0.5433688871000264,-0.027000000000000135,0.0
2024-06-14,4.933,4.967,4.988,4.912,3141984.0,15606234.527999999,1.5378389316066472,0.5058680696074402,0.024999999999999467,0.0
2024-06-17,4.945,4.949,4.971,4.937,1440541.0,7129237.409,0.6845178175961306,-0.3623917857861869,-0.017999999999999794,0.0
2024-06-18,4.953,4.976,4.994,4.953,2480729.0,12344107.504,0.8284501919579609,0.545564760557693,0.027000000000000135,0.0
2024-06-19,4.985,4.922,4.99,4.916,1973026.0,9711233.972,1.4871382636655919,-1.0852090032154371,-0.05400000000000027,0.0
2024-06-20,4.917,4.844,4.933,4.839,1739755.0,8427373.22,1.909792767167806,-1.5847216578626422,-0.0779999999999994,0.0
2024-06-21,4.837,4.853,4.879,4.827,2661721.0,12917332.013,1.0734929810074236,0.18579686209743151,0.008999999999999453,0.0
2024-06-24,4.838,4.745,4.838,4.734,8320736.0,39481892.32,2.143004327220278,-2.2254275705749005,-0.10799999999999965,0.0
2024-06-25,4.748,4.701,4.763,4.662,5414475.0,25453446.974999998,2.1285563751317174,-0.9272918861960022,-0.04400000000000048,0.0
2024-06-26,4.69,4.77,4.78,4.668,3800469.0,18128237.13,2.382471814507554,1.467772814294821,0.06899999999999995,0.0
2024-06-27,4.751,4.686,4.757,4.682,6434058.0,30149995.788,1.5723270440251422,-1.7610062893081646,-0.08399999999999963,0.0
2024-06-28,4.676,4.694,4.763,4.67,4148317.0,19472199.998,1.984635083226632,0.17072129748185727,0.008000000000000007,0.0
2024-07-01,4.694,4.753,4.776,4.679,3095527.0,14713039.831,2.066467831273957,1.2569237324243643,0.05900000000000016,0.0
2024-07-02,4.75,4.707,4.755,4.688,1998284.0,9405922.787999999,1.4096360193561996,-0.9678098043341077,-0.04600000000000026,0.0
2024-07-03,4.701,4.664,4.712,4.658,1875123.0,8745573.672,1.14722753346079,-0.9135330359039795,-0.04300000000000015,0.0
2024-07-04,4.678,4.593,4.687,4.584,5107613.0,23459266.509,2.208404802744439,-1.5222984562607178,-0.07099999999999973,0.0
2024-07-05,4.588,4.628,4.639,4.557,2084542.0,9647260.376,1.7853254953189603,0.762029174831258,0.03500000000000014,0.0
2024-07-08,4.613,4.546,4.617,4.529,2343628.0,10654132.888,1.901469317199656,-1.7718236819360356,-0.08199999999999985,0.0
2024-07-09,4.538,4.634,4.655,4.511,3407766.0,15791587.644000001,3.1676198856137288,1.9357677078750468,0.08800000000000008,0.0
2024-07-10,4.624,4.606,4.655,4.604,1895942.0,8732708.852,1.1005610703495932,-0.6042296072507614,-0.02800000000000047,0.0
2024-07-11,4.662,4.705,4.713,4.632,2851786.0,13417653.13,1.758575770733834,2.149370386452465,0.0990000000000002,0.0
2024-07-12,4.697,4.683,4.705,4.671,1508868.0,7066028.844,0.7226354941551499,-0.46758767268862966,-0.02200000000000024,0.0
2024-07-15,4.668,4.647,4.676,4.638,4545598.0,21123393.906,0.8114456544949874,-0.768737988468926,-0.03599999999999959,0.0
2024-07-16,4.637,4.664,4.68,4.62,2187526.0,10202621.263999999,1.2911555842478935,0.36582741553690123,0.01699999999999946,0.0
2024-07-17,4.66,4.629,4.671,4.624,6147727.0,28457828.282999996,1.0077186963979545,-0.7504288164665529,-0.03500000000000014,0.0
2024-07-18,4.615,4.652,4.654,4.564,4745455.0,22075856.66,1.9442644199611119,0.4968675739900785,0.023000000000000576,0.0
2024-07-19,4.626,4.644,4.676,4.612,6176636.0,28684297.584000003,1.3757523645743779,-0.17196904557179593,-0.008000000000000007,0.0
2024-07-22,4.646,4.632,4.663,4.603,3043014.0,14095240.848,1.291989664082698,-0.25839793281654533,-0.012000000000000455,0.0
2024-07-23,4.629,4.492,4.65,4.49,2442099.0,10969908.708,3.4542314335060484,-3.0224525043177852,-0.13999999999999968,0.0
2024-07-24,4.486,4.435,4.507,4.428,3252320.0,14424039.2,1.7586821015137966,-1.2689225289403416,-0.057000000000000384,0.0
2024-07-25,4.422,4.429,4.481,4.406,2660303.0,11782481.987000002,1.6910935738444235,-0.13528748590754258,-0.005999999999999339,0.0
2024-07-26,4.431,4.504,4.518,4.43,2415192.0,10878024.768,1.9869044931135713,1.6933845111763324,0.07499999999999929,0.0
2024-07-29,4.499,4.474,4.511,4.471,1469911.0,6576381.814,0.8880994671403205,-0.6660746003552265,-0.02999999999999936,0.0
2024-07-30,4.465,4.47,4.487,4.416,2338607.0,10453573.29,1.5869468037550227,-0.08940545373268272,-0.004000000000000448,0.0
2024-07-31,4.47,4.673,4.675,4.455,5569471.0,26026137.983,4.921700223713641,4.541387024608512,0.2030000000000003,0.0
2024-08-01,4.673,4.628,4.71,4.604,3504122.0,16217076.616,2.2683500962978784,-0.9629788144660756,-0.04499999999999993,0.0
2024-08-02,4.592,4.562,4.653,4.552,2235956.0,10200431.272,2.182368193604148,-1.4261019878997416,-0.06599999999999984,0.0
2024-08-05,4.538,4.468,4.624,4.461,4152751.0,18554491.468,3.572994300745273,-2.0604997807978975,-0.0940000000000003,0.0
2024-08-06,4.517,4.519,4.55,4.464,2616120.0,11822246.280000001,1.9247985675917505,1.1414503133392984,0.051000000000000156,0.0
2024-08-07,4.516,4.521,4.56,4.486,2391677.0,10812771.717,1.6375304270856348,0.04425757911041828,0.0019999999999997797,0.0
2024-08-08,4.509,4.531,4.57,4.473,2327848.0,10547479.287999999,2.1455430214554396,0.22119000221190177,0.009999999999999787,0.0
2024-08-09,4.556,4.49,4.582,4.487,2167099.0,9730274.51,2.096667402339434,-0.9048775104833262,-0.04099999999999948,0.0
2024-08-12,4.488,4.492,4.514,4.465,2027173.0,9106061.116,1.0913140311804093,0.044543429844101645,0.0019999999999997797,0.0
2024-08-13,4.492,4.502,4.507,4.449,1900885.0,8557784.27,1.2911843276936739,0.22261798753338002,0.009999999999999787,0.0
2024-08-14,4.504,4.435,4.504,4.433,2162187.0,9589299.344999999,1.5770768547312246,-1.4882274544646856,-0.06700000000000017,0.0
2024-08-15,4.422,4.472,4.524,4.418,5371351.0,24020681.672000002,2.39007891770011,0.8342728297632718,0.03700000000000081,0.0
2024-08-16,4.47,4.444,4.484,4.438,7930053.0,35241155.532,1.028622540250453,-0.6261180679785427,-0.02800000000000047,0.0
2024-08-19,4.439,4.452,4.508,4.437,2759482.0,12285213.864,1.5976597659765917,0.18001800180018623,0.008000000000000007,0.0
2024-08-20,4.46,4.37,4.46,4.356,3508603.0,15332595.110000001,2.336028751123093,-1.8418688230008917,-0.08199999999999985,0.0
2024-08-21,4.365,4.361,4.381,4.355,1320021.0,5756611.580999999,0.5949656750572037,-0.2059496567505814,-0.009000000000000341,0.0
2024-08-22,4.363,4.305,4.371,4.296,4023252.0,17320099.86,1.7197890392111943,-1.2841091492776902,-0.05600000000000005,0.0
2024-08-23,4.301,4.306,4.324,4.288,1584263.0,6821836.478,0.8362369337978999,0.023228803716612845,0.001000000000000334,0.0
2024-08-26,4.31,4.311,4.333,4.294,1009724.0,4352920.164,0.9057129586623454,0.11611704598235573,0.004999999999999893,0.0
2024-08-27,4.295,4.265,4.303,4.262,2339918.0,9979750.27,0.9510554395731934,-1.0670378102528466,-0.04600000000000026,0.0
2024-08-28,4.264,4.266,4.303,4.253,2723424.0,11618126.784,1.1723329425556817,0.023446658851122848,0.001000000000000334,0.0
2024-08-29,4.254,4.33,4.353,4.246,4365292.0,18901714.36,2.5082044069385683,1.5002344116268107,0.06400000000000006,0.0
2024-08-30,4.326,4.41,4.485,4.322,6989480.0,30823606.8,3.764434180138574,1.8475750577367167,0.08000000000000007,0.0
2024-09-02,4.398,4.315,4.407,4.313,4362037.0,18822189.655,2.131519274376424,-2.154195011337867,-0.09499999999999975,0.0
2024-09-03,4.314,4.364,4.388,4.313,2944586.0,12850173.304,1.7381228273464697,1.1355735805330225,0.04899999999999949,0.0
2024-09-04,4.338,4.352,4.398,4.32,2212121.0,9627150.592,1.7873510540788131,-0.274977085242889,-0.011999999999999567,0.0
2024-09-05,4.378,4.373,4.406,4.353,1695282.0,7413468.186000001,1.2178308823529396,0.4825367647058876,0.020999999999999908,0.0
2024-09-06,4.388,4.309,4.391,4.302,2268192.0,9773639.328,2.035216098788027,-1.4635261833981228,-0.06400000000000006,0.0
2024-09-09,4.298,4.276,4.318,4.259,1803374.0,7711227.223999999,1.3692271988860356,-0.7658389417498301,-0.03300000000000036,0.0
2024-09-10,4.285,4.274,4.301,4.198,2775346.0,11861828.804,2.40879326473339,-0.046772684752094396,-0.0019999999999997797,0.0
2024-09-11,4.254,4.286,4.302,4.247,1792621.0,7683173.606,1.2868507253158568,0.2807674309780017,0.011999999999999567,0.0
2024-09-12,4.294,4.268,4.343,4.264,2424416.0,10347407.488,1.843210452636485,-0.41997200186654204,-0.017999999999999794,0.0
2024-09-13,4.272,4.22,4.281,4.218,1858175.0,7841498.5,1.4761012183692532,-1.1246485473289658,-0.04800000000000004,0.0
2024-09-18,4.225,4.235,4.248,4.161,2100924.0,8897413.14,2.061611374407598,0.35545023696683664,0.015000000000000568,0.0
2024-09-19,4.244,4.298,4.342,4.204,4296814.0,18467706.572,3.2585596221959836,1.4876033057851235,0.06299999999999972,0.0
2024-09-20,4.283,4.266,4.288,4.24,2651260.0,11310275.16,1.1167985109353196,-0.7445323406235493,-0.03200000000000003,0.0
2024-09-23,4.257,4.265,4.321,4.248,2503894.0,10679107.909999998,1.7112048757618266,-0.02344116268168106,-0.001000000000000334,0.0
2024-09-24,4.318,4.477,4.478,4.277,8622586.0,38603317.522,4.712778429073849,4.970691676436112,0.21200000000000063,0.0
2024-09-25,4.548,4.511,4.627,4.499,7069312.0,31889666.432,2.8590574045119523,0.759437123073492,0.03399999999999981,0.0
2024-09-26,4.493,4.759,4.765,4.492,11789570.0,56106563.63,6.051873198847256,5.497672356461991,0.24800000000000022,0.0
2024-09-27,4.841,5.191,5.264,4.803,6199223.0,32180166.593,9.68690901449885,9.077537297751626,0.4319999999999995,0.0
2024-09-30,5.487,5.693,5.74,5.199,19862373.0,113076489.489,10.42188403005202,9.67058370256213,0.5019999999999998,0.0
2024-10-08,6.293,5.944,6.293,5.694,25698267.0,152750499.048,10.521693307570706,4.408923239065521,0.25100000000000033,0.0
2024-10-09,5.739,5.561,5.882,5.469,13624744.0,75767201.384,6.948183041722735,-6.4434724091520845,-0.383,0.0
2024-10-10,5.568,5.487,5.685,5.397,7292272.0,40012696.464,5.178924653839227,-1.3306959180003575,-0.07399999999999984,0.0
2024-10-11,5.43,5.254,5.45,5.183,7865974.0,41327827.396,4.86604702022964,-4.246400583196652,-0.23300000000000054,0.0
2024-10-14,5.268,5.391,5.415,5.189,7598652.0,40964332.932000004,4.301484583174724,2.6075371145793724,0.13700000000000045,0.0
2024-10-15,5.353,5.249,5.448,5.238,7531380.0,39532213.62,3.8953811908736777,-2.6340196624003,-0.14200000000000035,0.0
2024-10-16,5.195,5.244,5.342,5.185,5724795.0,30020824.98,2.9910459135073357,-0.09525623928366977,-0.004999999999999893,0.0
2024-10-17,5.274,5.2,5.331,5.198,6486966.0,33732223.2,2.536231884057971,-0.8390541571319576,-0.043999999999999595,0.0
2024-10-18,5.203,5.435,5.629,5.195,11392536.0,61918433.16,8.346153846153832,4.519230769230753,0.23499999999999943,0.0
2024-10-21,5.459,5.491,5.589,5.416,6958180.0,38207366.379999995,3.183072677092917,1.0303587856485663,0.05600000000000005,0.0
2024-10-22,5.478,5.544,5.567,5.457,4319804.0,23948993.376,2.003278091422333,0.9652158076852935,0.052999999999999936,0.0
2024-10-23,5.544,5.567,5.654,5.517,4872250.0,27123815.75,2.4711399711399635,0.4148629148629235,0.023000000000000576,0.0
2024-10-24,5.536,5.516,5.55,5.481,3521886.0,19426723.176,1.2394467397161837,-0.9161128076163094,-0.051000000000000156,0.0
2024-10-25,5.526,5.605,5.643,5.519,3873432.0,21710586.360000003,2.2480058013052875,1.6134880348078307,0.08900000000000041,0.0
2024-10-28,5.598,5.673,5.676,5.574,5321029.0,30186197.517,1.819803746654778,1.2132024977698386,0.06799999999999962,0.0
2024-10-29,5.688,5.614,5.711,5.594,6047604.0,33951248.856,2.0624008461131673,-1.040014101886133,-0.05900000000000016,0.0
2024-10-30,5.597,5.632,5.665,5.564,6930217.0,39030982.144,1.7990737442109008,0.32062700391877197,0.017999999999999794,0.0
2024-10-31,5.624,5.698,5.743,5.6,6242413.0,35569269.274000004,2.539062500000012,1.1718750000000222,0.06600000000000072,0.0
2024-11-01,5.689,5.644,5.725,5.594,3911259.0,22075145.796,2.299052299052287,-0.9477009477009579,-0.05400000000000027,0.0
2024-11-04,5.644,5.731,5.733,5.64,2684838.0,15386806.578,1.6477675407512395,1.541459957476965,0.08699999999999974,0.0
2024-11-05,5.732,5.914,5.938,5.702,5750979.0,34011289.806,4.1179549816785865,3.1931600069795785,0.18299999999999983,0.0
2024-11-06,5.918,5.921,6.005,5.878,5013235.0,29683364.435000002,2.1474467365573178,0.1183632059519768,0.007000000000000561,0.0
2024-11-07,5.888,6.041,6.048,5.868,4380400.0,26461996.400000002,3.040027022462417,2.0266846816416217,0.1200000000000001,0.0
2024-11-08,6.099,6.024,6.136,6.003,5623583.0,33876463.992,2.20162224797219,-0.2814103625227715,-0.017000000000000348,0.0
2024-11-11,5.984,6.13,6.133,5.98,4904753.0,30066135.89,2.539840637450192,1.7596281540504632,0.10599999999999987,0.0
2024-11-12,6.138,6.07,6.18,6.007,4347827.0,26391309.89,2.822185970636216,-0.9787928221859588,-0.05999999999999961,0.0
2024-11-13,6.032,6.051,6.074,5.959,2816386.0,17041951.686,1.894563426688636,-0.313014827018121,-0.019000000000000128,0.0
2024-11-14,6.041,5.879,6.041,5.868,5207919.0,30617355.801,2.859031565030574,-2.842505371013071,-0.1720000000000006,0.0
2024-11-15,5.867,5.719,5.892,5.717,7541458.0,43129598.302,2.9766967171287755,-2.7215512842320044,-0.15999999999999925,0.0
2024-11-18,5.728,5.629,5.766,5.589,6454073.0,36329976.916999996,3.0949466689980696,-1.5737016961007266,-0.09000000000000075,0.0
2024-11-19,5.632,5.722,5.727,5.572,7039411.0,40279509.742000006,2.7535974418191556,1.6521584650915022,0.09300000000000086,0.0
2024-11-20,5.708,5.783,5.807,5.688,5387512.0,31155981.896,2.0796924152394385,1.066060817895842,0.06099999999999994,0.0
2024-11-21,5.772,5.778,5.802,5.732,1893214.0,10938990.491999999,1.2104444060176274,-0.08646031471556404,-0.005000000000000782,0.0
2024-11-22,5.766,5.538,5.772,5.534,2633179.0,14582545.302000001,4.119072343371417,-4.1536863966770365,-0.23999999999999932,0.0
2024-11-25,5.553,5.523,5.563,5.455,2286011.0,12625638.752999999,1.950162513542789,-0.2708559046587289,-0.015000000000000568,0.0
2024-11-26,5.508,5.483,5.561,5.478,1899722.0,10416175.726,1.5028064457722285,-0.7242440702516784,-0.040000000000000036,0.0
2024-11-27,5.48,5.594,5.605,5.398,3402143.0,19031587.942,3.775305489695436,2.0244391756337965,0.11100000000000065,0.0
2024-11-28,5.587,5.556,5.616,5.537,2622950.0,14573110.2,1.4122273864855155,-0.6792992491955752,-0.038000000000000256,0.0
2024-11-29,5.551,5.642,5.701,5.529,4044346.0,22818200.132000003,3.0957523398128095,1.5478761699064147,0.0860000000000003,0.0
2024-12-02,5.644,5.734,5.76,5.637,3653448.0,20948870.832,2.180077986529603,1.6306274370790463,0.09199999999999964,0.0
2024-12-03,5.736,5.724,5.756,5.675,2970411.0,17002632.564,1.4126264387861946,-0.17439832577607062,-0.009999999999999787,0.0
2024-12-04,5.718,5.679,5.74,5.646,2643418.0,15011970.822,1.6422082459818361,-0.7861635220125729,-0.04499999999999993,0.0
2024-12-05,5.663,5.696,5.72,5.646,1955047.0,11135947.712,1.3030463109702384,0.2993484768444965,0.01699999999999946,0.0
2024-12-06,5.694,5.774,5.816,5.666,5358862.0,30942069.188,2.6334269662921255,1.369382022471921,0.07800000000000029,0.0
2024-12-09,5.773,5.741,5.796,5.702,4031534.0,23145036.694,1.627987530308284,-0.5715275372358941,-0.03300000000000036,0.0
2024-12-10,5.978,5.793,5.981,5.775,5552326.0,32164624.518,3.5882250479010542,0.9057655460721126,0.05200000000000049,0.0
2024-12-11,5.779,5.839,5.851,5.776,5613923.0,32779696.397000004,1.2946659761781492,0.7940617987226117,0.04600000000000026,0.0
2024-12-12,5.838,5.895,5.914,5.821,4293467.0,25309987.965,1.5927384826168858,0.9590683336187622,0.05599999999999916,0.0
2024-12-13,5.836,5.797,5.859,5.778,7779196.0,45095999.212,1.3740458015267245,-1.6624257845631818,-0.09799999999999986,0.0
2024-12-16,5.788,5.703,5.795,5.684,4533264.0,25853204.592,1.9147835087113985,-1.6215283767465838,-0.09399999999999942,0.0
2024-12-17,5.699,5.639,5.716,5.63,4412301.0,24880965.339,1.507978257057694,-1.1222163773452531,-0.06400000000000006,0.0
2024-12-18,5.653,5.677,5.716,5.638,2669874.0,15156874.697999999,1.3832239758822538,0.6738783472246768,0.03799999999999937,0.0
2024-12-19,5.629,5.695,5.714,5.605,3254784.0,18535994.880000003,1.9200281838999471,0.3170688744055017,0.018000000000000682,0.0
2024-12-20,5.685,5.707,5.748,5.677,4144643.0,23653477.601,1.246707638279203,0.21071115013169273,0.011999999999999567,0.0
2024-12-23,5.708,5.613,5.723,5.609,4681949.0,26279779.737000003,1.9975468722621321,-1.6471000525670076,-0.09399999999999942,0.0
2024-12-24,5.614,5.68,5.689,5.613,4469854.0,25388770.72,1.3539996436842976,1.193657580616403,0.06699999999999928,0.0
2024-12-25,5.681,5.63,5.681,5.582,4826393.0,27172592.59,1.7429577464788768,-0.8802816901408383,-0.04999999999999982,0.0
2024-12-26,5.63,5.675,5.686,5.625,2742466.0,15563494.549999999,1.083481349911189,0.799289520426294,0.04499999999999993,0.0
2024-12-27,5.665,5.689,5.773,5.665,3076206.0,17500535.934,1.9030837004405226,0.24669603524229977,0.014000000000000234,0.0
2024-12-30,5.686,5.687,5.719,5.656,1887245.0,10732762.315000001,1.1074002460889543,-0.035155563367894604,-0.0019999999999997797,0.0
2024-12-31,5.687,5.509,5.697,5.506,7477379.0,41192880.911000006,3.358537014243007,-3.1299454897133816,-0.17799999999999994,0.0
2025-01-02,5.505,5.335,5.507,5.277,4351665.0,23216132.775,4.17498638591395,-3.1584679615175193,-0.17400000000000038,0.0
2025-01-03,5.33,5.221,5.363,5.202,4461330.0,23292603.93,3.0178069353327173,-2.136832239925024,-0.11399999999999988,0.0
2025-01-06,5.213,5.208,5.266,5.169,3302311.0,17198435.688,1.857881631871297,-0.24899444550852134,-0.0129999999999999,0.0
2025-01-07,5.209,5.266,5.267,5.182,4055360.0,21355525.76,1.6321044546850991,1.113671274961603,0.05799999999999983,0.0
2025-01-08,5.248,5.243,5.29,5.108,4236655.0,22212782.165000003,3.456133687808591,-0.43676414736042446,-0.022999999999999687,0.0
2025-01-09,5.223,5.239,5.277,5.219,2684390.0,14063519.209999999,1.1062368872782724,-0.07629219912265173,-0.004000000000000448,0.0
2025-01-10,5.235,5.157,5.284,5.154,2313565.0,11931054.705,2.48138957816377,-1.5651841954571477,-0.08199999999999985,0.0
2025-01-13,5.109,5.166,5.207,5.108,2985827.0,15424782.282000002,1.919720767888311,0.17452006980802626,0.009000000000000341,0.0
2025-01-14,5.179,5.353,5.373,5.154,5016496.0,26853303.088,4.239256678281074,3.619821912504828,0.1869999999999994,0.0
2025-01-15,5.343,5.308,5.35,5.297,4353645.0,23109147.66,0.9900990099009889,-0.8406501027461211,-0.04499999999999993,0.0
2025-01-16,5.331,5.326,5.422,5.289,5068270.0,26993606.02,2.5056518462697817,0.33911077618689056,0.017999999999999794,0.0
2025-01-17,5.299,5.37,5.41,5.299,2755505.0,14797061.85,2.0841156590311636,0.8261359369132748,0.04400000000000048,0.0
2025-01-20,5.404,5.397,5.455,5.382,3234081.0,17454335.157,1.3594040968342718,0.5027932960893988,0.027000000000000135,0.0
2025-01-21,5.419,5.417,5.434,5.356,3450430.0,18690979.31,1.445247359644252,0.37057624606262607,0.019999999999999574,0.0
2025-01-22,5.4,5.396,5.408,5.348,3212695.0,17335702.22,1.1076241462063965,-0.3876684511722295,-0.020999999999999908,0.0
2025-01-23,5.439,5.373,5.513,5.369,4192641.0,22527060.093000002,2.66864343958488,-0.42624166048924605,-0.022999999999999687,0.0
2025-01-24,5.358,5.441,5.452,5.357,5009241.0,27255280.281,1.7680997580495021,1.2655871952354403,0.06799999999999962,0.0
2025-01-27,5.448,5.374,5.464,5.371,4883961.0,26246406.413999997,1.7092446241499721,-1.2313912883661127,-0.06700000000000017,0.0
2025-02-05,5.427,5.397,5.432,5.371,2639928.0,14247691.416000001,1.1350949013769995,0.42798660215854767,0.023000000000000576,0.0
2025-02-06,5.387,5.529,5.538,5.379,4672607.0,25834844.103,2.9460811561979003,2.445803224013332,0.13199999999999967,0.0
2025-02-07,5.533,5.62,5.685,5.523,4842323.0,27213855.26,2.9300054259359727,1.6458672454331635,0.09100000000000019,0.0
2025-02-10,5.632,5.671,5.68,5.619,4069189.0,23076370.819000002,1.0854092526690382,0.9074733096085419,0.051000000000000156,0.0
2025-02-11,5.67,5.648,5.688,5.608,2711553.0,15314851.343999999,1.4106859460412637,-0.4055722094868708,-0.023000000000000576,0.0
2025-02-12,5.628,5.725,5.732,5.628,2615958.0,14976359.549999999,1.8413597733711065,1.3633144475920567,0.07699999999999996,0.0
2025-02-13,5.723,5.696,5.744,5.675,2836255.0,16155308.479999999,1.2052401746724883,-0.5065502183406068,-0.028999999999999915,0.0
2025-02-14,5.68,5.742,5.751,5.675,3231129.0,18553142.718,1.3342696629213573,0.8075842696629199,0.04600000000000026,0.0
2025-02-17,5.762,5.733,5.771,5.689,3692692.0,21170203.235999998,1.4280738418669428,-0.15673981191223207,-0.009000000000000341,0.0
2025-02-18,5.712,5.633,5.736,5.599,3047851.0,17168544.683,2.3896738182452393,-1.7442874585731682,-0.09999999999999964,0.0
2025-02-19,5.622,5.726,5.734,5.619,3187797.0,18253325.622,2.041540919581044,1.6509852654003287,0.09299999999999997,0.0
2025-02-20,5.724,5.741,5.764,5.703,3821242.0,21937750.321999997,1.0653161019909176,0.2619629758993991,0.01499999999999968,0.0
2025-02-21,5.756,5.843,5.857,5.728,3384487.0,19775557.541,2.246995296986596,1.7766939557568362,0.10200000000000031,0.0
2025-02-24,5.837,5.825,5.859,5.788,4034275.0,23499651.875,1.21512921444463,-0.30806092760568005,-0.017999999999999794,0.0
2025-02-25,5.776,5.762,5.824,5.744,2809776.0,16189929.311999999,1.3733905579399153,-1.081545064377698,-0.06300000000000061,0.0
2025-02-26,5.776,5.834,5.845,5.754,3356211.0,19580134.974,1.5793127386324226,1.249566122874013,0.07200000000000006,0.0
2025-02-27,5.823,5.818,5.847,5.728,3013502.0,17532554.636,2.039766883784722,-0.27425437092903904,-0.016000000000000014,0.0
2025-02-28,5.78,5.656,5.789,5.636,3140821.0,17764483.575999998,2.6297696803025024,-2.7844620144379495,-0.16199999999999992,0.0
2025-03-03,5.656,5.666,5.753,5.64,2773490.0,15714594.340000002,1.9978783592645057,0.17680339462518013,0.010000000000000675,0.0
2025-03-04,5.628,5.718,5.733,5.621,2026357.0,11586709.326,1.97670314154605,0.9177550300035309,0.0519999999999996,0.0
2025-03-05,5.721,5.733,5.743,5.67,2454551.0,14071940.883,1.2766701643931515,0.2623294858342007,0.01499999999999968,0.0
2025-03-06,5.759,5.828,5.854,5.755,4029340.0,23482993.52,1.726844583987445,1.6570730856445337,0.09500000000000064,0.0
2025-03-07,5.81,5.802,5.849,5.776,3157096.0,18317470.992,1.252573781743315,-0.4461221688400907,-0.02600000000000069,0.0
2025-03-10,5.797,5.795,5.82,5.75,3345878.0,19389363.009999998,1.2064805239572611,-0.12064805239572207,-0.006999999999999673,0.0
2025-03-11,5.735,5.825,5.828,5.732,1617295.0,9420743.375,1.6566005176876633,0.5176876617773996,0.03000000000000025,0.0
2025-03-12,5.838,5.829,5.887,5.82,2047492.0,11934830.867999999,1.1502145922746656,0.06866952789699177,0.0039999999999995595,0.0
2025-03-13,5.819,5.778,5.837,5.729,2125910.0,12283507.979999999,1.8528049408131697,-0.8749356664951136,-0.051000000000000156,0.0
2025-03-14,5.781,5.887,5.889,5.761,4824885.0,28404097.994999997,2.215299411561096,1.8864659051574861,0.10899999999999999,0.0
2025-03-17,5.899,5.889,5.91,5.876,3835627.0,22588007.403,0.5775437404450452,0.033973161202660584,0.002000000000000668,0.0
2025-03-18,5.901,5.915,5.955,5.897,1786536.0,10567360.44,0.9848870776023064,0.44150110375276164,0.0259999999999998,0.0
2025-03-19,5.904,5.891,5.915,5.857,1508335.0,8885601.485,0.9805579036348239,-0.4057480980557915,-0.02400000000000002,0.0
2025-03-20,5.888,5.849,5.894,5.844,2623956.0,15347518.644000001,0.8487523340689156,-0.7129519606178913,-0.041999999999999815,0.0
2025-03-21,5.822,5.757,5.855,5.739,2455737.0,14137677.909,1.9832449991451624,-1.572918447597893,-0.09200000000000053,0.0
2025-03-24,5.759,5.75,5.768,5.672,2315640.0,13314930.0,1.6675351745700902,-0.12159110647906868,-0.006999999999999673,0.0
2025-03-25,5.746,5.73,5.773,5.71,1978020.0,11334054.600000001,1.0956521739130387,-0.3478260869565153,-0.019999999999999574,0.0
2025-03-26,5.722,5.73,5.772,5.722,1918078.0,10990586.940000001,0.8726003490401365,0.0,0.0,0.0
2025-03-27,5.726,5.745,5.789,5.673,2122545.0,12194021.025,2.024432809773118,0.2617801047120283,0.01499999999999968,0.0
2025-03-28,5.742,5.698,5.761,5.686,1995542.0,11370598.316000002,1.3054830287206296,-0.8181026979982575,-0.04699999999999971,0.0
2025-03-31,5.67,5.643,5.697,5.585,1817963.0,10258765.208999999,1.9656019656019672,-0.9652509652509744,-0.055000000000000604,0.0
2025-04-01,5.653,5.675,5.719,5.648,1740931.0,9879783.424999999,1.2581959950381112,0.5670742512847715,0.03200000000000003,0.0
2025-04-02,5.668,5.682,5.727,5.658,1784233.0,10138011.906000001,1.2158590308370036,0.12334801762114989,0.007000000000000561,0.0
2025-04-03,5.634,5.631,5.696,5.605,2664772.0,15005331.132000001,1.6015487504399735,-0.8975712777191114,-0.051000000000000156,0.0
2025-04-07,5.409,5.069,5.451,5.047,4617801.0,23407633.269,7.1745693482507535,-9.980465281477535,-0.5620000000000003,0.0
2025-04-08,5.101,5.102,5.16,5.039,30285654.0,154517406.708,2.387058591438162,0.6510159794831383,0.03300000000000036,0.0
2025-04-09,5.044,5.217,5.246,4.928,3538250.0,18459050.25,6.232849862798912,2.254018032144245,0.11499999999999932,0.0
2025-04-10,5.292,5.324,5.398,5.29,2669818.0,14214111.032,2.070155261644617,2.050987157370132,0.1070000000000002,0.0
2025-04-11,5.299,5.362,5.417,5.298,2220743.0,11907623.966,2.2351615326821896,0.7137490608565056,0.038000000000000256,0.0
2025-04-14,5.404,5.406,5.441,5.389,2150627.0,11626289.561999999,0.9697873927638866,0.8205893323386615,0.043999999999999595,0.0
2025-04-15,5.404,5.383,5.408,5.351,3207385.0,17265353.455,1.0543840177580537,-0.42545320014797383,-0.022999999999999687,0.0
2025-04-16,5.347,5.334,5.37,5.279,6661825.0,35534174.55,1.6905071521456472,-0.9102730819245841,-0.04900000000000038,0.0
2025-04-17,5.313,5.337,5.392,5.309,2247617.0,11995531.929,1.5560554930633705,0.05624296962880582,0.0030000000000001137,0.0
2025-04-18,5.329,5.339,5.365,5.308,2950684.0,15753701.876000002,1.0680157391793215,0.037474236462453625,0.002000000000000668,0.0
2025-04-21,5.333,5.421,5.43,5.311,2567589.0,13918899.969,2.228881813073605,1.5358681401011376,0.08199999999999985,0.0
2025-04-22,5.408,5.406,5.434,5.396,1434074.0,7752604.044,0.7009776793949503,-0.2767017155506424,-0.015000000000000568,0.0
2025-04-23,5.428,5.417,5.472,5.397,2331671.0,12630661.807,1.3873473917869068,0.20347761746208892,0.01100000000000012,0.0
2025-04-24,5.417,5.394,5.433,5.366,1605892.0,8662181.448,1.2368469632638024,-0.4245892560457709,-0.022999999999999687,0.0
2025-04-25,5.399,5.41,5.451,5.381,2041463.0,11044314.83,1.2977382276603522,0.29662588060808126,0.016000000000000014,0.0
2025-04-28,5.409,5.384,5.414,5.365,2026017.0,10908075.528,0.9057301293900091,-0.48059149722735617,-0.0259999999999998,0.0
2025-04-29,5.359,5.387,5.411,5.353,1247374.0,6719603.738,1.0772659732540828,0.055720653788982055,0.0029999999999992255,0.0
2025-04-30,5.387,5.415,5.431,5.386,2073912.0,11230233.48,0.8353443475032474,0.5197698162242581,0.02800000000000047,0.0
2025-05-06,5.444,5.522,5.524,5.442,1856919.0,10253906.718,1.5143120960295449,1.9759926131117211,0.1070000000000002,0.0
2025-05-07,5.587,5.532,5.634,5.497,2232101.0,12347982.732,2.4809851503078675,0.1810938065918144,0.009999999999999787,0.0
2025-05-08,5.518,5.556,5.574,5.513,2288960.0,12717461.76,1.1026753434562535,0.433839479392617,0.02400000000000002,0.0
2025-05-09,5.549,5.509,5.55,5.489,1686336.0,9290025.024,1.0979121670266367,-0.8459323254139561,-0.04699999999999971,0.0
2025-05-12,5.534,5.581,5.586,5.526,1705953.0,9520923.693,1.0891268832819112,1.3069522599382877,0.07200000000000006,0.0
2025-05-13,5.614,5.567,5.615,5.553,1977886.0,11010891.362,1.1109120229349627,-0.2508511019530646,-0.014000000000000234,0.0
2025-05-14,5.564,5.587,5.628,5.535,2413135.0,13482185.245,1.6705586491826832,0.35925992455541067,0.019999999999999574,0.0
2025-05-15,5.57,5.51,5.576,5.499,1923033.0,10595911.83,1.378199391444424,-1.3781993914444235,-0.07699999999999996,0.0
2025-05-16,5.495,5.5,5.524,5.492,1753816.0,9645988.0,0.5807622504537211,-0.1814882032667886,-0.009999999999999787,0.0
2025-05-19,5.499,5.514,5.519,5.454,1410520.0,7777607.28,1.181818181818189,0.25454545454546285,0.014000000000000234,0.0
2025-05-20,5.517,5.538,5.553,5.491,1167503.0,6465631.614,1.124410591222348,0.43525571273121955,0.02400000000000002,0.0
2025-05-21,5.528,5.545,5.553,5.52,828511.0,4594093.495,0.5958829902491939,0.12639942217407274,0.006999999999999673,0.0
2025-05-22,5.522,5.5,5.554,5.493,1393033.0,7661681.5,1.1000901713255173,-0.8115419296663595,-0.04499999999999993,0.0
2025-05-23,5.496,5.451,5.536,5.449,1908861.0,10405201.310999999,1.5818181818181773,-0.8909090909090978,-0.04900000000000038,0.0
2025-05-26,5.446,5.46,5.493,5.434,1681779.0,9182513.34,1.0823702073014156,0.1651073197578512,0.009000000000000341,0.0
2025-05-27,5.461,5.446,5.467,5.422,2079550.0,11325229.299999999,0.8241758241758228,-0.2564102564102555,-0.014000000000000234,0.0
2025-05-28,5.446,5.436,5.459,5.423,1296504.0,7047795.744,0.6610356224752036,-0.1836210062431065,-0.009999999999999787,0.0
2025-05-29,5.439,5.516,5.528,5.438,3204956.0,17678537.296,1.655629139072845,1.471670345842524,0.08000000000000007,0.0
2025-05-30,5.499,5.483,5.5,5.46,3345407.0,18342866.581,0.7251631617113857,-0.5982596084118996,-0.03300000000000036,0.0
2025-06-03,5.469,5.492,5.519,5.455,1375063.0,7551845.996,1.167244209374431,0.164143716943288,0.009000000000000341,0.0
2025-06-04,5.493,5.538,5.552,5.493,1095253.0,6065511.114,1.0742898761835267,0.8375819373634519,0.04600000000000026,0.0
2025-06-05,5.545,5.573,5.588,5.522,1685858.0,9395286.634000001,1.191765980498372,0.6319971108703637,0.03500000000000014,0.0
2025-06-06,5.572,5.574,5.583,5.559,1010747.0,5633903.778,0.4306477660147141,0.017943656917274176,0.0009999999999994458,0.0
2025-06-09,5.584,5.614,5.641,5.578,1958622.0,10995703.908,1.1302475780408991,0.7176175098672521,0.040000000000000036,0.0
2025-06-10,5.614,5.566,5.618,5.531,1825379.0,10160059.514,1.5496971856074213,-0.8550053437833993,-0.04800000000000004,0.0
2025-06-11,5.566,5.603,5.637,5.566,2303796.0,12908168.988,1.2756018684872392,0.6647502694933527,0.03699999999999992,0.0
2025-06-12,5.598,5.614,5.624,5.575,922337.0,5177999.918,0.8745315009816078,0.19632339817954314,0.01100000000000012,0.0
2025-06-13,5.603,5.565,5.611,5.543,1596903.0,8886765.195,1.2112575703598079,-0.872817955112215,-0.04899999999999949,0.0
2025-06-16,5.544,5.586,5.601,5.544,1802021.0,10066089.306,1.0242587601078235,0.37735849056603765,0.020999999999999908,0.0
2025-06-17,5.591,5.574,5.597,5.558,2235067.0,12458263.458,0.6981740064446936,-0.21482277121375182,-0.012000000000000455,0.0
2025-06-18,5.575,5.565,5.579,5.529,1501328.0,8354890.32,0.8970218873340479,-0.16146393972011897,-0.008999999999999453,0.0
2025-06-19,5.552,5.507,5.574,5.484,2202724.0,12130401.068,1.6172506738544448,-1.042228212039542,-0.05800000000000072,0.0
2025-06-20,5.502,5.468,5.518,5.467,3236440.0,17696853.919999998,0.9260940621027811,-0.7081895769021185,-0.0389999999999997,0.0
2025-06-23,5.457,5.501,5.515,5.45,1917814.0,10549894.814000001,1.1887344550109638,0.603511338697893,0.03300000000000036,0.0
2025-06-24,5.512,5.593,5.597,5.512,3842874.0,21493194.282,1.545173604799143,1.6724231957825797,0.09199999999999964,0.0
2025-06-25,5.601,5.702,5.708,5.597,3724601.0,21237674.902,1.9846236366887138,1.9488646522438868,0.10899999999999999,0.0
2025-06-26,5.694,5.677,5.715,5.674,2343963.0,13306677.951,0.7190459487898893,-0.43844265170116525,-0.025000000000000355,0.0
2025-06-27,5.683,5.699,5.747,5.674,2229407.0,12705390.492999999,1.2858904350889468,0.3875286242733811,0.02200000000000024,0.0
2025-06-30,5.706,5.752,5.757,5.705,2444974.0,14063490.447999999,0.9124407790840429,0.9299877171433657,0.052999999999999936,0.0
2025-07-01,5.739,5.771,5.773,5.723,1382361.0,7977605.331,0.8692628650904003,0.3303198887343539,0.019000000000000128,0.0
2025-07-02,5.75,5.736,5.755,5.718,1297455.0,7442201.88,0.6411367180731229,-0.6064806792583588,-0.03500000000000014,0.0
2025-07-03,5.736,5.76,5.767,5.724,1197558.0,6897934.08,0.7496513249651351,0.4184100418409997,0.02400000000000002,0.0
2025-07-04,5.747,5.752,5.814,5.729,1626178.0,9353775.855999999,1.475694444444444,-0.1388888888888884,-0.008000000000000007,0.0
2025-07-07,5.746,5.74,5.755,5.73,787038.0,4517598.12,0.43463143254519243,-0.20862308762168436,-0.011999999999999567,0.0
2025-07-08,5.74,5.82,5.828,5.737,1674850.0,9747627.0,1.5853658536585398,1.3937282229965264,0.08000000000000007,0.0
2025-07-09,5.821,5.794,5.833,5.789,1531960.0,8876176.24,0.7560137457044755,-0.44673539518901295,-0.02600000000000069,0.0
2025-07-10,5.794,5.827,5.85,5.786,1303243.0,7593996.961,1.1045909561615475,0.5695547117708033,0.03300000000000036,0.0
2025-07-11,5.824,5.879,5.914,5.806,2491185.0,14645676.614999998,1.8534408786682623,0.8923974600995255,0.0519999999999996,0.0
2025-07-14,5.877,5.868,5.888,5.859,1168520.0,6856875.36,0.4932811702670508,-0.1871066507909358,-0.010999999999999233,0.0
2025-07-15,5.855,5.866,5.9,5.818,1582649.0,9283819.034,1.397409679618281,-0.034083162917530885,-0.002000000000000668,0.0
2025-07-16,5.863,5.865,5.917,5.844,1641379.0,9626687.835,1.2444595976815465,-0.01704739174904768,-0.0009999999999994458,0.0
2025-07-17,5.864,5.935,5.937,5.858,1181068.0,7009638.579999999,1.3469735720375213,1.1935208866155067,0.0699999999999994,0.0
2025-07-18,5.937,5.954,5.972,5.924,1608246.0,9575496.684,0.8087615838247691,0.32013479359731534,0.019000000000000128,0.0
2025-07-21,5.96,6.015,6.017,5.959,2550110.0,15338911.649999999,0.9741350352704184,1.0245213301981915,0.06099999999999994,0.0
2025-07-22,6.018,6.081,6.084,6.007,2237787.0,13607982.747000001,1.2801330008312544,1.0972568578553776,0.06600000000000072,0.0
2025-07-23,6.084,6.059,6.123,6.047,2803027.0,16983540.593000002,1.2497944417036755,-0.36178260154580144,-0.02200000000000024,0.0
2025-07-24,6.047,6.152,6.157,6.046,2070370.0,12736916.24,1.831985476151176,1.5349067502888225,0.09299999999999997,0.0
2025-07-25,6.156,6.154,6.166,6.128,3175692.0,19543208.568,0.6176853055916817,0.03250975292587999,0.0019999999999997797,0.0
2025-07-28,6.154,6.18,6.192,6.125,2017572.0,12468594.959999999,1.0887227819304546,0.422489437764062,0.0259999999999998,0.0
2025-07-29,6.164,6.22,6.221,6.124,2131929.0,13260598.379999999,1.569579288025897,0.6472491909385036,0.040000000000000036,0.0
2025-07-30,6.197,6.178,6.23,6.129,1889246.0,11671761.788,1.6237942122186635,-0.6752411575562722,-0.041999999999999815,0.0
2025-07-31,6.151,6.086,6.178,6.062,1986009.0,12086850.774,1.8776303010683015,-1.4891550663645114,-0.09199999999999964,0.0
2025-08-01,6.069,6.076,6.117,6.039,1581956.0,9611964.656,1.2816299704239285,-0.16431153466974768,-0.010000000000000675,0.0
2025-08-04,6.048,6.124,6.125,6.041,1043707.0,6391661.668,1.3824884792626668,0.7899934167215239,0.04800000000000004,0.0
2025-08-05,6.127,6.165,6.167,6.127,1206725.0,7439459.625,0.6531678641410849,0.6694970607446171,0.04100000000000037,0.0
2025-08-06,6.135,6.217,6.223,6.135,1719765.0,10691779.004999999,1.4274128142741294,0.8434712084347096,0.0519999999999996,0.0
2025-08-07,6.217,6.197,6.232,6.155,1617284.0,10022308.948,1.2385394884992755,-0.32169856844136424,-0.019999999999999574,0.0
2025-08-08,6.168,6.186,6.211,6.164,1036035.0,6408912.51,0.7584314991124834,-0.17750524447313065,-0.01100000000000012,0.0
2025-08-11,6.192,6.253,6.273,6.192,1672288.0,10456816.864,1.309408341416093,1.0830908503071557,0.06700000000000017,0.0
2025-08-12,6.255,6.286,6.287,6.228,1065318.0,6696588.948,0.9435470973932538,0.5277466815928333,0.032999999999999474,0.0
2025-08-13,6.295,6.371,6.385,6.289,1792705.0,11421323.555000002,1.5272033089405042,1.3522112631244143,0.08500000000000085,0.0
2025-08-14,6.35,6.303,6.386,6.278,2238969.0,14112221.607,1.695181290221324,-1.0673363679171377,-0.0680000000000005,0.0
2025-08-15,6.29,6.447,6.452,6.283,2291167.0,14771153.649,2.681262890686968,2.2846263683960144,0.14400000000000013,0.0
2025-08-18,6.477,6.537,6.59,6.447,4186833.0,27369327.321,2.218085931440977,1.3959981386691522,0.08999999999999986,0.0
2025-08-19,6.537,6.522,6.575,6.5,3147655.0,20529005.91,1.1473152822395623,-0.22946305644790943,-0.01499999999999968,0.0
2025-08-20,6.503,6.613,6.615,6.456,3376600.0,22329455.8,2.4379024839006407,1.395277522232452,0.09100000000000019,0.0
2025-08-21,6.625,6.575,6.645,6.548,2983306.0,19615236.95,1.4668078028126346,-0.5746257371843422,-0.038000000000000256,0.0
2025-08-22,6.574,6.704,6.71,6.574,8437785.0,56566910.64,2.068441064638785,1.9619771863117696,0.12899999999999956,0.0
2025-08-25,6.751,6.826,6.854,6.733,8814868.0,60170288.967999995,1.8048926014319875,1.8198090692124191,0.12199999999999989,0.0
2025-08-26,6.799,6.837,6.891,6.784,4988464.0,34106128.368,1.5675358921769733,0.16114854966304826,0.01100000000000012,0.0
2025-08-27,6.835,6.742,6.949,6.733,4323272.0,29147499.824,3.159280386134272,-1.3894983179757125,-0.09499999999999975,0.0
2025-08-28,6.742,6.893,6.897,6.672,3895262.0,26850040.966,3.3372886383862435,2.2396914862058637,0.1509999999999998,0.0
2025-08-29,6.883,6.93,6.969,6.858,3494619.0,24217709.669999998,1.6103293195996033,0.5367764398665376,0.03699999999999992,0.0
2025-09-01,6.95,6.995,6.999,6.913,1830813.0,12806536.935,1.2409812409812326,0.9379509379509487,0.06500000000000039,0.0
2025-09-02,6.964,6.844,6.979,6.784,2451194.0,16775971.736000001,2.7877055039313836,-2.15868477483917,-0.1509999999999998,0.0
2025-09-03,6.851,6.729,6.873,6.704,2409955.0,16216587.195,2.4693161893629525,-1.680303915838699,-0.11500000000000021,0.0
2025-09-04,6.735,6.568,6.783,6.478,3268974.0,21470621.231999997,4.532620002972219,-2.392628919601736,-0.16100000000000048,0.0
2025-09-05,6.568,6.8,6.812,6.547,3077452.0,20926673.599999998,4.03471376370281,3.5322777101096214,0.2320000000000002,0.0
2025-09-08,6.8,6.862,6.873,6.76,2330317.0,15990635.254,1.6617647058823595,0.9117647058823675,0.06200000000000028,0.0
2025-09-09,6.84,6.795,6.866,6.754,1395901.0,9485147.295,1.6321772078111352,-0.976391722529879,-0.06700000000000017,0.0
2025-09-10,6.783,6.792,6.852,6.74,1215725.0,8257204.2,1.6482707873436364,-0.04415011037527394,-0.0030000000000001137,0.0
2025-09-11,6.789,7.013,7.018,6.746,4717183.0,33081604.379,4.004711425206115,3.2538280329799774,0.22100000000000009,0.0
2025-09-12,7.016,7.031,7.09,6.998,2593774.0,18236824.994,1.3118494225010644,0.2566661913589119,0.017999999999999794,0.0
2025-09-15,7.041,7.015,7.051,6.998,3566121.0,25016338.814999998,0.7538045797183891,-0.22756364670744045,-0.016000000000000014,0.0
2025-09-16,7.017,7.071,7.083,6.954,2361255.0,16696434.104999999,1.838916607270142,0.7982893799002078,0.05600000000000005,0.0
2025-09-17,7.055,7.146,7.152,7.032,1586836.0,11339530.056,1.6970725498515078,1.0606703436571996,0.07500000000000018,0.0
2025-09-18,7.141,7.081,7.237,6.989,3384182.0,23963392.742000002,3.470472991883574,-0.9095997760985131,-0.0649999999999995,0.0
2025-09-19,7.068,7.05,7.115,7.019,2855523.0,20131437.15,1.3557407145883362,-0.4377912724191635,-0.031000000000000583,0.0
2025-09-22,7.048,7.107,7.109,7.015,2356181.0,16745378.367,1.3333333333333377,0.8085106382978768,0.057000000000000384,0.0
2025-09-23,7.107,7.066,7.124,6.929,2629621.0,18580901.986,2.7437737441958547,-0.5768960180104199,-0.04100000000000037,0.0
2025-09-24,7.021,7.221,7.225,7.016,2194535.0,15846737.235,2.957826210019808,2.193603170110392,0.15500000000000025,0.0
2025-09-25,7.219,7.23,7.267,7.204,1640250.0,11859007.5,0.8724553385957708,0.12463647694225255,0.009000000000000341,0.0
2025-09-26,7.19,7.125,7.244,7.122,2210031.0,15746470.875,1.6874135546334699,-1.4522821576763545,-0.10500000000000043,0.0
2025-09-29,7.124,7.251,7.28,7.101,3329400.0,24141479.400000002,2.5122807017543898,1.7684210526315747,0.12600000000000033,0.0
2025-09-30,7.252,7.308,7.322,7.252,2693319.0,19682775.252,0.9653840849538033,0.7860984691766548,0.056999999999999496,0.0
2025-10-09,7.342,7.438,7.467,7.329,2473304.0,18396435.152,1.8883415435139561,1.778872468527637,0.1299999999999999,0.0
2025-10-10,7.4,7.294,7.408,7.268,2915277.0,21264030.437999997,1.882226404947574,-1.9360043022317863,-0.14400000000000013,0.0
2025-10-13,7.079,7.258,7.277,7.079,3865377.0,28054906.266,2.714559912256655,-0.4935563476830218,-0.03599999999999959,0.0
2025-10-14,7.299,7.078,7.342,7.048,4260165.0,30153447.87,4.050702672912642,-2.4800220446403953,-0.17999999999999972,0.0
2025-10-15,7.077,7.182,7.188,7.042,2467557.0,17721994.374,2.062729584628425,1.4693416219270894,0.10400000000000009,0.0
2025-10-16,7.109,7.125,7.188,7.085,2750738.0,19599008.25,1.434140907825115,-0.7936507936508019,-0.057000000000000384,0.0
2025-10-17,7.107,6.903,7.148,6.891,3014754.0,20810846.862,3.607017543859645,-3.115789473684216,-0.22200000000000042,0.0
2025-10-20,6.963,6.949,7.022,6.915,3562494.0,24755770.805999998,1.5500507025930785,0.6663769375633732,0.04600000000000026,0.0
2025-10-21,6.971,7.069,7.084,6.966,4851064.0,34292171.416,1.6980860555475528,1.7268671751331066,0.1200000000000001,0.0
2025-10-22,7.039,7.013,7.05,6.991,2713715.0,19031283.294999998,0.8346300749752464,-0.792191257603625,-0.05600000000000005,0.0
2025-10-23,6.991,7.038,7.043,6.903,2033734.0,14313419.892,1.9962925994581573,0.35648082133181713,0.025000000000000355,0.0
2025-10-24,7.063,7.158,7.161,7.057,2274704.0,16282331.232,1.4776925262858653,1.7050298380221651,0.1200000000000001,0.0
2025-10-27,7.222,7.267,7.28,7.191,2142854.0,15572120.018000001,1.2433640681754736,1.5227717239452376,0.10899999999999999,0.0
2025-10-28,7.257,7.23,7.303,7.199,1704494.0,12323491.620000001,1.4311270125223625,-0.509150956378146,-0.03699999999999992,0.0
2025-10-29,7.241,7.383,7.385,7.239,2061923.0,15223177.509,2.01936376210235,2.1161825726141004,0.15299999999999958,0.0
2025-10-30,7.375,7.286,7.375,7.265,2397754.0,17470035.643999998,1.48990925098199,-1.3138290667750296,-0.09700000000000042,0.0
2025-10-31,7.283,7.225,7.334,7.223,2395264.0,17305782.4,1.5234696678561592,-0.8372220697227539,-0.06099999999999994,0.0
2025-11-03,7.216,7.228,7.237,7.101,2540990.0,18366275.72,1.8823529411764726,0.041522491349477164,0.0030000000000001137,0.0
2025-11-04,7.209,7.102,7.214,7.057,2978830.0,21155650.66,2.1721084670724964,-1.7432208079690037,-0.12599999999999945,0.0
2025-11-05,6.989,7.119,7.148,6.989,1432956.0,10201213.764,2.238805970149251,0.23936919177696137,0.01699999999999946,0.0
2025-11-06,7.124,7.24,7.253,7.124,1739947.0,12597216.280000001,1.812052254530137,1.6996769209158602,0.12100000000000044,0.0
2025-11-07,7.209,7.229,7.265,7.172,1037520.0,7500232.08,1.284530386740331,-0.15193370165745845,-0.01100000000000012,0.0
2025-11-10,7.264,7.237,7.291,7.179,1123352.0,8129698.424,1.5493152579886582,0.11066537557062883,0.008000000000000007,0.0
2025-11-11,7.257,7.183,7.284,7.17,1586675.0,11397086.525,1.5752383584358143,-0.7461655382064447,-0.05400000000000027,0.0
2025-11-12,7.157,7.145,7.206,7.077,1342175.0,9589840.375,1.7959070026451407,-0.5290268689962407,-0.038000000000000256,0.0
2025-11-13,7.126,7.254,7.27,7.126,1886617.0,13685519.717999998,2.015395381385574,1.525542337298802,0.10899999999999999,0.0
2025-11-14,7.192,7.127,7.224,7.124,1555990.0,11089540.73,1.3785497656465473,-1.7507582023711055,-0.12699999999999978,0.0
2025-11-17,7.123,7.125,7.163,7.097,2198044.0,15661063.5,0.9260558439736192,-0.028062298302222732,-0.0019999999999997797,0.0
2025-11-18,7.099,7.051,7.124,7.006,2654207.0,18714813.557,1.656140350877185,-1.038596491228072,-0.07399999999999984,0.0
2025-11-19,7.041,7.016,7.082,6.982,2467924.0,17314954.784,1.418238547723722,-0.49638349170331164,-0.03500000000000014,0.0
2025-11-20,7.059,6.959,7.082,6.952,3032408.0,21102527.272,1.8529076396807282,-0.8124287343215575,-0.057000000000000384,0.0
2025-11-21,6.887,6.711,6.92,6.707,7553568.0,50691994.848000005,3.060784595487859,-3.563730421037492,-0.24799999999999933,0.0
2025-11-24,6.749,6.759,6.795,6.692,4147657.0,28034013.663000003,1.5347936224109633,0.7152436298614173,0.04800000000000004,0.0
2025-11-25,6.805,6.843,6.915,6.803,6043585.0,41356252.155,1.6570498594466652,1.2427873945849877,0.08399999999999963,0.0
2025-11-26,6.844,6.854,6.913,6.827,4139294.0,28370721.076,1.256758731550494,0.16074820984948168,0.01100000000000012,0.0
2025-11-27,6.854,6.839,6.943,6.829,1885426.0,12894428.414,1.6632623285672583,-0.2188503063904279,-0.01499999999999968,0.0
2025-11-28,6.837,6.924,6.933,6.831,1773332.0,12278550.768000001,1.4914461178534788,1.2428717648778953,0.08499999999999996,0.0
2025-12-01,6.941,6.991,6.992,6.927,1320063.0,9228560.433,0.9387637203928422,0.9676487579433735,0.06699999999999928,0.0
2025-12-02,6.943,6.93,6.977,6.912,1503697.0,10420620.209999999,0.9297668430839708,-0.8725504219711078,-0.06099999999999994,0.0
2025-12-03,6.934,6.892,6.959,6.867,1213240.0,8361650.08,1.3275613275613223,-0.5483405483405424,-0.03799999999999937,0.0
2025-12-04,6.889,6.914,6.939,6.849,1223711.0,8460737.854,1.305861868833428,0.31921067904816525,0.021999999999999353,0.0
2025-12-05,6.911,7.005,7.008,6.856,3085261.0,21612253.305,2.198437951981489,1.3161700896731299,0.09100000000000019,0.0
2025-12-08,7.027,7.067,7.094,7.018,2828081.0,19986048.427,1.0849393290506852,0.8850820842255525,0.06200000000000028,0.0
2025-12-09,7.045,7.013,7.079,7.0,1924356.0,13495508.628,1.117871798500067,-0.7641149002405534,-0.05400000000000027,0.0
2025-12-10,7.014,7.052,7.069,6.961,2595578.0,18304016.055999998,1.5399971481534243,0.5561100812776276,0.0389999999999997,0.0
2025-12-11,7.064,6.99,7.073,6.985,1861384.0,13011074.16,1.2478729438457186,-0.8791832104367514,-0.06199999999999939,0.0
2025-12-12,7.006,7.074,7.093,6.973,3755285.0,26564886.09,1.716738197424894,1.2017167381974225,0.08399999999999963,0.0
2025-12-15,7.039,7.025,7.088,7.018,1747858.0,12278702.450000001,0.9895391574780927,-0.6926774102346545,-0.04899999999999949,0.0
2025-12-16,7.009,6.915,7.009,6.865,2629014.0,18179631.81,2.049822064056941,-1.5658362989323882,-0.11000000000000032,0.0
2025-12-17,6.909,7.048,7.076,6.889,2996344.0,21118232.512000002,2.704266088214019,1.923355025307294,0.133,0.0
2025-12-18,7.014,7.01,7.084,7.008,2514901.0,17629456.009999998,1.078320090805897,-0.5391600454029533,-0.038000000000000256,0.0
2025-12-19,7.027,7.075,7.107,7.02,2509672.0,17755929.400000002,1.241084165477898,0.9272467902995851,0.06500000000000039,0.0
2025-12-22,7.109,7.157,7.186,7.109,2817475.0,20164668.575,1.0883392226148405,1.1590106007067114,0.08199999999999985,0.0
2025-12-23,7.153,7.163,7.206,7.138,1850595.0,13255811.985000001,0.9501187648456126,0.08383400866285307,0.006000000000000227,0.0
2025-12-24,7.162,7.259,7.281,7.152,3503673.0,25433162.307,1.800921401647348,1.3402205779701193,0.09600000000000009,0.0
2025-12-25,7.258,7.323,7.344,7.241,2869616.0,21014197.968000002,1.4189282270285253,0.881664141066274,0.06400000000000006,0.0
2025-12-26,7.333,7.369,7.405,7.316,5147301.0,37930461.069,1.2153489007237526,0.6281578588010372,0.045999999999999375,0.0
2025-12-29,7.368,7.337,7.399,7.32,3378040.0,24784679.48,1.0720586239652563,-0.4342515945175762,-0.03200000000000003,0.0
2025-12-30,7.301,7.37,7.414,7.301,2414779.0,17796921.23,1.5401390213983857,0.4497751124437732,0.03300000000000036,0.0
2025-12-31,7.386,7.377,7.4,7.34,4463534.0,32927490.318,0.8141112618724626,0.09497964721845165,0.006999999999999673,0.0
2026-01-05,7.431,7.581,7.583,7.429,2763714.0,20951715.834000003,2.0875694726853724,2.7653517690118035,0.20400000000000063,0.0
2026-01-06,7.586,7.75,7.754,7.586,3560767.0,27595944.25,2.21606648199445,2.229257353911085,0.1689999999999996,0.0
2026-01-07,7.758,7.788,7.829,7.743,4315868.0,33611979.984000005,1.109677419354831,0.4903225806451639,0.038000000000000256,0.0
2026-01-08,7.763,7.813,7.867,7.761,3822311.0,29863715.843,1.361068310220851,0.3210066769388842,0.024999999999999467,0.0
2026-01-09,7.813,8.005,8.012,7.812,5252035.0,42042540.175000004,2.5598361704850916,2.4574427236657037,0.19200000000000106,0.0
2026-01-12,8.059,8.205,8.237,8.024,5715199.0,46893207.795,2.6608369768894558,2.4984384759525247,0.1999999999999993,0.0
2026-01-13,8.226,8.095,8.229,8.048,5240340.0,42420552.300000004,2.205971968311995,-1.3406459475929222,-0.10999999999999943,0.0
2026-01-14,8.097,8.154,8.325,8.039,13490762.0,110003673.348,3.5330450895614525,0.728844966028408,0.058999999999999275,0.0
2026-01-15,8.089,8.128,8.179,8.054,31673005.0,257438184.64000002,1.5329899435859702,-0.31886190826587724,-0.0259999999999998,0.0
2026-01-16,8.169,8.146,8.204,8.091,20507550.0,167054502.3,1.3902559055118273,0.2214566929134021,0.018000000000000682,0.0
2026-01-19,8.121,8.199,8.248,8.101,15215857.0,124754811.543,1.804566658482672,0.6506260741468095,0.05299999999999905,0.0
2026-01-20,8.207,8.175,8.265,8.052,16142559.0,131965419.82500002,2.5978777899743988,-0.2927186242224544,-0.023999999999999133,0.0
2026-01-21,8.133,8.283,8.286,8.131,10340941.0,85654014.30299999,1.8960244648317963,1.3211009174311839,0.10799999999999876,0.0
2026-01-22,8.311,8.32,8.347,8.255,4808569.0,40007294.08,1.110708680429781,0.44669805625980885,0.03700000000000081,0.0
2026-01-23,8.356,8.57,8.576,8.344,6693456.0,57362917.92,2.7884615384615516,3.004807692307687,0.25,0.0
2026-01-26,8.614,8.415,8.638,8.368,16667265.0,140255034.975,3.150525087514581,-1.8086347724620921,-0.15500000000000114,0.0
2026-01-27,8.393,8.47,8.521,8.288,14746513.0,124902965.11000001,2.768865121806305,0.65359477124185,0.05500000000000149,0.0
2026-01-28,8.496,8.542,8.571,8.446,25174466.0,215040288.572,1.4757969303423848,0.8500590318772039,0.07199999999999918,0.0
2026-01-29,8.512,8.442,8.605,8.425,13734677.0,115948143.234,2.1072348396160114,-1.1706860220088933,-0.09999999999999964,0.0
2026-01-30,8.369,8.291,8.445,8.083,12838777.0,106446300.10700001,4.288083392561005,-1.7886756692726768,-0.1509999999999998,0.0
2026-02-02,8.181,7.9,8.251,7.896,19473869.0,153843565.1,4.281751296586654,-4.71595706187432,-0.391,0.0
2026-02-03,8.037,8.217,8.226,7.983,9366022.0,76960602.774,3.0759493670886227,4.012658227848109,0.31700000000000017,0.0
2026-02-04,8.211,8.239,8.246,8.1,12287970.0,101240584.83000001,1.7768041864427504,0.2677376171352108,0.02200000000000024,0.0
2026-02-05,8.151,8.068,8.164,7.998,9552432.0,77069021.376,2.0148076222842515,-2.0754945988590956,-0.17100000000000115,0.0
2026-02-06,7.956,8.064,8.181,7.926,9399366.0,75796487.424,3.1606346058502606,-0.04957858205254517,-0.0039999999999995595,0.0
2026-02-09,8.201,8.246,8.248,8.157,5942628.0,49002910.488000005,1.1284722222222134,2.256944444444442,0.18200000000000038,0.0
2026-02-10,8.246,8.228,8.255,8.18,3443425.0,28332500.9,0.9095318942517713,-0.21828765462043043,-0.018000000000000682,0.0
2026-02-11,8.206,8.262,8.308,8.206,2952357.0,24392373.534,1.2396694214876072,0.4132231404958775,0.034000000000000696,0.0
2026-02-12,8.261,8.365,8.378,8.261,3976171.0,33260670.415,1.416122004357309,1.2466715081094204,0.10299999999999976,0.0
2026-02-13,8.325,8.224,8.347,8.212,10173966.0,83670696.384,1.6138673042438707,-1.68559473998805,-0.14100000000000001,0.0
2026-02-24,8.322,8.32,8.385,8.254,4388049.0,36508567.68,1.5928988326848277,1.1673151750972721,0.09600000000000009,0.0
2026-02-25,8.331,8.453,8.484,8.33,7358841.0,62204282.973,1.8509615384615374,1.5985576923076783,0.13299999999999912,0.0
2026-02-26,8.474,8.481,8.507,8.412,8055576.0,68319340.056,1.1238613509996318,0.3312433455577857,0.02800000000000047,0.0
2026-02-27,8.431,8.588,8.59,8.431,4820349.0,41397157.212,1.8747789175804823,1.2616436740950254,0.10699999999999932,0.0
2026-03-02,8.533,8.584,8.624,8.471,7723957.0,66302446.888,1.781555659059158,-0.04657661853748607,-0.0039999999999995595,0.0
2026-03-03,8.591,8.226,8.591,8.186,6797897.0,55919500.722,4.718080149114624,-4.1705498602050195,-0.35799999999999876,0.0
2026-03-04,8.092,8.168,8.317,8.088,5269815.0,43043848.919999994,2.7838560661317886,-0.7050814490639601,-0.058000000000001606,0.0
2026-03-05,8.284,8.222,8.31,8.162,5521642.0,45398940.524,1.8119490695396634,0.661116552399621,0.05400000000000027,0.0
2026-03-06,8.161,8.272,8.32,8.161,3177456.0,26283916.032,1.9338360496229712,0.6081245439065963,0.05000000000000071,0.0
2026-03-09,8.149,8.207,8.231,7.975,4694397.0,38526916.179000005,3.094777562862672,-0.7857833655705915,-0.0649999999999995,0.0
2026-03-10,8.291,8.332,8.343,8.242,4355739.0,36292017.348000005,1.2306567564274289,1.523090045083464,0.125,0.0
2026-03-11,8.34,8.319,8.37,8.292,3852283.0,32047142.277000003,0.9361497839654274,-0.15602496399423904,-0.0129999999999999,0.0
2026-03-12,8.303,8.277,8.346,8.205,3256224.0,26951766.047999997,1.694915254237288,-0.5048683736026183,-0.04200000000000159,0.0
2026-03-13,8.213,8.162,8.298,8.141,1982291.0,16179459.142,1.8968225202368012,-1.3893922918931767,-0.11499999999999844,0.0
2026-03-16,8.149,8.11,8.159,7.975,3928895.0,31863338.45,2.2543494241607576,-0.6370987503063197,-0.05200000000000138,0.0
2026-03-17,8.116,7.929,8.141,7.925,3492036.0,27688353.444000002,2.663378545006168,-2.2318125770653396,-0.18099999999999916,0.0
2026-03-18,7.961,8.007,8.019,7.874,4921480.0,39406290.36,1.8287299785597233,0.9837306091562636,0.0779999999999994,0.0
2026-03-19,7.891,7.796,7.924,7.757,3918003.0,30544751.388,2.0856750343449573,-2.635194205070557,-0.2109999999999994,0.0
2026-03-20,7.811,7.663,7.863,7.66,7316340.0,56065113.42,2.6038994356080076,-1.7060030785017943,-0.133,0.0
2026-03-23,7.552,7.363,7.628,7.311,6748011.0,49685604.993,4.13676105963722,-3.914915829309662,-0.2999999999999998,0.0
2026-03-24,7.44,7.503,7.508,7.288,5910871.0,44349265.113,2.9879125356512257,1.901398886323502,0.13999999999999968,0.0
2026-03-25,7.551,7.677,7.73,7.549,5865893.0,45032460.561,2.4123683859789424,2.319072371051578,0.1739999999999995,0.0
2026-03-26,7.643,7.551,7.686,7.532,3201844.0,24177124.044,2.005991923928617,-1.6412661195779554,-0.12599999999999945,0.0
2026-03-27,7.431,7.654,7.703,7.431,3963090.0,30333490.86,3.602171897761889,1.3640577406965892,0.10299999999999976,0.0
2026-03-30,7.557,7.669,7.687,7.516,4782422.0,36676394.317999996,2.234125947217145,0.195975960282202,0.01499999999999968,0.0
2026-03-31,7.656,7.534,7.711,7.531,3683999.0,27755248.466,2.3471117485982607,-1.7603338114486888,-0.1349999999999998,0.0
2026-04-01,7.666,7.66,7.701,7.606,3566686.0,27320814.76,1.2609503583753618,1.6724183700557615,0.12600000000000033,0.0
2026-04-02,7.622,7.523,7.66,7.47,4864342.0,36594444.866,2.4804177545691957,-1.7885117493472658,-0.13700000000000045,0.0
2026-04-03,7.548,7.454,7.558,7.432,2407769.0,17947510.126,1.6748637511630926,-0.9171872923036006,-0.06899999999999995,0.0
2026-04-07,7.468,7.48,7.552,7.451,3281318.0,24544258.64,1.3549771934531794,0.3488060101958679,0.02600000000000069,0.0
2026-04-08,7.671,7.877,7.88,7.666,11550045.0,90979704.465,2.8609625668449135,5.307486631016034,0.39699999999999935,0.0
2026-04-09,7.812,7.815,7.86,7.759,6428258.0,50236836.27,1.2822140408785068,-0.7871016884600679,-0.06199999999999939,0.0
2026-04-10,7.866,7.886,8.0,7.866,3800349.0,29969552.214,1.7146513115802988,0.9085092770313441,0.07099999999999973,0.0
2026-04-13,7.836,7.879,7.91,7.829,4777283.0,37640212.757,1.0271366979457317,-0.08876489982247993,-0.007000000000000561,0.0
2026-04-14,7.961,8.01,8.013,7.918,4368138.0,34988785.38,1.205736768625457,1.6626475441045896,0.13100000000000023,0.0
2026-04-15,8.071,7.962,8.086,7.946,4083180.0,32510279.16,1.7478152309613053,-0.5992509363295873,-0.04800000000000004,0.0
2026-04-16,7.981,8.104,8.122,7.976,4879686.0,39544975.344,1.833710123084651,1.7834714895754722,0.14199999999999946,0.0
2026-04-17,8.083,8.141,8.163,8.061,4629737.0,37690688.917,1.2586377097729557,0.4565646594274497,0.03700000000000081,0.0
2026-04-20,8.132,8.206,8.245,8.129,9125416.0,74883163.696,1.424886377594886,0.7984277115833383,0.0649999999999995,0.0
2026-04-21,8.202,8.182,8.202,8.107,4613444.0,37747198.808,1.1576894954911119,-0.2924689251766921,-0.023999999999999133,0.0
2026-04-22,8.134,8.306,8.308,8.134,6383224.0,53019058.54399999,2.1266194084575836,1.5155218772916035,0.12399999999999878,0.0
2026-04-23,8.311,8.226,8.325,8.147,6939803.0,57086819.47800001,2.1430291355646407,-0.9631591620515079,-0.0799999999999983,0.0
2026-04-24,8.172,8.174,8.231,8.093,4371594.0,35733409.356,1.6776075857038644,-0.6321419888159707,-0.05200000000000138,0.0
2026-04-27,8.171,8.219,8.249,8.143,6275188.0,51575770.172,1.2967947149498396,0.5505260582334248,0.04499999999999993,0.0
2026-04-28,8.197,8.124,8.207,8.098,6369387.0,51744899.988000005,1.326195400900353,-1.1558583769314845,-0.09499999999999886,0.0
2026-04-29,8.091,8.273,8.287,8.085,8789675.0,72716981.27499999,2.4864598719842435,1.8340718857705385,0.14899999999999913,0.0
2026-04-30,8.261,8.281,8.301,8.221,7793619.0,64538958.939,0.9670010878762246,0.09670010878763957,0.008000000000000895,0.0
2026-05-06,8.37,8.509,8.553,8.369,10254482.0,87255387.338,2.2219538703055313,2.7532906653785716,0.22799999999999976,0.0
2026-05-07,8.553,8.622,8.629,8.52,12291601.0,105978183.822,1.2809965918439299,1.3280056410859054,0.11299999999999955,0.0
2026-05-08,8.566,8.62,8.639,8.542,11110986.0,95776699.32,1.1250289955926644,-0.02319647413593362,-0.002000000000000668,0.0
2026-05-11,8.689,8.763,8.796,8.639,6608744.0,57912423.672,1.821345707656613,1.6589327146171673,0.14300000000000068,0.0
2026-05-12,8.771,8.713,8.778,8.672,5103981.0,44470986.452999994,1.2096314047700545,-0.5705808513066346,-0.05000000000000071,0.0
2026-05-13,8.651,8.86,8.872,8.651,5154451.0,45668435.86,2.5364398025938266,1.6871341673361684,0.14700000000000024,0.0
2026-05-14,8.9,8.623,8.9,8.611,8902588.0,76767016.324,3.2618510158013514,-2.6749435665914256,-0.2370000000000001,0.0
2026-05-15,8.611,8.463,8.66,8.404,13136592.0,111174978.09599999,2.9688043604314074,-1.855502725269631,-0.16000000000000014,0.0
2026-05-18,8.41,8.482,8.547,8.402,4808791.0,40788165.261999995,1.7133404230178586,0.22450667611957353,0.019000000000000128,0.0
2026-05-19,8.464,8.554,8.56,8.332,7097897.0,60715410.938,2.688045272341426,0.8488564017920419,0.07200000000000095,0.0
2026-05-20,8.503,8.599,8.611,8.477,5067923.0,43579069.877000004,1.5665185877951875,0.5260696750058358,0.04499999999999993,0.0
2026-05-21,8.651,8.354,8.738,8.335,5345049.0,44652539.34599999,4.68659146412372,-2.849168507966049,-0.245000000000001,0.0
2026-05-22,8.404,8.509,8.535,8.361,7929375.0,67471051.875,2.082834570265735,1.8553986114436372,0.15500000000000114,0.0
2026-05-25,8.559,8.637,8.641,8.47,6085135.0,52557310.995000005,2.009636855094598,1.5042895757433339,0.1280000000000001,0.0
2026-05-26,8.594,8.603,8.62,8.468,2414019.0,20767805.457,1.7598703253444394,-0.3936552043533714,-0.034000000000000696,0.0
2026-05-27,8.591,8.465,8.672,8.431,3302420.0,27954985.3,2.8013483668487904,-1.604091595954893,-0.1379999999999999,0.0
2026-05-28,8.426,8.5,8.545,8.357,3322216.0,28238836.0,2.220909627879511,0.41346721795629815,0.03500000000000014,0.0
2026-05-29,8.511,8.294,8.532,8.238,3279447.0,27199733.418,3.4588235294117706,-2.423529411764702,-0.20599999999999952,0.0
2026-06-01,8.285,8.221,8.383,8.205,4083694.0,33572048.374,2.1461297323366173,-0.8801543284301938,-0.0730000000000004,0.0
2026-06-02,8.219,8.257,8.331,8.089,4588094.0,37883892.158,2.9436808174187945,0.43790293151684256,0.03599999999999959,0.0
2026-06-03,8.251,8.306,8.416,8.231,3267377.0,27138833.361999996,2.240523192442782,0.5934358725929512,0.04899999999999949,0.0
2026-06-04,8.222,8.299,8.34,8.222,2959299.0,24559222.400999997,1.4206597640260095,-0.08427642667950819,-0.006999999999999673,0.0
2026-06-05,8.266,8.19,8.351,8.165,4320457.0,35384542.83,2.241233883600455,-1.313411254367991,-0.10899999999999999,0.0
2026-06-08,8.011,7.919,8.084,7.834,4687884.0,37123353.396,3.0525030525030528,-3.3089133089133083,-0.2709999999999999,0.0
2026-06-09,7.971,8.121,8.136,7.909,3622747.0,29420328.387000002,2.866523550953396,2.5508271246369674,0.20200000000000085,0.0
2026-06-10,8.035,8.022,8.091,7.929,2792841.0,22404170.502,1.9948282231252188,-1.2190616919098618,-0.0990000000000002,0.0
2026-06-11,7.984,7.984,8.043,7.919,1815580.0,14495590.72,1.5457491897282432,-0.473697332336076,-0.038000000000000256,0.0
2026-06-12,8.148,8.093,8.221,8.062,3133578.0,25360046.754,1.9914829659318722,1.3652304609218513,0.10899999999999999,0.0
2026-06-15,8.173,8.395,8.401,8.163,7767758.0,65210328.41,2.940813048313352,3.731619918448037,0.3019999999999996,0.0
2026-06-16,8.401,8.483,8.519,8.376,3195350.0,27106154.05,1.7033948779035222,1.048243001786786,0.08800000000000097,0.0
2026-06-17,8.453,8.614,8.617,8.431,1986424.0,17111056.336000003,2.192620535188043,1.5442650005894176,0.13100000000000023,0.0
2026-06-18,8.577,8.679,8.714,8.573,2529609.0,21954476.511,1.6368702112839564,0.754585558393317,0.0649999999999995,0.0
2026-06-22,8.691,8.858,8.861,8.599,3701087.0,32784228.646,3.0187809655490314,2.0624495909667084,0.17900000000000027,0.0
2026-06-23,8.831,8.666,8.879,8.609,4233461.0,36687173.026,3.048092120117403,-2.1675321743057196,-0.19200000000000017,0.0
2026-06-24,8.627,8.836,8.846,8.607,2827084.0,24980114.224,2.7579044541887923,1.9616893607200536,0.16999999999999993,0.0
2026-06-25,8.835,8.936,8.938,8.791,2062756.0,18432787.616,1.6636487098234523,1.131733816206415,0.09999999999999964,0.0
2026-06-26,8.857,8.712,8.917,8.646,3351957.0,29202249.384,3.0326768128916632,-2.50671441360788,-0.2240000000000002,0.0
2026-06-29,8.691,8.825,8.83,8.585,2845305.0,25109816.624999996,2.812213039485758,1.297061524334242,0.11299999999999955,0.0
2026-06-30,8.795,9.045,9.054,8.76,2030249.0,18363602.205,3.3314447592068044,2.4929178470255,0.22000000000000064,0.0
2026-07-01,9.052,9.031,9.156,8.951,2520695.0,22764396.545,2.2664455500276404,-0.15478164731895783,-0.013999999999999346,0.0
2026-07-02,8.942,8.7,8.942,8.664,4142917.0,36043377.9,3.0782859041080775,-3.665153360646678,-0.3310000000000013,0.0
2026-07-03,8.649,8.752,8.865,8.641,2801352.0,24517432.704000004,2.5747126436781635,0.5977011494253004,0.05200000000000138,0.0
2026-07-06,8.781,8.661,8.817,8.578,3599631.0,31176404.091,2.7308043875685644,-1.0397623400365763,-0.09100000000000108,0.0
2026-07-07,8.611,8.508,8.668,8.464,2773149.0,23593951.691999998,2.355386214063028,-1.7665396605472838,-0.15300000000000047,0.0
2026-07-08,8.512,8.402,8.564,8.353,5473194.0,45985775.988,2.480018805829811,-1.2458862247296643,-0.10599999999999987,0.0
2026-07-09,8.413,8.655,8.666,8.295,5942522.0,51432527.91,4.415615329683415,3.0111878124256197,0.2530000000000001,0.0
2026-07-10,8.657,8.549,8.784,8.512,4352062.0,37205778.037999995,3.142692085499714,-1.224725592143272,-0.10599999999999987,0.0
2026-07-13,8.461,8.143,8.487,8.117,8964812.0,73000464.11600001,4.327991577962326,-4.749093461223519,-0.4059999999999988,0.0
2026-07-14,8.144,8.264,8.27,7.967,8555023.0,70698710.072,3.7209873510991023,1.4859388431781806,0.12099999999999866,0.0
2026-07-15,8.269,8.151,8.322,8.113,3451326.0,28131758.226,2.5290416263310704,-1.367376573088086,-0.11299999999999955,0.0
2026-07-16,8.061,7.956,8.158,7.911,5747724.0,45728892.144,3.030303030303029,-2.392344497607646,-0.1949999999999994,0.0
2026-07-17,7.915,7.505,7.928,7.485,7498029.0,56272707.644999996,5.568124685771739,-5.668677727501259,-0.4510000000000005,0.0
2026-07-20,7.614,7.426,7.64,7.226,11709492.0,86954687.59200001,5.516322451698864,-1.0526315789473606,-0.07899999999999974,0.0
2026-07-21,7.423,7.792,7.805,7.277,11867794.0,92473850.848,7.110153514678153,4.928629140856455,0.36599999999999966,0.0
2026-07-22,7.714,7.74,7.887,7.711,7464387.0,57774355.38,2.258726899383974,-0.6673511293634471,-0.0519999999999996,0.0
2026-07-23,7.741,7.737,7.803,7.661,2501477.0,19353927.549,1.8346253229974205,-0.03875968992248513,-0.0030000000000001137,0.0
2026-07-24,7.651,7.545,7.712,7.541,3406830.0,25704532.35,2.2101589763474134,-2.4815820085304363,-0.19200000000000017,0.0
2026-07-27,7.544,7.726,7.739,7.484,5908661.0,45650314.886,3.379721669980118,2.398939695162361,0.18100000000000005,0.0
2026-07-28,7.608,7.463,7.647,7.429,7990759.0,59635034.417,2.8216412114936573,-3.404090085425837,-0.2629999999999999,0.0
2026-07-29,7.46,7.54,7.593,7.342,7014733.0,52891086.82,3.363258743132793,1.0317566662200184,0.07699999999999996,0.0
2026-07-30,7.49,7.336,7.557,7.22,9016071.0,66141896.856000006,4.469496021220167,-2.705570291777182,-0.20399999999999974,0.0
2026-07-31,7.6,7.5,7.679,7.491,9936368.0,74522760.0,2.562704471101426,2.235550708833145,0.1639999999999997,0.0
2026-08-03,7.461,7.42,7.52,7.417,2995150.0,22224013.0,1.37333333333333,-1.0666666666666713,-0.08000000000000007,0.0
2026-08-04,7.47,7.601,7.665,7.464,6648014.0,50531554.414,2.7088948787061944,2.439353099730468,0.18100000000000005,0.0
